run_id,evaluation_id,patient_id,policy_id,pipeline,criterion_id,criterion_type,difficulty,challenge_tags,ground_truth,prediction,correct,engine,confidence,jev_prediction,jev_confidence,retrieved_evidence_ids,cited_evidence_ids,supporting_evidence_found,contradicting_evidence_found,latency_ms,input_tokens,output_tokens,cost_usd,escalated_to_gpt,escalation_effect,failure_category,secondary_flags,truth_rationale,model_rationale
main_gpt,GLP1-001__AETNA_WEGOVY_4774C_2026_08_20,GLP1-001,AETNA_WEGOVY_4774C_2026_08_20,gpt,age,deterministic,easy_positive,basic_positive,PASS,PASS,True,gpt,1.0,,,,Patient/GLP1-001,,,9155.9,928.2,143.6,0.003292,False,,,,Age 35 on 2026-09-01 (min 18).,"Born October 3, 1990, the patient was 35 on the September 1, 2026 request date."
main_gpt,GLP1-001__AETNA_WEGOVY_4774C_2026_08_20,GLP1-001,AETNA_WEGOVY_4774C_2026_08_20,gpt,indication,deterministic,easy_positive,basic_positive,PASS,PASS,True,gpt,1.0,,,,MedicationRequest/GLP1-001-WEGOVY-REQ;DocumentReference/GLP1-001-PCP-003,,,9155.9,928.2,143.6,0.003292,False,,,,Initial Wegovy request for chronic weight management.,"The request is for chronic weight management, and the prescribing note plans Wegovy for obesity."
main_gpt,GLP1-001__AETNA_WEGOVY_4774C_2026_08_20,GLP1-001,AETNA_WEGOVY_4774C_2026_08_20,gpt,adjunct_diet_and_activity,semantic,easy_positive,basic_positive,PASS,PASS,True,gpt,0.99,,,DocumentReference/GLP1-001-NUTR-001;DocumentReference/GLP1-001-NUTR-002;DocumentReference/GLP1-001-OPH-001;DocumentReference/GLP1-001-PCP-001;DocumentReference/GLP1-001-PCP-002;DocumentReference/GLP1-001-PCP-003,DocumentReference/GLP1-001-PCP-003;DocumentReference/GLP1-001-NUTR-002;DocumentReference/GLP1-001-NUTR-001,True,,9155.9,928.2,143.6,0.003292,False,,,,Final note documents continued diet AND exercise.,The August note documents continued diet and bike workouts and directs the patient to continue both alongside Wegovy. Dietitian notes identify the diet as reduced-calorie and document ongoing biking.
main_gpt,GLP1-001__AETNA_WEGOVY_4774C_2026_08_20,GLP1-001,AETNA_WEGOVY_4774C_2026_08_20,gpt,program_6_months,semantic_temporal,easy_positive,basic_positive,PASS,PASS,True,gpt,0.99,,,DocumentReference/GLP1-001-NUTR-001;DocumentReference/GLP1-001-OPH-001;DocumentReference/GLP1-001-PCP-001;DocumentReference/GLP1-001-PCP-002;DocumentReference/GLP1-001-PCP-003,DocumentReference/GLP1-001-PCP-001;DocumentReference/GLP1-001-NUTR-001;DocumentReference/GLP1-001-PCP-002;DocumentReference/GLP1-001-NUTR-002;DocumentReference/GLP1-001-PCP-003,True,,9155.9,928.2,143.6,0.003292,False,,,,"Continuous program with diet, activity and follow-up; duration computed from dated events. 2025-12-12 -> 2026-08-12 = 8 whole months (min 6).","Enrollment in a lifestyle modification program was documented December 12, 2025; subsequent notes document diet, activity, and continuing follow-up through August 12, 2026—eight whole calendar months, with no documented stop."
main_gpt,GLP1-001__AETNA_WEGOVY_4774C_2026_08_20,GLP1-001,AETNA_WEGOVY_4774C_2026_08_20,gpt,bmi_threshold,deterministic,easy_positive,basic_positive,PASS,PASS,True,gpt,1.0,,,,Observation/GLP1-001-BMI-2026-08-12,,,9155.9,928.2,143.6,0.003292,False,,,,Latest structured BMI 36.4 (2026-08-12).,"The latest structured BMI before the request was 36.4 kg/m², exceeding the primary threshold of 30."
main_gpt,GLP1-001__BCBS_FEP_WEGOVY_2026_07_01,GLP1-001,BCBS_FEP_WEGOVY_2026_07_01,gpt,age,deterministic,easy_positive,basic_positive,PASS,PASS,True,gpt,1.0,,,,Patient/GLP1-001,,,11235.4,855.833333,118.166667,0.002893,False,,,,Age 35 on 2026-09-01 (min 18).,"Born 1990-10-03, the patient is 35 on the 2026-09-01 request date."
main_gpt,GLP1-001__BCBS_FEP_WEGOVY_2026_07_01,GLP1-001,BCBS_FEP_WEGOVY_2026_07_01,gpt,indication,deterministic,easy_positive,basic_positive,PASS,PASS,True,gpt,1.0,,,,MedicationRequest/GLP1-001-WEGOVY-REQ;DocumentReference/GLP1-001-PCP-003,,,11235.4,855.833333,118.166667,0.002893,False,,,,Initial Wegovy request for chronic weight management.,"The request is for Wegovy for chronic weight management, consistent with the clinician’s obesity treatment plan."
main_gpt,GLP1-001__BCBS_FEP_WEGOVY_2026_07_01,GLP1-001,BCBS_FEP_WEGOVY_2026_07_01,gpt,bmi_threshold,deterministic,easy_positive,basic_positive,PASS,PASS,True,gpt,1.0,,,,Observation/GLP1-001-BMI-2026-08-12,,,11235.4,855.833333,118.166667,0.002893,False,,,,Latest structured BMI 36.4 (2026-08-12).,"The latest structured BMI before the request is 36.4 kg/m², exceeding the 30 kg/m² threshold without needing a comorbidity."
main_gpt,GLP1-001__BCBS_FEP_WEGOVY_2026_07_01,GLP1-001,BCBS_FEP_WEGOVY_2026_07_01,gpt,weight_management_program,semantic,easy_positive,basic_positive,PASS,PASS,True,gpt,0.99,,,DocumentReference/GLP1-001-NUTR-001;DocumentReference/GLP1-001-NUTR-002;DocumentReference/GLP1-001-PCP-001;DocumentReference/GLP1-001-PCP-002,DocumentReference/GLP1-001-PCP-001;DocumentReference/GLP1-001-NUTR-001;DocumentReference/GLP1-001-PCP-002;DocumentReference/GLP1-001-NUTR-002;DocumentReference/GLP1-001-PCP-003,True,,11235.4,855.833333,118.166667,0.002893,False,,,,Enrolled in a comprehensive program with dietitian visits and follow-ups.,"Enrollment and ongoing participation in a lifestyle modification program are documented, with dietitian follow-ups, reduced-calorie eating, food logging, and physical activity."
main_gpt,GLP1-001__BCBS_FEP_WEGOVY_2026_07_01,GLP1-001,BCBS_FEP_WEGOVY_2026_07_01,gpt,no_concurrent_glp1,medication_reconciliation,easy_positive,basic_positive,PASS,PASS,True,gpt,0.97,,,DocumentReference/GLP1-001-PCP-003;DocumentReference/GLP1-001-PHARM-001;DocumentReference/GLP1-001-UC-001,MedicationRequest/GLP1-001-OMEPRAZOLE;MedicationRequest/GLP1-001-AMLODIPINE;MedicationRequest/GLP1-001-WEGOVY-REQ;DocumentReference/GLP1-001-PCP-003,,,11235.4,855.833333,118.166667,0.002893,False,,,,No GLP-1 or anti-obesity medication in structured data or notes.,"No other GLP-1 therapy is documented among active medications or in the latest treatment note. The draft Wegovy order is the request under review, not concurrent therapy."
main_gpt,GLP1-001__BCBS_FEP_WEGOVY_2026_07_01,GLP1-001,BCBS_FEP_WEGOVY_2026_07_01,gpt,no_concurrent_pa_weight_loss_med,medication_reconciliation,easy_positive,basic_positive,PASS,PASS,True,gpt,0.97,,,DocumentReference/GLP1-001-PCP-003;DocumentReference/GLP1-001-PHARM-001;DocumentReference/GLP1-001-UC-001,MedicationRequest/GLP1-001-OMEPRAZOLE;MedicationRequest/GLP1-001-AMLODIPINE;MedicationRequest/GLP1-001-WEGOVY-REQ;DocumentReference/GLP1-001-PCP-003,,,11235.4,855.833333,118.166667,0.002893,False,,,,No PA weight-loss medication in structured data or notes.,No other Appendix 2 weight-loss medication is documented among active medications or in the latest treatment note. The draft Wegovy order is excluded from the concurrent-therapy check.
main_gpt,GLP1-001__UHC_WEGOVY_P1114_22_2026_09_01,GLP1-001,UHC_WEGOVY_P1114_22_2026_09_01,gpt,age,deterministic,easy_positive,basic_positive,PASS,PASS,True,gpt,1.0,,,,Patient/GLP1-001,,,5935.1,1034.25,97.25,0.003041,False,,,,Age 35 on 2026-09-01 (min 12).,"Born October 3, 1990, the patient was 35 on the September 1, 2026 request date, exceeding the minimum age of 12."
main_gpt,GLP1-001__UHC_WEGOVY_P1114_22_2026_09_01,GLP1-001,UHC_WEGOVY_P1114_22_2026_09_01,gpt,indication,deterministic,easy_positive,basic_positive,PASS,PASS,True,gpt,1.0,,,,MedicationRequest/GLP1-001-WEGOVY-REQ;DocumentReference/GLP1-001-PCP-003,,,5935.1,1034.25,97.25,0.003041,False,,,,Initial Wegovy request for chronic weight management.,"The request is for chronic weight management, and the prescribing note plans Wegovy for obesity."
main_gpt,GLP1-001__UHC_WEGOVY_P1114_22_2026_09_01,GLP1-001,UHC_WEGOVY_P1114_22_2026_09_01,gpt,lifestyle_adjunct,semantic,easy_positive,basic_positive,PASS,PASS,True,gpt,1.0,,,DocumentReference/GLP1-001-NUTR-001;DocumentReference/GLP1-001-OPH-001;DocumentReference/GLP1-001-PCP-001;DocumentReference/GLP1-001-PCP-002;DocumentReference/GLP1-001-PCP-003,DocumentReference/GLP1-001-PCP-003,True,,5935.1,1034.25,97.25,0.003041,False,,,,Final note documents continued diet and exercise.,"The August 12 note documents an ongoing dietary plan, bike workouts, and program follow-ups, with instructions to continue diet and activity alongside Wegovy."
main_gpt,GLP1-001__UHC_WEGOVY_P1114_22_2026_09_01,GLP1-001,UHC_WEGOVY_P1114_22_2026_09_01,gpt,bmi_threshold,deterministic,easy_positive,basic_positive,PASS,PASS,True,gpt,1.0,,,,Observation/GLP1-001-BMI-2026-08-12,,,5935.1,1034.25,97.25,0.003041,False,,,,Latest structured BMI 36.4 (2026-08-12).,"The latest structured BMI is 36.4 kg/m², exceeding the threshold of 30 without needing a comorbidity."
main_gpt,GLP1-002__AETNA_WEGOVY_4774C_2026_08_20,GLP1-002,AETNA_WEGOVY_4774C_2026_08_20,gpt,age,deterministic,easy_positive,basic_positive,PASS,PASS,True,gpt,1.0,,,,Patient/GLP1-002,,,7953.4,841.4,109.6,0.002779,False,,,,Age 42 on 2026-09-01 (min 18).,"The patient was 42 on the September 1, 2026 request date."
main_gpt,GLP1-002__AETNA_WEGOVY_4774C_2026_08_20,GLP1-002,AETNA_WEGOVY_4774C_2026_08_20,gpt,indication,deterministic,easy_positive,basic_positive,PASS,PASS,True,gpt,1.0,,,,MedicationRequest/GLP1-002-WEGOVY-REQ;DocumentReference/GLP1-002-PCP-003,,,7953.4,841.4,109.6,0.002779,False,,,,Initial Wegovy request for chronic weight management.,Wegovy is requested for chronic weight management in a patient being treated for obesity.
main_gpt,GLP1-002__AETNA_WEGOVY_4774C_2026_08_20,GLP1-002,AETNA_WEGOVY_4774C_2026_08_20,gpt,adjunct_diet_and_activity,semantic,easy_positive,basic_positive,PASS,PASS,True,gpt,0.99,,,DocumentReference/GLP1-002-NUTR-001;DocumentReference/GLP1-002-PCP-001;DocumentReference/GLP1-002-PCP-002;DocumentReference/GLP1-002-PCP-003,DocumentReference/GLP1-002-PCP-003;DocumentReference/GLP1-002-NUTR-001,True,,7953.4,841.4,109.6,0.002779,False,,,,Final note documents continued diet AND exercise.,The August 11 note documents continued adherence to the reduced-calorie eating and walking plans and directs the patient to continue the lifestyle plan with Wegovy.
main_gpt,GLP1-002__AETNA_WEGOVY_4774C_2026_08_20,GLP1-002,AETNA_WEGOVY_4774C_2026_08_20,gpt,program_6_months,semantic_temporal,easy_positive,basic_positive,PASS,PASS,True,gpt,0.99,,,DocumentReference/GLP1-002-NUTR-001;DocumentReference/GLP1-002-PCP-001;DocumentReference/GLP1-002-PCP-002;DocumentReference/GLP1-002-PCP-003,DocumentReference/GLP1-002-NUTR-001;DocumentReference/GLP1-002-PCP-002;DocumentReference/GLP1-002-PCP-003,True,,7953.4,841.4,109.6,0.002779,False,,,,"Continuous program with diet, activity and follow-up; duration computed from dated events. 2026-01-11 -> 2026-08-11 = 7 whole months (min 6).","Healthy Weight program intake on January 29 established diet, activity, and follow-up plans; April and August notes document continued participation. January 29 to August 11 exceeds six whole calendar months without a documented interruption."
main_gpt,GLP1-002__AETNA_WEGOVY_4774C_2026_08_20,GLP1-002,AETNA_WEGOVY_4774C_2026_08_20,gpt,bmi_threshold,deterministic,easy_positive,basic_positive,PASS,PASS,True,gpt,1.0,,,,Observation/GLP1-002-BMI-2026-08-11,,,7953.4,841.4,109.6,0.002779,False,,,,Latest structured BMI 34.1 (2026-08-11).,"The latest structured BMI before the request is 34.1 kg/m², above the primary threshold of 30."
main_gpt,GLP1-002__BCBS_FEP_WEGOVY_2026_07_01,GLP1-002,BCBS_FEP_WEGOVY_2026_07_01,gpt,age,deterministic,easy_positive,basic_positive,PASS,PASS,True,gpt,1.0,,,,Patient/GLP1-002,,,11850.4,815.166667,124.833333,0.002879,False,,,,Age 42 on 2026-09-01 (min 18).,"Born November 14, 1983, the patient was 42 on the September 1, 2026 request date."
main_gpt,GLP1-002__BCBS_FEP_WEGOVY_2026_07_01,GLP1-002,BCBS_FEP_WEGOVY_2026_07_01,gpt,indication,deterministic,easy_positive,basic_positive,PASS,PASS,True,gpt,1.0,,,,MedicationRequest/GLP1-002-WEGOVY-REQ;DocumentReference/GLP1-002-PCP-003,,,11850.4,815.166667,124.833333,0.002879,False,,,,Initial Wegovy request for chronic weight management.,"The request is for chronic weight management, and the prescribing note documents Wegovy for obesity."
main_gpt,GLP1-002__BCBS_FEP_WEGOVY_2026_07_01,GLP1-002,BCBS_FEP_WEGOVY_2026_07_01,gpt,bmi_threshold,deterministic,easy_positive,basic_positive,PASS,PASS,True,gpt,1.0,,,,Observation/GLP1-002-BMI-2026-08-11,,,11850.4,815.166667,124.833333,0.002879,False,,,,Latest structured BMI 34.1 (2026-08-11).,"The latest structured BMI before the request was 34.1 kg/m², above the 30 kg/m² threshold."
main_gpt,GLP1-002__BCBS_FEP_WEGOVY_2026_07_01,GLP1-002,BCBS_FEP_WEGOVY_2026_07_01,gpt,weight_management_program,semantic,easy_positive,basic_positive,PASS,PASS,True,gpt,0.99,,,DocumentReference/GLP1-002-NUTR-001;DocumentReference/GLP1-002-PCP-001;DocumentReference/GLP1-002-PCP-002;DocumentReference/GLP1-002-PCP-003,DocumentReference/GLP1-002-NUTR-001;DocumentReference/GLP1-002-PCP-002;DocumentReference/GLP1-002-PCP-003,True,,11850.4,815.166667,124.833333,0.002879,False,,,,Enrolled in a comprehensive program with dietitian visits and follow-ups.,"The patient participated in the Healthy Weight program, including dietitian care, group sessions, a reduced-calorie eating plan, and regular walking. The August note states he had kept up with program visits since January."
main_gpt,GLP1-002__BCBS_FEP_WEGOVY_2026_07_01,GLP1-002,BCBS_FEP_WEGOVY_2026_07_01,gpt,no_concurrent_glp1,medication_reconciliation,easy_positive,basic_positive,PASS,PASS,True,gpt,0.97,,,DocumentReference/GLP1-002-MSG-001;DocumentReference/GLP1-002-NUTR-001;DocumentReference/GLP1-002-PCP-003;DocumentReference/GLP1-002-TEL-001,MedicationRequest/GLP1-002-TRIAMCINOLON;MedicationRequest/GLP1-002-OMEPRAZOLE;MedicationRequest/GLP1-002-ATORVASTATIN;MedicationStatement/GLP1-002-IBUPROFEN;MedicationRequest/GLP1-002-WEGOVY-REQ,,,11850.4,815.166667,124.833333,0.002879,False,,,,No GLP-1 or anti-obesity medication in structured data or notes.,"No other GLP-1 receptor agonist appears among the recorded current medications. The draft Wegovy order is the request under review, not concurrent therapy."
main_gpt,GLP1-002__BCBS_FEP_WEGOVY_2026_07_01,GLP1-002,BCBS_FEP_WEGOVY_2026_07_01,gpt,no_concurrent_pa_weight_loss_med,medication_reconciliation,easy_positive,basic_positive,PASS,PASS,True,gpt,0.97,,,DocumentReference/GLP1-002-MSG-001;DocumentReference/GLP1-002-NUTR-001;DocumentReference/GLP1-002-PCP-003;DocumentReference/GLP1-002-TEL-001,MedicationRequest/GLP1-002-TRIAMCINOLON;MedicationRequest/GLP1-002-OMEPRAZOLE;MedicationRequest/GLP1-002-ATORVASTATIN;MedicationStatement/GLP1-002-IBUPROFEN;MedicationRequest/GLP1-002-WEGOVY-REQ,,,11850.4,815.166667,124.833333,0.002879,False,,,,No PA weight-loss medication in structured data or notes.,No other Appendix 2 PA weight-loss medication appears among the recorded current medications. The draft Wegovy order is excluded from the concurrent-therapy assessment.
main_gpt,GLP1-002__UHC_WEGOVY_P1114_22_2026_09_01,GLP1-002,UHC_WEGOVY_P1114_22_2026_09_01,gpt,age,deterministic,easy_positive,basic_positive,PASS,PASS,True,gpt,1.0,,,,Patient/GLP1-002,,,6828.5,965.75,87.25,0.002804,False,,,,Age 42 on 2026-09-01 (min 12).,"The recorded birth date makes the patient 42 on the request date, exceeding the minimum age of 12."
main_gpt,GLP1-002__UHC_WEGOVY_P1114_22_2026_09_01,GLP1-002,UHC_WEGOVY_P1114_22_2026_09_01,gpt,indication,deterministic,easy_positive,basic_positive,PASS,PASS,True,gpt,1.0,,,,MedicationRequest/GLP1-002-WEGOVY-REQ,,,6828.5,965.75,87.25,0.002804,False,,,,Initial Wegovy request for chronic weight management.,The request is for Wegovy for chronic weight management.
main_gpt,GLP1-002__UHC_WEGOVY_P1114_22_2026_09_01,GLP1-002,UHC_WEGOVY_P1114_22_2026_09_01,gpt,lifestyle_adjunct,semantic,easy_positive,basic_positive,PASS,PASS,True,gpt,0.99,,,DocumentReference/GLP1-002-NUTR-001;DocumentReference/GLP1-002-PCP-001;DocumentReference/GLP1-002-PCP-002;DocumentReference/GLP1-002-PCP-003,DocumentReference/GLP1-002-PCP-003,True,,6828.5,965.75,87.25,0.002804,False,,,,Final note documents continued diet and exercise.,"The August 11 note documents ongoing diet, walking, and Healthy Weight program visits, and directs the patient to continue the lifestyle plan with Wegovy."
main_gpt,GLP1-002__UHC_WEGOVY_P1114_22_2026_09_01,GLP1-002,UHC_WEGOVY_P1114_22_2026_09_01,gpt,bmi_threshold,deterministic,easy_positive,basic_positive,PASS,PASS,True,gpt,1.0,,,,Observation/GLP1-002-BMI-2026-08-11,,,6828.5,965.75,87.25,0.002804,False,,,,Latest structured BMI 34.1 (2026-08-11).,"The latest structured BMI is 34.1 kg/m², exceeding the primary threshold of 30; a comorbidity is not required."
main_gpt,GLP1-003__AETNA_WEGOVY_4774C_2026_08_20,GLP1-003,AETNA_WEGOVY_4774C_2026_08_20,gpt,age,deterministic,easy_positive,bmi_alone,PASS,PASS,True,gpt,1.0,,,,Patient/GLP1-003,,,9129.4,980.4,113.8,0.003099,False,,,,Age 49 on 2026-09-01 (min 18).,"Born April 2, 1977, the patient was 49 on the September 1, 2026 request date."
main_gpt,GLP1-003__AETNA_WEGOVY_4774C_2026_08_20,GLP1-003,AETNA_WEGOVY_4774C_2026_08_20,gpt,indication,deterministic,easy_positive,bmi_alone,PASS,PASS,True,gpt,1.0,,,,MedicationRequest/GLP1-003-WEGOVY-REQ;DocumentReference/GLP1-003-PCP-003,,,9129.4,980.4,113.8,0.003099,False,,,,Initial Wegovy request for chronic weight management.,"The request is for chronic weight management, and the prescribing note identifies obesity as the reason for Wegovy."
main_gpt,GLP1-003__AETNA_WEGOVY_4774C_2026_08_20,GLP1-003,AETNA_WEGOVY_4774C_2026_08_20,gpt,adjunct_diet_and_activity,semantic,easy_positive,bmi_alone,PASS,PASS,True,gpt,0.99,,,DocumentReference/GLP1-003-NUTR-001;DocumentReference/GLP1-003-NUTR-002;DocumentReference/GLP1-003-PCP-001;DocumentReference/GLP1-003-PCP-002;DocumentReference/GLP1-003-PCP-003;DocumentReference/GLP1-003-TEL-002,DocumentReference/GLP1-003-NUTR-002;DocumentReference/GLP1-003-PCP-003,True,,9129.4,980.4,113.8,0.003099,False,,,,Final note documents continued diet AND exercise.,"Within 180 days of the request, the patient reported continuing calorie tracking and lunchtime walks, and the prescriber directed her to continue the diet and activity plan with Wegovy."
main_gpt,GLP1-003__AETNA_WEGOVY_4774C_2026_08_20,GLP1-003,AETNA_WEGOVY_4774C_2026_08_20,gpt,program_6_months,semantic_temporal,easy_positive,bmi_alone,PASS,PASS,True,gpt,0.99,,,DocumentReference/GLP1-003-NUTR-001;DocumentReference/GLP1-003-NUTR-002;DocumentReference/GLP1-003-PCP-001;DocumentReference/GLP1-003-PCP-003;DocumentReference/GLP1-003-TEL-002,DocumentReference/GLP1-003-NUTR-001;DocumentReference/GLP1-003-PCP-002;DocumentReference/GLP1-003-NUTR-002;DocumentReference/GLP1-003-PCP-003,True,,9129.4,980.4,113.8,0.003099,False,,,,"Continuous program with diet, activity and follow-up; duration computed from dated events. 2025-11-11 -> 2026-08-11 = 9 whole months (min 6).","Healthy Weight program intake on December 2, 2025 documented a reduced-calorie diet, activity plan, and scheduled follow-up. Subsequent notes document continued participation through August 11, 2026—more than six whole calendar months without a documented interruption."
main_gpt,GLP1-003__AETNA_WEGOVY_4774C_2026_08_20,GLP1-003,AETNA_WEGOVY_4774C_2026_08_20,gpt,bmi_threshold,deterministic,easy_positive,bmi_alone,PASS,PASS,True,gpt,1.0,,,,Observation/GLP1-003-BMI-2026-08-11,,,9129.4,980.4,113.8,0.003099,False,,,,Latest structured BMI 31.8 (2026-08-11).,"The latest structured BMI before the request was 31.8 kg/m², meeting the ≥30 threshold without requiring a comorbidity."
main_gpt,GLP1-003__BCBS_FEP_WEGOVY_2026_07_01,GLP1-003,BCBS_FEP_WEGOVY_2026_07_01,gpt,age,deterministic,easy_positive,bmi_alone,PASS,PASS,True,gpt,1.0,,,,Patient/GLP1-003,,,15475.4,893.833333,169.0,0.003478,False,,,,Age 49 on 2026-09-01 (min 18).,"Born April 2, 1977, the patient was 49 on the September 1, 2026 request date."
main_gpt,GLP1-003__BCBS_FEP_WEGOVY_2026_07_01,GLP1-003,BCBS_FEP_WEGOVY_2026_07_01,gpt,indication,deterministic,easy_positive,bmi_alone,PASS,PASS,True,gpt,1.0,,,,MedicationRequest/GLP1-003-WEGOVY-REQ;DocumentReference/GLP1-003-PCP-003,,,15475.4,893.833333,169.0,0.003478,False,,,,Initial Wegovy request for chronic weight management.,"The request is for chronic weight management, and the prescribing note identifies obesity as the reason for starting Wegovy."
main_gpt,GLP1-003__BCBS_FEP_WEGOVY_2026_07_01,GLP1-003,BCBS_FEP_WEGOVY_2026_07_01,gpt,bmi_threshold,deterministic,easy_positive,bmi_alone,PASS,PASS,True,gpt,1.0,,,,Observation/GLP1-003-BMI-2026-08-11,,,15475.4,893.833333,169.0,0.003478,False,,,,Latest structured BMI 31.8 (2026-08-11).,"The latest structured BMI before the request was 31.8, meeting the BMI ≥30 pathway without a comorbidity requirement."
main_gpt,GLP1-003__BCBS_FEP_WEGOVY_2026_07_01,GLP1-003,BCBS_FEP_WEGOVY_2026_07_01,gpt,weight_management_program,semantic,easy_positive,bmi_alone,PASS,PASS,True,gpt,0.99,,,DocumentReference/GLP1-003-NUTR-001;DocumentReference/GLP1-003-NUTR-002;DocumentReference/GLP1-003-PCP-001;DocumentReference/GLP1-003-PCP-002;DocumentReference/GLP1-003-PCP-003,DocumentReference/GLP1-003-NUTR-001;DocumentReference/GLP1-003-PCP-002;DocumentReference/GLP1-003-NUTR-002;DocumentReference/GLP1-003-PCP-003,True,,15475.4,893.833333,169.0,0.003478,False,,,,Enrolled in a comprehensive program with dietitian visits and follow-ups.,"Healthy Weight program intake and follow-up document participation in calorie reduction, behavioral changes, physical activity, and dietitian visits."
main_gpt,GLP1-003__BCBS_FEP_WEGOVY_2026_07_01,GLP1-003,BCBS_FEP_WEGOVY_2026_07_01,gpt,no_concurrent_glp1,medication_reconciliation,easy_positive,bmi_alone,PASS,PASS,True,gpt,0.97,,,DocumentReference/GLP1-003-NUTR-001;DocumentReference/GLP1-003-NUTR-002;DocumentReference/GLP1-003-OSR-001;DocumentReference/GLP1-003-PCP-003,MedicationRequest/GLP1-003-SERTRALINE;MedicationRequest/GLP1-003-OMEPRAZOLE;MedicationRequest/GLP1-003-SUMATRIPTAN;MedicationStatement/GLP1-003-CETIRIZINE;MedicationStatement/GLP1-003-IBUPROFEN;MedicationStatement/GLP1-003-VITAMIN;MedicationRequest/GLP1-003-WEGOVY-REQ,,,15475.4,893.833333,169.0,0.003478,False,,,,No GLP-1 or anti-obesity medication in structured data or notes.,No other GLP-1 receptor agonist appears among the documented active medications; the draft Wegovy order is excluded.
main_gpt,GLP1-003__BCBS_FEP_WEGOVY_2026_07_01,GLP1-003,BCBS_FEP_WEGOVY_2026_07_01,gpt,no_concurrent_pa_weight_loss_med,medication_reconciliation,easy_positive,bmi_alone,PASS,PASS,True,gpt,0.97,,,DocumentReference/GLP1-003-NUTR-001;DocumentReference/GLP1-003-NUTR-002;DocumentReference/GLP1-003-OSR-001;DocumentReference/GLP1-003-PCP-003,MedicationRequest/GLP1-003-SERTRALINE;MedicationRequest/GLP1-003-OMEPRAZOLE;MedicationRequest/GLP1-003-SUMATRIPTAN;MedicationStatement/GLP1-003-CETIRIZINE;MedicationStatement/GLP1-003-IBUPROFEN;MedicationStatement/GLP1-003-VITAMIN;MedicationRequest/GLP1-003-WEGOVY-REQ,,,15475.4,893.833333,169.0,0.003478,False,,,,No PA weight-loss medication in structured data or notes.,No other Appendix 2 PA weight-loss medication appears among the documented active medications; the draft Wegovy order is excluded.
main_gpt,GLP1-003__UHC_WEGOVY_P1114_22_2026_09_01,GLP1-003,UHC_WEGOVY_P1114_22_2026_09_01,gpt,age,deterministic,easy_positive,bmi_alone,PASS,PASS,True,gpt,1.0,,,,Patient/GLP1-003,,,5898.0,1098.5,96.75,0.003165,False,,,,Age 49 on 2026-09-01 (min 12).,"Born April 2, 1977, the patient was 49 on the September 1, 2026 request date, exceeding the minimum age of 12."
main_gpt,GLP1-003__UHC_WEGOVY_P1114_22_2026_09_01,GLP1-003,UHC_WEGOVY_P1114_22_2026_09_01,gpt,indication,deterministic,easy_positive,bmi_alone,PASS,PASS,True,gpt,1.0,,,,MedicationRequest/GLP1-003-WEGOVY-REQ;DocumentReference/GLP1-003-PCP-003,,,5898.0,1098.5,96.75,0.003165,False,,,,Initial Wegovy request for chronic weight management.,"Wegovy is requested for chronic weight management, and the prescribing note identifies obesity as the treatment indication."
main_gpt,GLP1-003__UHC_WEGOVY_P1114_22_2026_09_01,GLP1-003,UHC_WEGOVY_P1114_22_2026_09_01,gpt,lifestyle_adjunct,semantic,easy_positive,bmi_alone,PASS,PASS,True,gpt,0.99,,,DocumentReference/GLP1-003-NUTR-001;DocumentReference/GLP1-003-NUTR-002;DocumentReference/GLP1-003-PCP-001;DocumentReference/GLP1-003-PCP-003;DocumentReference/GLP1-003-TEL-002,DocumentReference/GLP1-003-PCP-003,True,,5898.0,1098.5,96.75,0.003165,False,,,,Final note documents continued diet and exercise.,"The August 11 note documents ongoing calorie tracking, lunchtime walks, and dietitian follow-ups, with instructions to continue the diet and activity plan alongside Wegovy."
main_gpt,GLP1-003__UHC_WEGOVY_P1114_22_2026_09_01,GLP1-003,UHC_WEGOVY_P1114_22_2026_09_01,gpt,bmi_threshold,deterministic,easy_positive,bmi_alone,PASS,PASS,True,gpt,1.0,,,,Observation/GLP1-003-BMI-2026-08-11,,,5898.0,1098.5,96.75,0.003165,False,,,,Latest structured BMI 31.8 (2026-08-11).,"The latest structured BMI is 31.8 kg/m², meeting the BMI ≥30 pathway without a comorbidity requirement."
main_gpt,GLP1-004__AETNA_WEGOVY_4774C_2026_08_20,GLP1-004,AETNA_WEGOVY_4774C_2026_08_20,gpt,age,deterministic,easy_positive,bmi_plus_comorbidity,PASS,PASS,True,gpt,1.0,,,,Patient/GLP1-004,,,10552.7,998.0,147.2,0.003468,False,,,,Age 56 on 2026-09-01 (min 18).,"Born September 17, 1969, the patient was 56 on the September 1, 2026 request date."
main_gpt,GLP1-004__AETNA_WEGOVY_4774C_2026_08_20,GLP1-004,AETNA_WEGOVY_4774C_2026_08_20,gpt,indication,deterministic,easy_positive,bmi_plus_comorbidity,PASS,PASS,True,gpt,1.0,,,,MedicationRequest/GLP1-004-WEGOVY-REQ;DocumentReference/GLP1-004-PCP-003,,,10552.7,998.0,147.2,0.003468,False,,,,Initial Wegovy request for chronic weight management.,"The request is for chronic weight management, and the prescribing note describes Wegovy for excess weight after a lifestyle-program plateau."
main_gpt,GLP1-004__AETNA_WEGOVY_4774C_2026_08_20,GLP1-004,AETNA_WEGOVY_4774C_2026_08_20,gpt,adjunct_diet_and_activity,semantic,easy_positive,bmi_plus_comorbidity,PASS,PASS,True,gpt,0.99,,,DocumentReference/GLP1-004-NUTR-001;DocumentReference/GLP1-004-NUTR-002;DocumentReference/GLP1-004-PCP-001;DocumentReference/GLP1-004-PCP-002;DocumentReference/GLP1-004-PCP-003;DocumentReference/GLP1-004-TEL-001,DocumentReference/GLP1-004-PCP-001;DocumentReference/GLP1-004-NUTR-002;DocumentReference/GLP1-004-PCP-003,True,,10552.7,998.0,147.2,0.003468,False,,,,Final note documents continued diet AND exercise.,"The August 19 note documents continued adherence to the previously specified reduced-calorie diet and walking plan, and directs the patient to continue both with Wegovy."
main_gpt,GLP1-004__AETNA_WEGOVY_4774C_2026_08_20,GLP1-004,AETNA_WEGOVY_4774C_2026_08_20,gpt,program_6_months,semantic_temporal,easy_positive,bmi_plus_comorbidity,PASS,PASS,True,gpt,0.97,,,DocumentReference/GLP1-004-NUTR-001;DocumentReference/GLP1-004-NUTR-002;DocumentReference/GLP1-004-PCP-001;DocumentReference/GLP1-004-PCP-002;DocumentReference/GLP1-004-PCP-003;DocumentReference/GLP1-004-TEL-001,DocumentReference/GLP1-004-PCP-001;DocumentReference/GLP1-004-NUTR-001;DocumentReference/GLP1-004-PCP-002;DocumentReference/GLP1-004-NUTR-002;DocumentReference/GLP1-004-PCP-003,True,,10552.7,998.0,147.2,0.003468,False,,,,"Continuous program with diet, activity and follow-up; duration computed from dated events. 2025-12-19 -> 2026-08-19 = 8 whole months (min 6).","The documented program began December 19, 2025, and continued through August 19, 2026—eight whole calendar months. The notes document reduced-calorie diet, physical activity, and continuing coaching and follow-up, with no documented interruption."
main_gpt,GLP1-004__AETNA_WEGOVY_4774C_2026_08_20,GLP1-004,AETNA_WEGOVY_4774C_2026_08_20,gpt,bmi_threshold,deterministic,easy_positive,bmi_plus_comorbidity,PASS,PASS,True,gpt,1.0,,,,Observation/GLP1-004-BMI-2026-08-19;Condition/GLP1-004-HTN,,,10552.7,998.0,147.2,0.003468,False,,,,Latest structured BMI 29.2 (2026-08-19). In 27–30 band; comorbidity: PASS — hypertension documented.,"The latest structured pre-request BMI is 29.2, meeting the ≥27 threshold, and an active hypertension diagnosis supplies a documented weight-related comorbidity."
main_gpt,GLP1-004__BCBS_FEP_WEGOVY_2026_07_01,GLP1-004,BCBS_FEP_WEGOVY_2026_07_01,gpt,age,deterministic,easy_positive,bmi_plus_comorbidity,PASS,PASS,True,gpt,1.0,,,,Patient/GLP1-004,,,12233.1,923.833333,119.5,0.003043,False,,,,Age 56 on 2026-09-01 (min 18).,"The patient was 56 on the 2026-09-01 request date, meeting the adult age requirement."
main_gpt,GLP1-004__BCBS_FEP_WEGOVY_2026_07_01,GLP1-004,BCBS_FEP_WEGOVY_2026_07_01,gpt,indication,deterministic,easy_positive,bmi_plus_comorbidity,PASS,PASS,True,gpt,1.0,,,,MedicationRequest/GLP1-004-WEGOVY-REQ;DocumentReference/GLP1-004-PCP-003,,,12233.1,923.833333,119.5,0.003043,False,,,,Initial Wegovy request for chronic weight management.,"The PA request is for chronic weight management, and the clinician prescribed Wegovy for overweight with hypertension."
main_gpt,GLP1-004__BCBS_FEP_WEGOVY_2026_07_01,GLP1-004,BCBS_FEP_WEGOVY_2026_07_01,gpt,bmi_threshold,deterministic,easy_positive,bmi_plus_comorbidity,PASS,PASS,True,gpt,0.99,,,,Observation/GLP1-004-BMI-2026-08-19;Condition/GLP1-004-HTN,,,12233.1,923.833333,119.5,0.003043,False,,,,Latest structured BMI 29.2 (2026-08-19). In 27–30 band; comorbidity: PASS — hypertension documented.,"The latest structured BMI is 29.2, and the patient has an active hypertension diagnosis, satisfying the BMI ≥27 pathway."
main_gpt,GLP1-004__BCBS_FEP_WEGOVY_2026_07_01,GLP1-004,BCBS_FEP_WEGOVY_2026_07_01,gpt,weight_management_program,semantic,easy_positive,bmi_plus_comorbidity,PASS,PASS,True,gpt,0.99,,,DocumentReference/GLP1-004-NUTR-001;DocumentReference/GLP1-004-NUTR-002;DocumentReference/GLP1-004-PCP-001;DocumentReference/GLP1-004-PCP-002;DocumentReference/GLP1-004-PCP-003,DocumentReference/GLP1-004-NUTR-001;DocumentReference/GLP1-004-PCP-002;DocumentReference/GLP1-004-PCP-003,True,,12233.1,923.833333,119.5,0.003043,False,,,,Enrolled in a comprehensive program with dietitian visits and follow-ups.,"The patient participated in an employer weight management program with dietitian care, monthly coaching, a reduced-calorie diet, and physical activity."
main_gpt,GLP1-004__BCBS_FEP_WEGOVY_2026_07_01,GLP1-004,BCBS_FEP_WEGOVY_2026_07_01,gpt,no_concurrent_glp1,medication_reconciliation,easy_positive,bmi_plus_comorbidity,PASS,PASS,True,gpt,0.96,,,DocumentReference/GLP1-004-NUTR-002;DocumentReference/GLP1-004-PCP-002;DocumentReference/GLP1-004-PCP-003;DocumentReference/GLP1-004-PHARM-001;DocumentReference/GLP1-004-TEL-001,DocumentReference/GLP1-004-PHARM-001;DocumentReference/GLP1-004-PCP-003;MedicationRequest/GLP1-004-WEGOVY-REQ,,,12233.1,923.833333,119.5,0.003043,False,,,,No GLP-1 or anti-obesity medication in structured data or notes.,"The medication review lists no other GLP-1 therapy, and the August plan starts Wegovy. The draft Wegovy order is the requested treatment, not concurrent therapy."
main_gpt,GLP1-004__BCBS_FEP_WEGOVY_2026_07_01,GLP1-004,BCBS_FEP_WEGOVY_2026_07_01,gpt,no_concurrent_pa_weight_loss_med,medication_reconciliation,easy_positive,bmi_plus_comorbidity,PASS,PASS,True,gpt,0.96,,,DocumentReference/GLP1-004-NUTR-002;DocumentReference/GLP1-004-PCP-002;DocumentReference/GLP1-004-PCP-003;DocumentReference/GLP1-004-PHARM-001;DocumentReference/GLP1-004-TEL-001,DocumentReference/GLP1-004-PHARM-001;DocumentReference/GLP1-004-PCP-003;MedicationRequest/GLP1-004-WEGOVY-REQ,,,12233.1,923.833333,119.5,0.003043,False,,,,No PA weight-loss medication in structured data or notes.,"The medication review lists no other Appendix 2 weight-loss medication, and the August plan starts Wegovy. The draft Wegovy order is excluded from the concurrent-therapy assessment."
main_gpt,GLP1-004__UHC_WEGOVY_P1114_22_2026_09_01,GLP1-004,UHC_WEGOVY_P1114_22_2026_09_01,gpt,age,deterministic,easy_positive,bmi_plus_comorbidity,PASS,PASS,True,gpt,1.0,,,,Patient/GLP1-004,,,5831.0,1159.5,90.25,0.003221,False,,,,Age 56 on 2026-09-01 (min 12).,"The patient was 56 on the request date, exceeding the minimum age of 12."
main_gpt,GLP1-004__UHC_WEGOVY_P1114_22_2026_09_01,GLP1-004,UHC_WEGOVY_P1114_22_2026_09_01,gpt,indication,deterministic,easy_positive,bmi_plus_comorbidity,PASS,PASS,True,gpt,1.0,,,,MedicationRequest/GLP1-004-WEGOVY-REQ;DocumentReference/GLP1-004-PCP-003,,,5831.0,1159.5,90.25,0.003221,False,,,,Initial Wegovy request for chronic weight management.,Wegovy is requested for weight management.
main_gpt,GLP1-004__UHC_WEGOVY_P1114_22_2026_09_01,GLP1-004,UHC_WEGOVY_P1114_22_2026_09_01,gpt,lifestyle_adjunct,semantic,easy_positive,bmi_plus_comorbidity,PASS,PASS,True,gpt,0.99,,,DocumentReference/GLP1-004-NUTR-001;DocumentReference/GLP1-004-NUTR-002;DocumentReference/GLP1-004-PCP-001;DocumentReference/GLP1-004-PCP-002;DocumentReference/GLP1-004-PCP-003;DocumentReference/GLP1-004-TEL-001,DocumentReference/GLP1-004-PCP-003,True,,5831.0,1159.5,90.25,0.003221,False,,,,Final note documents continued diet and exercise.,"The August 19 note documents ongoing diet, exercise, and program coaching, with a plan to continue diet and activity alongside Wegovy."
main_gpt,GLP1-004__UHC_WEGOVY_P1114_22_2026_09_01,GLP1-004,UHC_WEGOVY_P1114_22_2026_09_01,gpt,bmi_threshold,deterministic,easy_positive,bmi_plus_comorbidity,PASS,PASS,True,gpt,1.0,,,,Observation/GLP1-004-BMI-2026-08-19;Condition/GLP1-004-HTN,,,5831.0,1159.5,90.25,0.003221,False,,,,Latest structured BMI 29.2 (2026-08-19). In 27–30 band; comorbidity: PASS — hypertension documented.,"The latest structured BMI is 29.2, and the patient has a documented active diagnosis of hypertension."
main_gpt,GLP1-005__AETNA_WEGOVY_4774C_2026_08_20,GLP1-005,AETNA_WEGOVY_4774C_2026_08_20,gpt,age,deterministic,easy_positive,bmi_plus_comorbidity,PASS,PASS,True,gpt,1.0,,,,Patient/GLP1-005,,,8708.8,890.0,144.0,0.00322,False,,,,Age 28 on 2026-09-01 (min 18).,"Born December 4, 1997, the patient was 28 on the September 1, 2026 request date."
main_gpt,GLP1-005__AETNA_WEGOVY_4774C_2026_08_20,GLP1-005,AETNA_WEGOVY_4774C_2026_08_20,gpt,indication,deterministic,easy_positive,bmi_plus_comorbidity,PASS,PASS,True,gpt,1.0,,,,MedicationRequest/GLP1-005-WEGOVY-REQ;DocumentReference/GLP1-005-PCP-003,,,8708.8,890.0,144.0,0.00322,False,,,,Initial Wegovy request for chronic weight management.,"The request is for chronic weight management, and the prescribing note proposes Wegovy for overweight after a weight-loss plateau."
main_gpt,GLP1-005__AETNA_WEGOVY_4774C_2026_08_20,GLP1-005,AETNA_WEGOVY_4774C_2026_08_20,gpt,adjunct_diet_and_activity,semantic,easy_positive,bmi_plus_comorbidity,PASS,PASS,True,gpt,0.99,,,DocumentReference/GLP1-005-NUTR-001;DocumentReference/GLP1-005-NUTR-002;DocumentReference/GLP1-005-PCP-001;DocumentReference/GLP1-005-PCP-002;DocumentReference/GLP1-005-PCP-003,DocumentReference/GLP1-005-NUTR-002;DocumentReference/GLP1-005-PCP-003,True,,8708.8,890.0,144.0,0.00322,False,,,,Final note documents continued diet AND exercise.,"Within 180 days of the request, the patient was documented following an approximately 1,800-kcal diet and walking four days weekly. The August prescribing note says to continue the lifestyle plan."
main_gpt,GLP1-005__AETNA_WEGOVY_4774C_2026_08_20,GLP1-005,AETNA_WEGOVY_4774C_2026_08_20,gpt,program_6_months,semantic_temporal,easy_positive,bmi_plus_comorbidity,PASS,PASS,True,gpt,0.99,,,DocumentReference/GLP1-005-NUTR-001;DocumentReference/GLP1-005-NUTR-002;DocumentReference/GLP1-005-PCP-001;DocumentReference/GLP1-005-PCP-003,DocumentReference/GLP1-005-NUTR-001;DocumentReference/GLP1-005-PCP-002;DocumentReference/GLP1-005-NUTR-002;DocumentReference/GLP1-005-PCP-003,True,,8708.8,890.0,144.0,0.00322,False,,,,"Continuous program with diet, activity and follow-up; duration computed from dated events. 2025-10-14 -> 2026-08-14 = 10 whole months (min 6).","The dietitian-led program began October 27, 2025, with a calorie-reduction plan, walking, and planned follow-up. January, April, and August notes document continued participation without a recorded interruption, exceeding six whole calendar months."
main_gpt,GLP1-005__AETNA_WEGOVY_4774C_2026_08_20,GLP1-005,AETNA_WEGOVY_4774C_2026_08_20,gpt,bmi_threshold,deterministic,easy_positive,bmi_plus_comorbidity,PASS,PASS,True,gpt,1.0,,,,Observation/GLP1-005-BMI-2026-08-14;Condition/GLP1-005-DYSLIP,,,8708.8,890.0,144.0,0.00322,False,,,,Latest structured BMI 28.1 (2026-08-14). In 27–30 band; comorbidity: PASS — dyslipidemia documented.,"The latest structured BMI before the request was 28.1 kg/m², and active dyslipidemia is a documented qualifying weight-related comorbidity."
main_gpt,GLP1-005__BCBS_FEP_WEGOVY_2026_07_01,GLP1-005,BCBS_FEP_WEGOVY_2026_07_01,gpt,age,deterministic,easy_positive,bmi_plus_comorbidity,PASS,PASS,True,gpt,1.0,,,,Patient/GLP1-005,,,11141.4,835.833333,115.666667,0.002828,False,,,,Age 28 on 2026-09-01 (min 18).,"Born 1997-12-04, the patient is 28 on the 2026-09-01 request date."
main_gpt,GLP1-005__BCBS_FEP_WEGOVY_2026_07_01,GLP1-005,BCBS_FEP_WEGOVY_2026_07_01,gpt,indication,deterministic,easy_positive,bmi_plus_comorbidity,PASS,PASS,True,gpt,1.0,,,,MedicationRequest/GLP1-005-WEGOVY-REQ;DocumentReference/GLP1-005-PCP-003,,,11141.4,835.833333,115.666667,0.002828,False,,,,Initial Wegovy request for chronic weight management.,"The request is for initial Wegovy treatment for chronic weight management, consistent with the prescribing note."
main_gpt,GLP1-005__BCBS_FEP_WEGOVY_2026_07_01,GLP1-005,BCBS_FEP_WEGOVY_2026_07_01,gpt,bmi_threshold,deterministic,easy_positive,bmi_plus_comorbidity,PASS,PASS,True,gpt,1.0,,,,Observation/GLP1-005-BMI-2026-08-14;Condition/GLP1-005-DYSLIP,,,11141.4,835.833333,115.666667,0.002828,False,,,,Latest structured BMI 28.1 (2026-08-14). In 27–30 band; comorbidity: PASS — dyslipidemia documented.,"The latest structured BMI is 28.1, and active dyslipidemia is a qualifying weight-related comorbidity."
main_gpt,GLP1-005__BCBS_FEP_WEGOVY_2026_07_01,GLP1-005,BCBS_FEP_WEGOVY_2026_07_01,gpt,weight_management_program,semantic,easy_positive,bmi_plus_comorbidity,PASS,PASS,True,gpt,0.99,,,DocumentReference/GLP1-005-NUTR-001;DocumentReference/GLP1-005-NUTR-002;DocumentReference/GLP1-005-PCP-001;DocumentReference/GLP1-005-PCP-003,DocumentReference/GLP1-005-NUTR-001;DocumentReference/GLP1-005-NUTR-002;DocumentReference/GLP1-005-PCP-003,True,,11141.4,835.833333,115.666667,0.002828,False,,,,Enrolled in a comprehensive program with dietitian visits and follow-ups.,"The patient attended a dietitian-led weight management program with dietary changes, behavioral strategies, activity goals, and documented follow-up."
main_gpt,GLP1-005__BCBS_FEP_WEGOVY_2026_07_01,GLP1-005,BCBS_FEP_WEGOVY_2026_07_01,gpt,no_concurrent_glp1,medication_reconciliation,easy_positive,bmi_plus_comorbidity,PASS,PASS,True,gpt,0.96,,,DocumentReference/GLP1-005-LAB-003;DocumentReference/GLP1-005-NUTR-002;DocumentReference/GLP1-005-PCP-003;DocumentReference/GLP1-005-PHARM-001,DocumentReference/GLP1-005-PHARM-001;DocumentReference/GLP1-005-PCP-003;MedicationRequest/GLP1-005-WEGOVY-REQ,,,11141.4,835.833333,115.666667,0.002828,False,,,,No GLP-1 or anti-obesity medication in structured data or notes.,The medication review and later prescribing note do not identify another current GLP-1 therapy. The draft Wegovy order is excluded from the concurrent-therapy assessment.
main_gpt,GLP1-005__BCBS_FEP_WEGOVY_2026_07_01,GLP1-005,BCBS_FEP_WEGOVY_2026_07_01,gpt,no_concurrent_pa_weight_loss_med,medication_reconciliation,easy_positive,bmi_plus_comorbidity,PASS,PASS,True,gpt,0.96,,,DocumentReference/GLP1-005-LAB-003;DocumentReference/GLP1-005-NUTR-002;DocumentReference/GLP1-005-PCP-003;DocumentReference/GLP1-005-PHARM-001,DocumentReference/GLP1-005-PHARM-001;DocumentReference/GLP1-005-PCP-003;MedicationRequest/GLP1-005-WEGOVY-REQ,,,11141.4,835.833333,115.666667,0.002828,False,,,,No PA weight-loss medication in structured data or notes.,The medication review and later prescribing note do not identify another current Appendix 2 weight-loss medication. The draft Wegovy order is excluded.
main_gpt,GLP1-005__UHC_WEGOVY_P1114_22_2026_09_01,GLP1-005,UHC_WEGOVY_P1114_22_2026_09_01,gpt,age,deterministic,easy_positive,bmi_plus_comorbidity,PASS,PASS,True,gpt,1.0,,,,Patient/GLP1-005,,,5842.0,1026.5,99.0,0.003043,False,,,,Age 28 on 2026-09-01 (min 12).,"The patient was 28 on the 2026-09-01 request date, exceeding the minimum age of 12."
main_gpt,GLP1-005__UHC_WEGOVY_P1114_22_2026_09_01,GLP1-005,UHC_WEGOVY_P1114_22_2026_09_01,gpt,indication,deterministic,easy_positive,bmi_plus_comorbidity,PASS,PASS,True,gpt,1.0,,,,MedicationRequest/GLP1-005-WEGOVY-REQ;DocumentReference/GLP1-005-PCP-003,,,5842.0,1026.5,99.0,0.003043,False,,,,Initial Wegovy request for chronic weight management.,"The request is for chronic weight management, and the prescribing note documents Wegovy for overweight after a weight-loss plateau."
main_gpt,GLP1-005__UHC_WEGOVY_P1114_22_2026_09_01,GLP1-005,UHC_WEGOVY_P1114_22_2026_09_01,gpt,lifestyle_adjunct,semantic,easy_positive,bmi_plus_comorbidity,PASS,PASS,True,gpt,0.99,,,DocumentReference/GLP1-005-NUTR-001;DocumentReference/GLP1-005-NUTR-002;DocumentReference/GLP1-005-PCP-001;DocumentReference/GLP1-005-PCP-003,DocumentReference/GLP1-005-PCP-003,True,,5842.0,1026.5,99.0,0.003043,False,,,,Final note documents continued diet and exercise.,"The 2026-08-14 note documents ongoing diet tracking, walking four days per week, and RD follow-ups, with instructions to continue the lifestyle plan."
main_gpt,GLP1-005__UHC_WEGOVY_P1114_22_2026_09_01,GLP1-005,UHC_WEGOVY_P1114_22_2026_09_01,gpt,bmi_threshold,deterministic,easy_positive,bmi_plus_comorbidity,PASS,PASS,True,gpt,1.0,,,,Observation/GLP1-005-BMI-2026-08-14;Condition/GLP1-005-DYSLIP,,,5842.0,1026.5,99.0,0.003043,False,,,,Latest structured BMI 28.1 (2026-08-14). In 27–30 band; comorbidity: PASS — dyslipidemia documented.,"The latest structured BMI is 28.1, meeting the ≥27 threshold, and active dyslipidemia is a qualifying weight-related comorbidity."
main_gpt,GLP1-006__AETNA_WEGOVY_4774C_2026_08_20,GLP1-006,AETNA_WEGOVY_4774C_2026_08_20,gpt,age,deterministic,easy_positive,strong_evidence,PASS,PASS,True,gpt,1.0,,,,Patient/GLP1-006,,,8282.8,870.2,129.2,0.003032,False,,,,Age 35 on 2026-09-01 (min 18).,"The patient is 35 on the September 1, 2026 request date."
main_gpt,GLP1-006__AETNA_WEGOVY_4774C_2026_08_20,GLP1-006,AETNA_WEGOVY_4774C_2026_08_20,gpt,indication,deterministic,easy_positive,strong_evidence,PASS,PASS,True,gpt,1.0,,,,MedicationRequest/GLP1-006-WEGOVY-REQ;DocumentReference/GLP1-006-PCP-003,,,8282.8,870.2,129.2,0.003032,False,,,,Initial Wegovy request for chronic weight management.,Wegovy is requested for chronic weight management.
main_gpt,GLP1-006__AETNA_WEGOVY_4774C_2026_08_20,GLP1-006,AETNA_WEGOVY_4774C_2026_08_20,gpt,adjunct_diet_and_activity,semantic,easy_positive,strong_evidence,PASS,PASS,True,gpt,0.99,,,DocumentReference/GLP1-006-NUTR-001;DocumentReference/GLP1-006-NUTR-002;DocumentReference/GLP1-006-PCP-001;DocumentReference/GLP1-006-PCP-003,DocumentReference/GLP1-006-PCP-003,True,,8282.8,870.2,129.2,0.003032,False,,,,Final note documents continued diet AND exercise.,"The August 4 note documents continued calorie tracking and swimming three times weekly, with a plan to continue diet and exercise alongside Wegovy."
main_gpt,GLP1-006__AETNA_WEGOVY_4774C_2026_08_20,GLP1-006,AETNA_WEGOVY_4774C_2026_08_20,gpt,program_6_months,semantic_temporal,easy_positive,strong_evidence,PASS,PASS,True,gpt,0.99,,,DocumentReference/GLP1-006-NUTR-001;DocumentReference/GLP1-006-NUTR-002;DocumentReference/GLP1-006-PCP-001;DocumentReference/GLP1-006-PCP-003;DocumentReference/GLP1-006-TEL-002,DocumentReference/GLP1-006-NUTR-001;DocumentReference/GLP1-006-PCP-002;DocumentReference/GLP1-006-NUTR-002;DocumentReference/GLP1-006-TEL-002;DocumentReference/GLP1-006-PCP-003,True,,8282.8,870.2,129.2,0.003032,False,,,,"Continuous program with diet, activity and follow-up; duration computed from dated events. 2025-08-04 -> 2026-08-04 = 12 whole months (min 6).","The Healthy Weight program began by August 18, 2025, with a reduced-calorie diet, swimming, and documented continuing follow-up through August 4, 2026. This exceeds six continuous calendar months."
main_gpt,GLP1-006__AETNA_WEGOVY_4774C_2026_08_20,GLP1-006,AETNA_WEGOVY_4774C_2026_08_20,gpt,bmi_threshold,deterministic,easy_positive,strong_evidence,PASS,PASS,True,gpt,1.0,,,,Observation/GLP1-006-BMI-2026-08-04,,,8282.8,870.2,129.2,0.003032,False,,,,Latest structured BMI 39.7 (2026-08-04).,"The latest structured BMI before the request is 39.7 kg/m², exceeding the 30 kg/m² threshold."
main_gpt,GLP1-006__BCBS_FEP_WEGOVY_2026_07_01,GLP1-006,BCBS_FEP_WEGOVY_2026_07_01,gpt,age,deterministic,easy_positive,strong_evidence,PASS,PASS,True,gpt,1.0,,,,Patient/GLP1-006,,,12305.9,798.333333,135.166667,0.002948,False,,,,Age 35 on 2026-09-01 (min 18).,"Born November 2, 1990, the patient was 35 on the September 1, 2026 request date."
main_gpt,GLP1-006__BCBS_FEP_WEGOVY_2026_07_01,GLP1-006,BCBS_FEP_WEGOVY_2026_07_01,gpt,indication,deterministic,easy_positive,strong_evidence,PASS,PASS,True,gpt,1.0,,,,MedicationRequest/GLP1-006-WEGOVY-REQ;DocumentReference/GLP1-006-PCP-003,,,12305.9,798.333333,135.166667,0.002948,False,,,,Initial Wegovy request for chronic weight management.,"The request is for chronic weight management, and the prescribing note addresses treatment of obesity."
main_gpt,GLP1-006__BCBS_FEP_WEGOVY_2026_07_01,GLP1-006,BCBS_FEP_WEGOVY_2026_07_01,gpt,bmi_threshold,deterministic,easy_positive,strong_evidence,PASS,PASS,True,gpt,1.0,,,,Observation/GLP1-006-BMI-2026-08-04,,,12305.9,798.333333,135.166667,0.002948,False,,,,Latest structured BMI 39.7 (2026-08-04).,"The latest structured BMI before the request is 39.7 kg/m², exceeding the 30 kg/m² threshold."
main_gpt,GLP1-006__BCBS_FEP_WEGOVY_2026_07_01,GLP1-006,BCBS_FEP_WEGOVY_2026_07_01,gpt,weight_management_program,semantic,easy_positive,strong_evidence,PASS,PASS,True,gpt,0.99,,,DocumentReference/GLP1-006-NUTR-001;DocumentReference/GLP1-006-NUTR-002;DocumentReference/GLP1-006-PCP-001;DocumentReference/GLP1-006-PCP-003;DocumentReference/GLP1-006-TEL-002,DocumentReference/GLP1-006-NUTR-001;DocumentReference/GLP1-006-NUTR-002;DocumentReference/GLP1-006-PCP-003,True,,12305.9,798.333333,135.166667,0.002948,False,,,,Enrolled in a comprehensive program with dietitian visits and follow-ups.,"The patient attended the Healthy Weight program, with documented dietary changes, physical activity, and follow-up participation."
main_gpt,GLP1-006__BCBS_FEP_WEGOVY_2026_07_01,GLP1-006,BCBS_FEP_WEGOVY_2026_07_01,gpt,no_concurrent_glp1,medication_reconciliation,easy_positive,strong_evidence,PASS,PASS,True,gpt,0.97,,,DocumentReference/GLP1-006-NUTR-002;DocumentReference/GLP1-006-PCP-001;DocumentReference/GLP1-006-PCP-003,DocumentReference/GLP1-006-PCP-003;MedicationRequest/GLP1-006-WEGOVY-REQ,True,,12305.9,798.333333,135.166667,0.002948,False,,,,No GLP-1 use.,"No other current GLP-1 therapy is documented. The draft Wegovy order is the treatment under review, not concurrent therapy."
main_gpt,GLP1-006__BCBS_FEP_WEGOVY_2026_07_01,GLP1-006,BCBS_FEP_WEGOVY_2026_07_01,gpt,no_concurrent_pa_weight_loss_med,medication_reconciliation,easy_positive,strong_evidence,PASS,PASS,True,gpt,0.99,,,DocumentReference/GLP1-006-NUTR-002;DocumentReference/GLP1-006-PCP-001;DocumentReference/GLP1-006-PCP-003,MedicationStatement/GLP1-006-ORLISTAT;DocumentReference/GLP1-006-PCP-001;DocumentReference/GLP1-006-PCP-003,True,,12305.9,798.333333,135.166667,0.002948,False,,,,Orlistat stopped mid-2024; not concurrent.,"Orlistat is recorded as completed, and the notes confirm it was stopped and not restarted; no other concurrent Appendix 2 medication is documented."
main_gpt,GLP1-006__UHC_WEGOVY_P1114_22_2026_09_01,GLP1-006,UHC_WEGOVY_P1114_22_2026_09_01,gpt,age,deterministic,easy_positive,strong_evidence,PASS,PASS,True,gpt,1.0,,,,Patient/GLP1-006,,,7027.3,1001.75,96.5,0.002968,False,,,,Age 35 on 2026-09-01 (min 12).,"Birth date 1990-11-02 makes the patient 35 on the 2026-09-01 request date, above the minimum age of 12."
main_gpt,GLP1-006__UHC_WEGOVY_P1114_22_2026_09_01,GLP1-006,UHC_WEGOVY_P1114_22_2026_09_01,gpt,indication,deterministic,easy_positive,strong_evidence,PASS,PASS,True,gpt,1.0,,,,MedicationRequest/GLP1-006-WEGOVY-REQ;DocumentReference/GLP1-006-PCP-003,,,7027.3,1001.75,96.5,0.002968,False,,,,Initial Wegovy request for chronic weight management.,"The request is for chronic weight management, and the prescribing note identifies obesity treatment as the reason for Wegovy."
main_gpt,GLP1-006__UHC_WEGOVY_P1114_22_2026_09_01,GLP1-006,UHC_WEGOVY_P1114_22_2026_09_01,gpt,lifestyle_adjunct,semantic,easy_positive,strong_evidence,PASS,PASS,True,gpt,0.99,,,DocumentReference/GLP1-006-NUTR-001;DocumentReference/GLP1-006-NUTR-002;DocumentReference/GLP1-006-PCP-001;DocumentReference/GLP1-006-PCP-003;DocumentReference/GLP1-006-TEL-002,DocumentReference/GLP1-006-PCP-003,True,,7027.3,1001.75,96.5,0.002968,False,,,,Final note documents continued diet and exercise.,The 2026-08-04 note documents ongoing food tracking and swimming and directs the patient to continue the diet and exercise plan alongside Wegovy.
main_gpt,GLP1-006__UHC_WEGOVY_P1114_22_2026_09_01,GLP1-006,UHC_WEGOVY_P1114_22_2026_09_01,gpt,bmi_threshold,deterministic,easy_positive,strong_evidence,PASS,PASS,True,gpt,1.0,,,,Observation/GLP1-006-BMI-2026-08-04,,,7027.3,1001.75,96.5,0.002968,False,,,,Latest structured BMI 39.7 (2026-08-04).,"The latest structured BMI is 39.7 kg/m², exceeding the primary threshold of 30 without needing a comorbidity."
main_gpt,GLP1-007__AETNA_WEGOVY_4774C_2026_08_20,GLP1-007,AETNA_WEGOVY_4774C_2026_08_20,gpt,age,deterministic,easy_positive,near_duration_threshold,PASS,PASS,True,gpt,1.0,,,,Patient/GLP1-007,,,8305.0,829.6,113.0,0.002789,False,,,,Age 42 on 2026-09-01 (min 18).,"Born December 18, 1983, the patient was 42 on the September 1, 2026 request date."
main_gpt,GLP1-007__AETNA_WEGOVY_4774C_2026_08_20,GLP1-007,AETNA_WEGOVY_4774C_2026_08_20,gpt,indication,deterministic,easy_positive,near_duration_threshold,PASS,PASS,True,gpt,0.99,,,,MedicationRequest/GLP1-007-WEGOVY-REQ;DocumentReference/GLP1-007-PCP-003,,,8305.0,829.6,113.0,0.002789,False,,,,Initial Wegovy request for chronic weight management.,Wegovy is requested for chronic weight management in a patient seeking medication for excess body weight.
main_gpt,GLP1-007__AETNA_WEGOVY_4774C_2026_08_20,GLP1-007,AETNA_WEGOVY_4774C_2026_08_20,gpt,adjunct_diet_and_activity,semantic,easy_positive,near_duration_threshold,PASS,PASS,True,gpt,0.99,,,DocumentReference/GLP1-007-NUTR-001;DocumentReference/GLP1-007-PCP-001;DocumentReference/GLP1-007-PCP-002;DocumentReference/GLP1-007-PCP-003,DocumentReference/GLP1-007-PCP-003;DocumentReference/GLP1-007-PCP-002,True,,8305.0,829.6,113.0,0.002789,False,,,,Final note documents continued diet AND exercise.,The August 8 note documents ongoing diet and gym activity and directs the patient to continue both with Wegovy; the May note confirms the meal plan and gym routine.
main_gpt,GLP1-007__AETNA_WEGOVY_4774C_2026_08_20,GLP1-007,AETNA_WEGOVY_4774C_2026_08_20,gpt,program_6_months,semantic_temporal,easy_positive,near_duration_threshold,PASS,PASS,True,gpt,0.98,,,DocumentReference/GLP1-007-NUTR-001;DocumentReference/GLP1-007-PCP-001;DocumentReference/GLP1-007-PCP-002;DocumentReference/GLP1-007-PCP-003,DocumentReference/GLP1-007-PCP-001;DocumentReference/GLP1-007-NUTR-001;DocumentReference/GLP1-007-PCP-002;DocumentReference/GLP1-007-PCP-003,True,,8305.0,829.6,113.0,0.002789,False,,,,"Continuous program with diet, activity and follow-up; duration computed from dated events. 2026-01-24 -> 2026-08-08 = 6 whole months (min 6).","A reduced-calorie diet and exercise plan began January 24, with dietitian-led program intake February 7 and documented continuation and follow-up through August 8. Even measured from the February 7 intake, continuous participation exceeds six whole calendar months."
main_gpt,GLP1-007__AETNA_WEGOVY_4774C_2026_08_20,GLP1-007,AETNA_WEGOVY_4774C_2026_08_20,gpt,bmi_threshold,deterministic,easy_positive,near_duration_threshold,PASS,PASS,True,gpt,1.0,,,,Observation/GLP1-007-BMI-2026-08-08,,,8305.0,829.6,113.0,0.002789,False,,,,Latest structured BMI 32.5 (2026-08-08).,"The latest structured BMI before the request is 32.5 kg/m², meeting the ≥30 threshold without a comorbidity requirement."
main_gpt,GLP1-007__BCBS_FEP_WEGOVY_2026_07_01,GLP1-007,BCBS_FEP_WEGOVY_2026_07_01,gpt,age,deterministic,easy_positive,near_duration_threshold,PASS,PASS,True,gpt,1.0,,,,Patient/GLP1-007,,,11645.5,817.0,138.333333,0.003017,False,,,,Age 42 on 2026-09-01 (min 18).,"The patient was 42 years old on the 2026-09-01 request date, meeting the adult age requirement."
main_gpt,GLP1-007__BCBS_FEP_WEGOVY_2026_07_01,GLP1-007,BCBS_FEP_WEGOVY_2026_07_01,gpt,indication,deterministic,easy_positive,near_duration_threshold,PASS,PASS,True,gpt,0.99,,,,MedicationRequest/GLP1-007-WEGOVY-REQ;DocumentReference/GLP1-007-PCP-003,,,11645.5,817.0,138.333333,0.003017,False,,,,Initial Wegovy request for chronic weight management.,"The request is for Wegovy for chronic weight management, and the prescribing note identifies obesity as the reason for treatment."
main_gpt,GLP1-007__BCBS_FEP_WEGOVY_2026_07_01,GLP1-007,BCBS_FEP_WEGOVY_2026_07_01,gpt,bmi_threshold,deterministic,easy_positive,near_duration_threshold,PASS,PASS,True,gpt,1.0,,,,Observation/GLP1-007-BMI-2026-08-08,,,11645.5,817.0,138.333333,0.003017,False,,,,Latest structured BMI 32.5 (2026-08-08).,"The latest structured BMI before the request was 32.5 kg/m², exceeding the 30 kg/m² threshold without a comorbidity requirement."
main_gpt,GLP1-007__BCBS_FEP_WEGOVY_2026_07_01,GLP1-007,BCBS_FEP_WEGOVY_2026_07_01,gpt,weight_management_program,semantic,easy_positive,near_duration_threshold,PASS,PASS,True,gpt,0.99,,,DocumentReference/GLP1-007-NUTR-001;DocumentReference/GLP1-007-PCP-001;DocumentReference/GLP1-007-PCP-002;DocumentReference/GLP1-007-PCP-003,DocumentReference/GLP1-007-NUTR-001;DocumentReference/GLP1-007-PCP-002;DocumentReference/GLP1-007-PCP-003,True,,11645.5,817.0,138.333333,0.003017,False,,,,Enrolled in a comprehensive program with dietitian visits and follow-ups.,"The patient attended a dietitian-led weight management program intake with calorie reduction, food logging, behavioral changes, and an activity plan. Later notes document continued participation and program follow-ups."
main_gpt,GLP1-007__BCBS_FEP_WEGOVY_2026_07_01,GLP1-007,BCBS_FEP_WEGOVY_2026_07_01,gpt,no_concurrent_glp1,medication_reconciliation,easy_positive,near_duration_threshold,PASS,PASS,True,gpt,0.93,,,DocumentReference/GLP1-007-IMM-001;DocumentReference/GLP1-007-OSR-001;DocumentReference/GLP1-007-PCP-003;DocumentReference/GLP1-007-PHARM-001,MedicationRequest/GLP1-007-OMEPRAZOLE;MedicationRequest/GLP1-007-SUMATRIPTAN;MedicationRequest/GLP1-007-SERTRALINE;MedicationRequest/GLP1-007-TRIAMCINOLON;MedicationStatement/GLP1-007-IBUPROFEN;MedicationStatement/GLP1-007-VITAMIN;MedicationRequest/GLP1-007-WEGOVY-REQ;DocumentReference/GLP1-007-PCP-003,,,11645.5,817.0,138.333333,0.003017,False,,,,No GLP-1 or anti-obesity medication in structured data or notes.,"No other GLP-1 receptor agonist appears among the recorded active medications. The draft Wegovy order is the requested therapy, not concurrent therapy."
main_gpt,GLP1-007__BCBS_FEP_WEGOVY_2026_07_01,GLP1-007,BCBS_FEP_WEGOVY_2026_07_01,gpt,no_concurrent_pa_weight_loss_med,medication_reconciliation,easy_positive,near_duration_threshold,PASS,PASS,True,gpt,0.93,,,DocumentReference/GLP1-007-IMM-001;DocumentReference/GLP1-007-OSR-001;DocumentReference/GLP1-007-PCP-003;DocumentReference/GLP1-007-PHARM-001,MedicationRequest/GLP1-007-OMEPRAZOLE;MedicationRequest/GLP1-007-SUMATRIPTAN;MedicationRequest/GLP1-007-SERTRALINE;MedicationRequest/GLP1-007-TRIAMCINOLON;MedicationStatement/GLP1-007-IBUPROFEN;MedicationStatement/GLP1-007-VITAMIN;MedicationRequest/GLP1-007-WEGOVY-REQ;DocumentReference/GLP1-007-PCP-003,,,11645.5,817.0,138.333333,0.003017,False,,,,No PA weight-loss medication in structured data or notes.,No other Appendix 2 PA weight-loss medication appears among the recorded active medications. The draft Wegovy order is excluded from the concurrent-therapy assessment.
main_gpt,GLP1-007__UHC_WEGOVY_P1114_22_2026_09_01,GLP1-007,UHC_WEGOVY_P1114_22_2026_09_01,gpt,age,deterministic,easy_positive,near_duration_threshold,PASS,PASS,True,gpt,1.0,,,,Patient/GLP1-007,,,5407.4,951.0,89.0,0.002792,False,,,,Age 42 on 2026-09-01 (min 12).,"The patient was 42 years old on the request date, exceeding the minimum age of 12."
main_gpt,GLP1-007__UHC_WEGOVY_P1114_22_2026_09_01,GLP1-007,UHC_WEGOVY_P1114_22_2026_09_01,gpt,indication,deterministic,easy_positive,near_duration_threshold,PASS,PASS,True,gpt,1.0,,,,MedicationRequest/GLP1-007-WEGOVY-REQ;DocumentReference/GLP1-007-PCP-003,,,5407.4,951.0,89.0,0.002792,False,,,,Initial Wegovy request for chronic weight management.,"The request is for chronic weight management, and the prescribing note describes treatment of obesity."
main_gpt,GLP1-007__UHC_WEGOVY_P1114_22_2026_09_01,GLP1-007,UHC_WEGOVY_P1114_22_2026_09_01,gpt,lifestyle_adjunct,semantic,easy_positive,near_duration_threshold,PASS,PASS,True,gpt,0.99,,,DocumentReference/GLP1-007-NUTR-001;DocumentReference/GLP1-007-PCP-001;DocumentReference/GLP1-007-PCP-002;DocumentReference/GLP1-007-PCP-003,DocumentReference/GLP1-007-PCP-003,True,,5407.4,951.0,89.0,0.002792,False,,,,Final note documents continued diet and exercise.,"The August 8 note documents ongoing diet, exercise, and program follow-ups, with a plan to continue diet and gym activity alongside Wegovy."
main_gpt,GLP1-007__UHC_WEGOVY_P1114_22_2026_09_01,GLP1-007,UHC_WEGOVY_P1114_22_2026_09_01,gpt,bmi_threshold,deterministic,easy_positive,near_duration_threshold,PASS,PASS,True,gpt,1.0,,,,Observation/GLP1-007-BMI-2026-08-08,,,5407.4,951.0,89.0,0.002792,False,,,,Latest structured BMI 32.5 (2026-08-08).,"The latest structured BMI is 32.5 kg/m², above the threshold of 30; a comorbidity is not required."
main_gpt,GLP1-008__AETNA_WEGOVY_4774C_2026_08_20,GLP1-008,AETNA_WEGOVY_4774C_2026_08_20,gpt,age,deterministic,easy_positive,multiple_conditions,PASS,PASS,True,gpt,1.0,,,,Patient/GLP1-008,,,10213.9,821.2,132.4,0.002966,False,,,,Age 49 on 2026-09-01 (min 18).,"Born March 4, 1977, the patient was 49 on the September 1, 2026 request date."
main_gpt,GLP1-008__AETNA_WEGOVY_4774C_2026_08_20,GLP1-008,AETNA_WEGOVY_4774C_2026_08_20,gpt,indication,deterministic,easy_positive,multiple_conditions,PASS,PASS,True,gpt,0.99,,,,MedicationRequest/GLP1-008-WEGOVY-REQ;DocumentReference/GLP1-008-PCP-003,,,10213.9,821.2,132.4,0.002966,False,,,,Initial Wegovy request for chronic weight management.,"The request is for chronic weight management, and the August note proposes Wegovy for obesity after a plateau on the lifestyle program."
main_gpt,GLP1-008__AETNA_WEGOVY_4774C_2026_08_20,GLP1-008,AETNA_WEGOVY_4774C_2026_08_20,gpt,adjunct_diet_and_activity,semantic,easy_positive,multiple_conditions,PASS,PASS,True,gpt,0.99,,,DocumentReference/GLP1-008-NUTR-001;DocumentReference/GLP1-008-PCP-001;DocumentReference/GLP1-008-PCP-002;DocumentReference/GLP1-008-PCP-003,DocumentReference/GLP1-008-PCP-001;DocumentReference/GLP1-008-PCP-003,True,,10213.9,821.2,132.4,0.002966,False,,,,Final note documents continued diet AND exercise.,The August 20 note documents continued diet and walking and directs the patient to continue both with Wegovy. The continuing diet is the reduced-calorie meal plan documented in January.
main_gpt,GLP1-008__AETNA_WEGOVY_4774C_2026_08_20,GLP1-008,AETNA_WEGOVY_4774C_2026_08_20,gpt,program_6_months,semantic_temporal,easy_positive,multiple_conditions,PASS,PASS,True,gpt,0.99,,,DocumentReference/GLP1-008-NUTR-001;DocumentReference/GLP1-008-PCP-001;DocumentReference/GLP1-008-PCP-002;DocumentReference/GLP1-008-PCP-003,DocumentReference/GLP1-008-PCP-001;DocumentReference/GLP1-008-NUTR-001;DocumentReference/GLP1-008-PCP-002;DocumentReference/GLP1-008-PCP-003,True,,10213.9,821.2,132.4,0.002966,False,,,,"Continuous program with diet, activity and follow-up; duration computed from dated events. 2026-01-20 -> 2026-08-20 = 7 whole months (min 6).","The structured program began January 20 with a reduced-calorie plan, walking, and coaching; February, May, and August notes document participation and follow-up. The continuous documented period through August 20 is seven whole calendar months."
main_gpt,GLP1-008__AETNA_WEGOVY_4774C_2026_08_20,GLP1-008,AETNA_WEGOVY_4774C_2026_08_20,gpt,bmi_threshold,deterministic,easy_positive,multiple_conditions,PASS,PASS,True,gpt,1.0,,,,Observation/GLP1-008-BMI-2026-08-20,,,10213.9,821.2,132.4,0.002966,False,,,,Latest structured BMI 37.1 (2026-08-20).,"The latest structured BMI before the request is 37.1 kg/m², exceeding the threshold of 30."
main_gpt,GLP1-008__BCBS_FEP_WEGOVY_2026_07_01,GLP1-008,BCBS_FEP_WEGOVY_2026_07_01,gpt,age,deterministic,easy_positive,multiple_conditions,PASS,PASS,True,gpt,1.0,,,,Patient/GLP1-008,,,12209.2,800.833333,136.0,0.002962,False,,,,Age 49 on 2026-09-01 (min 18).,The patient was 49 years old on the 2026-09-01 request date.
main_gpt,GLP1-008__BCBS_FEP_WEGOVY_2026_07_01,GLP1-008,BCBS_FEP_WEGOVY_2026_07_01,gpt,indication,deterministic,easy_positive,multiple_conditions,PASS,PASS,True,gpt,1.0,,,,MedicationRequest/GLP1-008-WEGOVY-REQ;DocumentReference/GLP1-008-PCP-003,,,12209.2,800.833333,136.0,0.002962,False,,,,Initial Wegovy request for chronic weight management.,"The request is for Wegovy for chronic weight management, consistent with the clinician’s obesity treatment plan."
main_gpt,GLP1-008__BCBS_FEP_WEGOVY_2026_07_01,GLP1-008,BCBS_FEP_WEGOVY_2026_07_01,gpt,bmi_threshold,deterministic,easy_positive,multiple_conditions,PASS,PASS,True,gpt,1.0,,,,Observation/GLP1-008-BMI-2026-08-20,,,12209.2,800.833333,136.0,0.002962,False,,,,Latest structured BMI 37.1 (2026-08-20).,"The latest structured BMI before the request was 37.1 kg/m², exceeding the threshold of 30."
main_gpt,GLP1-008__BCBS_FEP_WEGOVY_2026_07_01,GLP1-008,BCBS_FEP_WEGOVY_2026_07_01,gpt,weight_management_program,semantic,easy_positive,multiple_conditions,PASS,PASS,True,gpt,0.99,,,DocumentReference/GLP1-008-NUTR-001;DocumentReference/GLP1-008-PCP-001;DocumentReference/GLP1-008-PCP-002;DocumentReference/GLP1-008-PCP-003,DocumentReference/GLP1-008-PCP-001;DocumentReference/GLP1-008-NUTR-001;DocumentReference/GLP1-008-PCP-002;DocumentReference/GLP1-008-PCP-003,True,,12209.2,800.833333,136.0,0.002962,False,,,,Enrolled in a comprehensive program with dietitian visits and follow-ups.,"The patient participated in an employer-sponsored program with coaching, dietitian follow-up, a reduced-calorie diet, food logging, and regular walking."
main_gpt,GLP1-008__BCBS_FEP_WEGOVY_2026_07_01,GLP1-008,BCBS_FEP_WEGOVY_2026_07_01,gpt,no_concurrent_glp1,medication_reconciliation,easy_positive,multiple_conditions,PASS,PASS,True,gpt,0.95,,,DocumentReference/GLP1-008-PCP-001;DocumentReference/GLP1-008-PCP-003;DocumentReference/GLP1-008-TEL-001;DocumentReference/GLP1-008-UC-001,MedicationRequest/GLP1-008-SUMATRIPTAN;MedicationRequest/GLP1-008-SERTRALINE;MedicationRequest/GLP1-008-TRIAMCINOLON;MedicationRequest/GLP1-008-LISINOPRIL;MedicationStatement/GLP1-008-CETIRIZINE;MedicationRequest/GLP1-008-WEGOVY-REQ,,,12209.2,800.833333,136.0,0.002962,False,,,,No GLP-1 or anti-obesity medication in structured data or notes.,"No other GLP-1 receptor agonist appears among the documented active medications. The draft Wegovy order is the request under review, not concurrent therapy."
main_gpt,GLP1-008__BCBS_FEP_WEGOVY_2026_07_01,GLP1-008,BCBS_FEP_WEGOVY_2026_07_01,gpt,no_concurrent_pa_weight_loss_med,medication_reconciliation,easy_positive,multiple_conditions,PASS,PASS,True,gpt,0.95,,,DocumentReference/GLP1-008-PCP-001;DocumentReference/GLP1-008-PCP-003;DocumentReference/GLP1-008-TEL-001;DocumentReference/GLP1-008-UC-001,MedicationRequest/GLP1-008-SUMATRIPTAN;MedicationRequest/GLP1-008-SERTRALINE;MedicationRequest/GLP1-008-TRIAMCINOLON;MedicationRequest/GLP1-008-LISINOPRIL;MedicationStatement/GLP1-008-CETIRIZINE;MedicationRequest/GLP1-008-WEGOVY-REQ,,,12209.2,800.833333,136.0,0.002962,False,,,,No PA weight-loss medication in structured data or notes.,No other Appendix 2 weight-loss medication appears among the documented active medications. The draft Wegovy order is excluded from the concurrency assessment.
main_gpt,GLP1-008__UHC_WEGOVY_P1114_22_2026_09_01,GLP1-008,UHC_WEGOVY_P1114_22_2026_09_01,gpt,age,deterministic,easy_positive,multiple_conditions,PASS,PASS,True,gpt,1.0,,,,Patient/GLP1-008,,,5953.3,940.5,86.75,0.002749,False,,,,Age 49 on 2026-09-01 (min 12).,"The patient was 49 on the request date, exceeding the minimum age of 12."
main_gpt,GLP1-008__UHC_WEGOVY_P1114_22_2026_09_01,GLP1-008,UHC_WEGOVY_P1114_22_2026_09_01,gpt,indication,deterministic,easy_positive,multiple_conditions,PASS,PASS,True,gpt,1.0,,,,MedicationRequest/GLP1-008-WEGOVY-REQ;DocumentReference/GLP1-008-PCP-003,,,5953.3,940.5,86.75,0.002749,False,,,,Initial Wegovy request for chronic weight management.,Wegovy is requested for obesity and weight management.
main_gpt,GLP1-008__UHC_WEGOVY_P1114_22_2026_09_01,GLP1-008,UHC_WEGOVY_P1114_22_2026_09_01,gpt,lifestyle_adjunct,semantic,easy_positive,multiple_conditions,PASS,PASS,True,gpt,0.99,,,DocumentReference/GLP1-008-NUTR-001;DocumentReference/GLP1-008-PCP-001;DocumentReference/GLP1-008-PCP-002;DocumentReference/GLP1-008-PCP-003,DocumentReference/GLP1-008-PCP-003,True,,5953.3,940.5,86.75,0.002749,False,,,,Final note documents continued diet and exercise.,"The August 20 note documents ongoing diet, walking, and program follow-ups, with instructions to continue diet and walking alongside Wegovy."
main_gpt,GLP1-008__UHC_WEGOVY_P1114_22_2026_09_01,GLP1-008,UHC_WEGOVY_P1114_22_2026_09_01,gpt,bmi_threshold,deterministic,easy_positive,multiple_conditions,PASS,PASS,True,gpt,1.0,,,,Observation/GLP1-008-BMI-2026-08-20,,,5953.3,940.5,86.75,0.002749,False,,,,Latest structured BMI 37.1 (2026-08-20).,"The latest structured BMI is 37.1 kg/m², exceeding the primary threshold of 30."
main_gpt,GLP1-009__AETNA_WEGOVY_4774C_2026_08_20,GLP1-009,AETNA_WEGOVY_4774C_2026_08_20,gpt,age,deterministic,easy_positive,near_bmi_threshold,PASS,PASS,True,gpt,1.0,,,,Patient/GLP1-009,,,9062.6,927.6,142.4,0.003279,False,,,,Age 56 on 2026-09-01 (min 18).,"Born December 15, 1969, the patient was 56 on the September 1, 2026 request date."
main_gpt,GLP1-009__AETNA_WEGOVY_4774C_2026_08_20,GLP1-009,AETNA_WEGOVY_4774C_2026_08_20,gpt,indication,deterministic,easy_positive,near_bmi_threshold,PASS,PASS,True,gpt,0.99,,,,MedicationRequest/GLP1-009-WEGOVY-REQ;DocumentReference/GLP1-009-PCP-003,,,9062.6,927.6,142.4,0.003279,False,,,,Initial Wegovy request for chronic weight management.,"The request is for chronic weight management, and the prescribing note identifies obesity and proposes Wegovy after minimal response to lifestyle treatment."
main_gpt,GLP1-009__AETNA_WEGOVY_4774C_2026_08_20,GLP1-009,AETNA_WEGOVY_4774C_2026_08_20,gpt,adjunct_diet_and_activity,semantic,easy_positive,near_bmi_threshold,PASS,PASS,True,gpt,0.98,,,DocumentReference/GLP1-009-LAB-001;DocumentReference/GLP1-009-NUTR-001;DocumentReference/GLP1-009-NUTR-002;DocumentReference/GLP1-009-PCP-001;DocumentReference/GLP1-009-PCP-003,DocumentReference/GLP1-009-PCP-003;DocumentReference/GLP1-009-NUTR-002,True,,9062.6,927.6,142.4,0.003279,False,,,,Final note documents continued diet AND exercise.,"Within 180 days of the request, the patient reported continuing calorie tracking, the diet plan, and gym activity. The August prescribing plan calls for continuing the diet plan and strength training alongside Wegovy."
main_gpt,GLP1-009__AETNA_WEGOVY_4774C_2026_08_20,GLP1-009,AETNA_WEGOVY_4774C_2026_08_20,gpt,program_6_months,semantic_temporal,easy_positive,near_bmi_threshold,PASS,PASS,True,gpt,0.98,,,DocumentReference/GLP1-009-LAB-001;DocumentReference/GLP1-009-NUTR-001;DocumentReference/GLP1-009-NUTR-002;DocumentReference/GLP1-009-PCP-001;DocumentReference/GLP1-009-PCP-003,DocumentReference/GLP1-009-NUTR-001;DocumentReference/GLP1-009-PCP-002;DocumentReference/GLP1-009-NUTR-002;DocumentReference/GLP1-009-PCP-003,True,,9062.6,927.6,142.4,0.003279,False,,,,"Continuous program with diet, activity and follow-up; duration computed from dated events. 2025-09-06 -> 2026-08-06 = 11 whole months (min 6).","Dietitian-led program intake on September 28, 2025 documented calorie reduction, activity, and planned follow-up; subsequent notes document continued participation through August 6, 2026. This continuous documented period exceeds six whole calendar months."
main_gpt,GLP1-009__AETNA_WEGOVY_4774C_2026_08_20,GLP1-009,AETNA_WEGOVY_4774C_2026_08_20,gpt,bmi_threshold,deterministic,easy_positive,near_bmi_threshold,PASS,PASS,True,gpt,1.0,,,,Observation/GLP1-009-BMI-2026-08-06,,,9062.6,927.6,142.4,0.003279,False,,,,Latest structured BMI 30.4 (2026-08-06).,"The latest structured BMI before the request is 30.4 kg/m², meeting the BMI ≥30 threshold without a comorbidity requirement."
main_gpt,GLP1-009__BCBS_FEP_WEGOVY_2026_07_01,GLP1-009,BCBS_FEP_WEGOVY_2026_07_01,gpt,age,deterministic,easy_positive,near_bmi_threshold,PASS,PASS,True,gpt,1.0,,,,Patient/GLP1-009,,,16288.7,864.833333,186.833333,0.003598,False,,,,Age 56 on 2026-09-01 (min 18).,The patient was 56 years old on the 2026-09-01 request date.
main_gpt,GLP1-009__BCBS_FEP_WEGOVY_2026_07_01,GLP1-009,BCBS_FEP_WEGOVY_2026_07_01,gpt,indication,deterministic,easy_positive,near_bmi_threshold,PASS,PASS,True,gpt,1.0,,,,MedicationRequest/GLP1-009-WEGOVY-REQ;DocumentReference/GLP1-009-PCP-003,,,16288.7,864.833333,186.833333,0.003598,False,,,,Initial Wegovy request for chronic weight management.,"The request is for Wegovy for chronic weight management, consistent with the obesity treatment plan."
main_gpt,GLP1-009__BCBS_FEP_WEGOVY_2026_07_01,GLP1-009,BCBS_FEP_WEGOVY_2026_07_01,gpt,bmi_threshold,deterministic,easy_positive,near_bmi_threshold,PASS,PASS,True,gpt,1.0,,,,Observation/GLP1-009-BMI-2026-08-06,,,16288.7,864.833333,186.833333,0.003598,False,,,,Latest structured BMI 30.4 (2026-08-06).,"The latest structured BMI before the request is 30.4 kg/m², meeting the BMI ≥30 threshold without a comorbidity requirement."
main_gpt,GLP1-009__BCBS_FEP_WEGOVY_2026_07_01,GLP1-009,BCBS_FEP_WEGOVY_2026_07_01,gpt,weight_management_program,semantic,easy_positive,near_bmi_threshold,PASS,PASS,True,gpt,0.99,,,DocumentReference/GLP1-009-NUTR-001;DocumentReference/GLP1-009-NUTR-002;DocumentReference/GLP1-009-PCP-001;DocumentReference/GLP1-009-PCP-003,DocumentReference/GLP1-009-NUTR-001;DocumentReference/GLP1-009-NUTR-002;DocumentReference/GLP1-009-PCP-003,True,,16288.7,864.833333,186.833333,0.003598,False,,,,Enrolled in a comprehensive program with dietitian visits and follow-ups.,"Dietitian-led program intake and follow-up document participation involving calorie reduction, behavioral changes, and physical activity. The August 2026 note reports continued program follow-ups."
main_gpt,GLP1-009__BCBS_FEP_WEGOVY_2026_07_01,GLP1-009,BCBS_FEP_WEGOVY_2026_07_01,gpt,no_concurrent_glp1,medication_reconciliation,easy_positive,near_bmi_threshold,PASS,PASS,True,gpt,0.95,,,DocumentReference/GLP1-009-LAB-001;DocumentReference/GLP1-009-OSR-002;DocumentReference/GLP1-009-PCP-003;DocumentReference/GLP1-009-PHARM-001,MedicationRequest/GLP1-009-OMEPRAZOLE;MedicationRequest/GLP1-009-TRIAMCINOLON;MedicationRequest/GLP1-009-SERTRALINE;MedicationRequest/GLP1-009-SUMATRIPTAN;MedicationStatement/GLP1-009-CETIRIZINE;MedicationStatement/GLP1-009-IBUPROFEN;MedicationStatement/GLP1-009-VITAMIN;MedicationRequest/GLP1-009-WEGOVY-REQ;DocumentReference/GLP1-009-PCP-003,,,16288.7,864.833333,186.833333,0.003598,False,,,,No GLP-1 or anti-obesity medication in structured data or notes.,No other GLP-1 receptor agonist is documented among the active medications or in the latest treatment plan. The draft Wegovy order under review is excluded.
main_gpt,GLP1-009__BCBS_FEP_WEGOVY_2026_07_01,GLP1-009,BCBS_FEP_WEGOVY_2026_07_01,gpt,no_concurrent_pa_weight_loss_med,medication_reconciliation,easy_positive,near_bmi_threshold,PASS,PASS,True,gpt,0.95,,,DocumentReference/GLP1-009-LAB-001;DocumentReference/GLP1-009-OSR-002;DocumentReference/GLP1-009-PCP-003;DocumentReference/GLP1-009-PHARM-001,MedicationRequest/GLP1-009-OMEPRAZOLE;MedicationRequest/GLP1-009-TRIAMCINOLON;MedicationRequest/GLP1-009-SERTRALINE;MedicationRequest/GLP1-009-SUMATRIPTAN;MedicationStatement/GLP1-009-CETIRIZINE;MedicationStatement/GLP1-009-IBUPROFEN;MedicationStatement/GLP1-009-VITAMIN;MedicationRequest/GLP1-009-WEGOVY-REQ;DocumentReference/GLP1-009-PCP-003,,,16288.7,864.833333,186.833333,0.003598,False,,,,No PA weight-loss medication in structured data or notes.,No other Appendix 2 PA weight-loss medication is documented among the active medications or in the latest treatment plan. The draft Wegovy order under review is excluded.
main_gpt,GLP1-009__UHC_WEGOVY_P1114_22_2026_09_01,GLP1-009,UHC_WEGOVY_P1114_22_2026_09_01,gpt,age,deterministic,easy_positive,near_bmi_threshold,PASS,PASS,True,gpt,1.0,,,,Patient/GLP1-009,,,5261.3,1071.5,92.25,0.003066,False,,,,Age 56 on 2026-09-01 (min 12).,"Birth date 1969-12-15 makes the patient 56 on the 2026-09-01 request date, exceeding the minimum age of 12."
main_gpt,GLP1-009__UHC_WEGOVY_P1114_22_2026_09_01,GLP1-009,UHC_WEGOVY_P1114_22_2026_09_01,gpt,indication,deterministic,easy_positive,near_bmi_threshold,PASS,PASS,True,gpt,1.0,,,,MedicationRequest/GLP1-009-WEGOVY-REQ,,,5261.3,1071.5,92.25,0.003066,False,,,,Initial Wegovy request for chronic weight management.,"The PA request is for chronic weight management, and the requested order is for Wegovy."
main_gpt,GLP1-009__UHC_WEGOVY_P1114_22_2026_09_01,GLP1-009,UHC_WEGOVY_P1114_22_2026_09_01,gpt,lifestyle_adjunct,semantic,easy_positive,near_bmi_threshold,PASS,PASS,True,gpt,0.99,,,DocumentReference/GLP1-009-LAB-001;DocumentReference/GLP1-009-NUTR-001;DocumentReference/GLP1-009-NUTR-002;DocumentReference/GLP1-009-PCP-001;DocumentReference/GLP1-009-PCP-003,DocumentReference/GLP1-009-PCP-003,True,,5261.3,1071.5,92.25,0.003066,False,,,,Final note documents continued diet and exercise.,The 2026-08-06 note documents an ongoing diet and exercise plan and directs the patient to continue the diet plan and strength training with Wegovy.
main_gpt,GLP1-009__UHC_WEGOVY_P1114_22_2026_09_01,GLP1-009,UHC_WEGOVY_P1114_22_2026_09_01,gpt,bmi_threshold,deterministic,easy_positive,near_bmi_threshold,PASS,PASS,True,gpt,1.0,,,,Observation/GLP1-009-BMI-2026-08-06,,,5261.3,1071.5,92.25,0.003066,False,,,,Latest structured BMI 30.4 (2026-08-06).,"The latest structured BMI is 30.4 kg/m², meeting the BMI ≥30 threshold without a comorbidity requirement."
main_gpt,GLP1-010__AETNA_WEGOVY_4774C_2026_08_20,GLP1-010,AETNA_WEGOVY_4774C_2026_08_20,gpt,age,deterministic,easy_positive,obvious_positive,PASS,PASS,True,gpt,1.0,,,,Patient/GLP1-010,,,8396.5,893.2,118.6,0.002972,False,,,,Age 28 on 2026-09-01 (min 18).,"Born November 21, 1997, the patient was 28 on the September 1, 2026 request date."
main_gpt,GLP1-010__AETNA_WEGOVY_4774C_2026_08_20,GLP1-010,AETNA_WEGOVY_4774C_2026_08_20,gpt,indication,deterministic,easy_positive,obvious_positive,PASS,PASS,True,gpt,1.0,,,,MedicationRequest/GLP1-010-WEGOVY-REQ;DocumentReference/GLP1-010-PCP-003,,,8396.5,893.2,118.6,0.002972,False,,,,Initial Wegovy request for chronic weight management.,"The request is for chronic weight management, and the prescribing note identifies class III obesity as the reason for starting Wegovy."
main_gpt,GLP1-010__AETNA_WEGOVY_4774C_2026_08_20,GLP1-010,AETNA_WEGOVY_4774C_2026_08_20,gpt,adjunct_diet_and_activity,semantic,easy_positive,obvious_positive,PASS,PASS,True,gpt,0.99,,,DocumentReference/GLP1-010-NUTR-001;DocumentReference/GLP1-010-NUTR-002;DocumentReference/GLP1-010-PCP-001;DocumentReference/GLP1-010-PCP-003,DocumentReference/GLP1-010-PCP-003,True,,8396.5,893.2,118.6,0.002972,False,,,,Final note documents continued diet AND exercise.,The August 14 note documents continued adherence to the reduced-calorie diet and biking plan and directs the patient to continue both with Wegovy.
main_gpt,GLP1-010__AETNA_WEGOVY_4774C_2026_08_20,GLP1-010,AETNA_WEGOVY_4774C_2026_08_20,gpt,program_6_months,semantic_temporal,easy_positive,obvious_positive,PASS,PASS,True,gpt,0.98,,,DocumentReference/GLP1-010-NUTR-001;DocumentReference/GLP1-010-NUTR-002;DocumentReference/GLP1-010-PCP-001;DocumentReference/GLP1-010-PCP-003,DocumentReference/GLP1-010-NUTR-001;DocumentReference/GLP1-010-PCP-002;DocumentReference/GLP1-010-NUTR-002;DocumentReference/GLP1-010-PCP-003,True,,8396.5,893.2,118.6,0.002972,False,,,,"Continuous program with diet, activity and follow-up; duration computed from dated events. 2025-06-14 -> 2026-08-14 = 14 whole months (min 6).","Healthy Weight program intake on July 8, 2025 established diet, activity, and follow-up plans; subsequent notes document continued participation through August 14, 2026, exceeding six continuous calendar months."
main_gpt,GLP1-010__AETNA_WEGOVY_4774C_2026_08_20,GLP1-010,AETNA_WEGOVY_4774C_2026_08_20,gpt,bmi_threshold,deterministic,easy_positive,obvious_positive,PASS,PASS,True,gpt,1.0,,,,Observation/GLP1-010-BMI-2026-08-14,,,8396.5,893.2,118.6,0.002972,False,,,,Latest structured BMI 42.3 (2026-08-14).,"The latest structured BMI before the request was 42.3 kg/m², exceeding the 30 kg/m² threshold without needing a comorbidity."
main_gpt,GLP1-010__BCBS_FEP_WEGOVY_2026_07_01,GLP1-010,BCBS_FEP_WEGOVY_2026_07_01,gpt,age,deterministic,easy_positive,obvious_positive,PASS,PASS,True,gpt,1.0,,,,Patient/GLP1-010,,,13416.0,838.5,166.166667,0.003339,False,,,,Age 28 on 2026-09-01 (min 18).,"Born 1997-11-21, the patient is 28 on the 2026-09-01 request date."
main_gpt,GLP1-010__BCBS_FEP_WEGOVY_2026_07_01,GLP1-010,BCBS_FEP_WEGOVY_2026_07_01,gpt,indication,deterministic,easy_positive,obvious_positive,PASS,PASS,True,gpt,1.0,,,,MedicationRequest/GLP1-010-WEGOVY-REQ;DocumentReference/GLP1-010-PCP-003,,,13416.0,838.5,166.166667,0.003339,False,,,,Initial Wegovy request for chronic weight management.,"The request is for chronic weight management, and the prescribing note addresses treatment of obesity."
main_gpt,GLP1-010__BCBS_FEP_WEGOVY_2026_07_01,GLP1-010,BCBS_FEP_WEGOVY_2026_07_01,gpt,bmi_threshold,deterministic,easy_positive,obvious_positive,PASS,PASS,True,gpt,1.0,,,,Observation/GLP1-010-BMI-2026-08-14,,,13416.0,838.5,166.166667,0.003339,False,,,,Latest structured BMI 42.3 (2026-08-14).,"The latest structured BMI before the request is 42.3 kg/m², exceeding the 30 kg/m² threshold."
main_gpt,GLP1-010__BCBS_FEP_WEGOVY_2026_07_01,GLP1-010,BCBS_FEP_WEGOVY_2026_07_01,gpt,weight_management_program,semantic,easy_positive,obvious_positive,PASS,PASS,True,gpt,0.99,,,DocumentReference/GLP1-010-NUTR-001;DocumentReference/GLP1-010-NUTR-002;DocumentReference/GLP1-010-PCP-001;DocumentReference/GLP1-010-PCP-003,DocumentReference/GLP1-010-NUTR-001;DocumentReference/GLP1-010-NUTR-002;DocumentReference/GLP1-010-PCP-003,True,,13416.0,838.5,166.166667,0.003339,False,,,,Enrolled in a comprehensive program with dietitian visits and follow-ups.,"The patient completed Healthy Weight program intake, received a reduced-calorie diet and activity plan, and continued program follow-ups. The latest note reports ongoing participation."
main_gpt,GLP1-010__BCBS_FEP_WEGOVY_2026_07_01,GLP1-010,BCBS_FEP_WEGOVY_2026_07_01,gpt,no_concurrent_glp1,medication_reconciliation,easy_positive,obvious_positive,PASS,PASS,True,gpt,0.97,,,DocumentReference/GLP1-010-NUTR-002;DocumentReference/GLP1-010-PCP-001;DocumentReference/GLP1-010-PCP-003,MedicationRequest/GLP1-010-SUMATRIPTAN;MedicationRequest/GLP1-010-OMEPRAZOLE;MedicationRequest/GLP1-010-LISINOPRIL;MedicationRequest/GLP1-010-TRIAMCINOLON;MedicationStatement/GLP1-010-CETIRIZINE;MedicationStatement/GLP1-010-VITAMIN;MedicationRequest/GLP1-010-WEGOVY-REQ,,,13416.0,838.5,166.166667,0.003339,False,,,,No GLP-1 or anti-obesity medication in structured data or notes.,"No other GLP-1 therapy appears among the documented active medications. The draft Wegovy order is the requested therapy, not concurrent treatment."
main_gpt,GLP1-010__BCBS_FEP_WEGOVY_2026_07_01,GLP1-010,BCBS_FEP_WEGOVY_2026_07_01,gpt,no_concurrent_pa_weight_loss_med,medication_reconciliation,easy_positive,obvious_positive,PASS,PASS,True,gpt,0.97,,,DocumentReference/GLP1-010-NUTR-002;DocumentReference/GLP1-010-PCP-001;DocumentReference/GLP1-010-PCP-003,MedicationRequest/GLP1-010-SUMATRIPTAN;MedicationRequest/GLP1-010-OMEPRAZOLE;MedicationRequest/GLP1-010-LISINOPRIL;MedicationRequest/GLP1-010-TRIAMCINOLON;MedicationStatement/GLP1-010-CETIRIZINE;MedicationStatement/GLP1-010-VITAMIN;MedicationRequest/GLP1-010-WEGOVY-REQ,,,13416.0,838.5,166.166667,0.003339,False,,,,No PA weight-loss medication in structured data or notes.,No other Appendix 2 weight-loss medication appears among the documented active medications. The draft Wegovy order is excluded from the concurrency check.
main_gpt,GLP1-010__UHC_WEGOVY_P1114_22_2026_09_01,GLP1-010,UHC_WEGOVY_P1114_22_2026_09_01,gpt,age,deterministic,easy_positive,obvious_positive,PASS,PASS,True,gpt,1.0,,,,Patient/GLP1-010,,,6484.5,1030.5,98.25,0.003044,False,,,,Age 28 on 2026-09-01 (min 12).,"The recorded birth date is 1997-11-21, making the patient 28 on the 2026-09-01 request date."
main_gpt,GLP1-010__UHC_WEGOVY_P1114_22_2026_09_01,GLP1-010,UHC_WEGOVY_P1114_22_2026_09_01,gpt,indication,deterministic,easy_positive,obvious_positive,PASS,PASS,True,gpt,1.0,,,,MedicationRequest/GLP1-010-WEGOVY-REQ;DocumentReference/GLP1-010-PCP-003,,,6484.5,1030.5,98.25,0.003044,False,,,,Initial Wegovy request for chronic weight management.,"The request is for chronic weight management, and the prescriber documents starting Wegovy for obesity."
main_gpt,GLP1-010__UHC_WEGOVY_P1114_22_2026_09_01,GLP1-010,UHC_WEGOVY_P1114_22_2026_09_01,gpt,lifestyle_adjunct,semantic,easy_positive,obvious_positive,PASS,PASS,True,gpt,0.99,,,DocumentReference/GLP1-010-NUTR-001;DocumentReference/GLP1-010-NUTR-002;DocumentReference/GLP1-010-PCP-001;DocumentReference/GLP1-010-PCP-003,DocumentReference/GLP1-010-PCP-003,True,,6484.5,1030.5,98.25,0.003044,False,,,,Final note documents continued diet and exercise.,"The 2026-08-14 note documents ongoing diet, biking, and program follow-ups, with instructions to continue the diet and bike plan alongside Wegovy."
main_gpt,GLP1-010__UHC_WEGOVY_P1114_22_2026_09_01,GLP1-010,UHC_WEGOVY_P1114_22_2026_09_01,gpt,bmi_threshold,deterministic,easy_positive,obvious_positive,PASS,PASS,True,gpt,1.0,,,,Observation/GLP1-010-BMI-2026-08-14,,,6484.5,1030.5,98.25,0.003044,False,,,,Latest structured BMI 42.3 (2026-08-14).,"The latest structured BMI is 42.3 kg/m², exceeding the primary threshold of 30; a comorbidity is not required."
main_gpt,GLP1-011__AETNA_WEGOVY_4774C_2026_08_20,GLP1-011,AETNA_WEGOVY_4774C_2026_08_20,gpt,age,deterministic,easy_negative,bmi_failure,PASS,PASS,True,gpt,1.0,,,,Patient/GLP1-011,,,9030.0,846.4,137.6,0.003069,False,,,,Age 35 on 2026-09-01 (min 18).,The patient was 35 on the 2026-09-01 request date.
main_gpt,GLP1-011__AETNA_WEGOVY_4774C_2026_08_20,GLP1-011,AETNA_WEGOVY_4774C_2026_08_20,gpt,indication,deterministic,easy_negative,bmi_failure,PASS,PASS,True,gpt,1.0,,,,MedicationRequest/GLP1-011-WEGOVY-REQ;DocumentReference/GLP1-011-PCP-003,,,9030.0,846.4,137.6,0.003069,False,,,,Initial Wegovy request for chronic weight management.,"The request is for chronic weight management, and the prescriber plans Wegovy for weight management."
main_gpt,GLP1-011__AETNA_WEGOVY_4774C_2026_08_20,GLP1-011,AETNA_WEGOVY_4774C_2026_08_20,gpt,adjunct_diet_and_activity,semantic,easy_negative,bmi_failure,PASS,PASS,True,gpt,0.99,,,DocumentReference/GLP1-011-NUTR-001;DocumentReference/GLP1-011-NUTR-002;DocumentReference/GLP1-011-PCP-001;DocumentReference/GLP1-011-PCP-003,DocumentReference/GLP1-011-NUTR-002;DocumentReference/GLP1-011-PCP-003,True,,9030.0,846.4,137.6,0.003069,False,,,,Final note documents continued diet AND exercise.,"Within 180 days of the request, notes document adherence to a reduced-calorie meal plan and regular swimming; the August plan says to continue both with Wegovy."
main_gpt,GLP1-011__AETNA_WEGOVY_4774C_2026_08_20,GLP1-011,AETNA_WEGOVY_4774C_2026_08_20,gpt,program_6_months,semantic_temporal,easy_negative,bmi_failure,PASS,PASS,True,gpt,0.99,,,DocumentReference/GLP1-011-NUTR-001;DocumentReference/GLP1-011-NUTR-002;DocumentReference/GLP1-011-PCP-001;DocumentReference/GLP1-011-PCP-002;DocumentReference/GLP1-011-PCP-003,DocumentReference/GLP1-011-PCP-001;DocumentReference/GLP1-011-NUTR-001;DocumentReference/GLP1-011-PCP-002;DocumentReference/GLP1-011-NUTR-002;DocumentReference/GLP1-011-PCP-003,True,,9030.0,846.4,137.6,0.003069,False,,,,"Continuous program with diet, activity and follow-up; duration computed from dated events. 2025-12-11 -> 2026-08-11 = 8 whole months (min 6).","Enrollment began 2025-12-11, and follow-up documents continued participation, reduced-calorie diet, and swimming through 2026-08-11—eight whole calendar months without a documented interruption."
main_gpt,GLP1-011__AETNA_WEGOVY_4774C_2026_08_20,GLP1-011,AETNA_WEGOVY_4774C_2026_08_20,gpt,bmi_threshold,deterministic,easy_negative,bmi_failure,FAIL,FAIL,True,gpt,1.0,,,,Observation/GLP1-011-BMI-2026-08-11,,,9030.0,846.4,137.6,0.003069,False,,,,Latest structured BMI 24.8 (2026-08-11).,"The latest structured BMI before the request is 24.8 kg/m², below both qualifying thresholds."
main_gpt,GLP1-011__BCBS_FEP_WEGOVY_2026_07_01,GLP1-011,BCBS_FEP_WEGOVY_2026_07_01,gpt,age,deterministic,easy_negative,bmi_failure,PASS,PASS,True,gpt,1.0,,,,Patient/GLP1-011,,,13094.6,798.166667,140.5,0.003001,False,,,,Age 35 on 2026-09-01 (min 18).,"Born September 20, 1990, the patient was 35 on the request date."
main_gpt,GLP1-011__BCBS_FEP_WEGOVY_2026_07_01,GLP1-011,BCBS_FEP_WEGOVY_2026_07_01,gpt,indication,deterministic,easy_negative,bmi_failure,PASS,PASS,True,gpt,1.0,,,,MedicationRequest/GLP1-011-WEGOVY-REQ;DocumentReference/GLP1-011-PCP-003,,,13094.6,798.166667,140.5,0.003001,False,,,,Initial Wegovy request for chronic weight management.,"The request is for chronic weight management, and the clinician's plan identifies Wegovy for weight management."
main_gpt,GLP1-011__BCBS_FEP_WEGOVY_2026_07_01,GLP1-011,BCBS_FEP_WEGOVY_2026_07_01,gpt,bmi_threshold,deterministic,easy_negative,bmi_failure,FAIL,FAIL,True,gpt,1.0,,,,Observation/GLP1-011-BMI-2026-08-11,,,13094.6,798.166667,140.5,0.003001,False,,,,Latest structured BMI 24.8 (2026-08-11).,"The latest structured BMI before the request is 24.8 kg/m², below both qualifying thresholds."
main_gpt,GLP1-011__BCBS_FEP_WEGOVY_2026_07_01,GLP1-011,BCBS_FEP_WEGOVY_2026_07_01,gpt,weight_management_program,semantic,easy_negative,bmi_failure,PASS,PASS,True,gpt,0.99,,,DocumentReference/GLP1-011-NUTR-001;DocumentReference/GLP1-011-NUTR-002;DocumentReference/GLP1-011-PCP-001;DocumentReference/GLP1-011-PCP-002;DocumentReference/GLP1-011-PCP-003,DocumentReference/GLP1-011-PCP-001;DocumentReference/GLP1-011-NUTR-001;DocumentReference/GLP1-011-PCP-003,True,,13094.6,798.166667,140.5,0.003001,False,,,,Enrolled in a comprehensive program with dietitian visits and follow-ups.,"The patient enrolled in the Healthy Weight program and participated in dietitian visits, food logging, a reduced-calorie meal plan, behavioral changes, and regular swimming."
main_gpt,GLP1-011__BCBS_FEP_WEGOVY_2026_07_01,GLP1-011,BCBS_FEP_WEGOVY_2026_07_01,gpt,no_concurrent_glp1,medication_reconciliation,easy_negative,bmi_failure,PASS,PASS,True,gpt,0.96,,,DocumentReference/GLP1-011-MSG-001;DocumentReference/GLP1-011-NUTR-002;DocumentReference/GLP1-011-PCP-003,MedicationRequest/GLP1-011-SUMATRIPTAN;MedicationRequest/GLP1-011-OMEPRAZOLE;MedicationRequest/GLP1-011-TRIAMCINOLON;MedicationStatement/GLP1-011-CETIRIZINE;MedicationStatement/GLP1-011-VITAMIN;MedicationRequest/GLP1-011-WEGOVY-REQ,,,13094.6,798.166667,140.5,0.003001,False,,,,No GLP-1 or anti-obesity medication in structured data or notes.,No other GLP-1 receptor agonist appears among the recorded active medications. The draft Wegovy order is excluded from the concurrency assessment.
main_gpt,GLP1-011__BCBS_FEP_WEGOVY_2026_07_01,GLP1-011,BCBS_FEP_WEGOVY_2026_07_01,gpt,no_concurrent_pa_weight_loss_med,medication_reconciliation,easy_negative,bmi_failure,PASS,PASS,True,gpt,0.96,,,DocumentReference/GLP1-011-MSG-001;DocumentReference/GLP1-011-NUTR-002;DocumentReference/GLP1-011-PCP-003,MedicationRequest/GLP1-011-SUMATRIPTAN;MedicationRequest/GLP1-011-OMEPRAZOLE;MedicationRequest/GLP1-011-TRIAMCINOLON;MedicationStatement/GLP1-011-CETIRIZINE;MedicationStatement/GLP1-011-VITAMIN;MedicationRequest/GLP1-011-WEGOVY-REQ,,,13094.6,798.166667,140.5,0.003001,False,,,,No PA weight-loss medication in structured data or notes.,No other Appendix 2 PA weight-loss medication appears among the recorded active medications. The draft Wegovy order is excluded.
main_gpt,GLP1-011__UHC_WEGOVY_P1114_22_2026_09_01,GLP1-011,UHC_WEGOVY_P1114_22_2026_09_01,gpt,age,deterministic,easy_negative,bmi_failure,PASS,PASS,True,gpt,1.0,,,,Patient/GLP1-011,,,7168.6,946.5,113.5,0.003028,False,,,,Age 35 on 2026-09-01 (min 12).,"The patient was 35 years old on the request date, exceeding the minimum age of 12."
main_gpt,GLP1-011__UHC_WEGOVY_P1114_22_2026_09_01,GLP1-011,UHC_WEGOVY_P1114_22_2026_09_01,gpt,indication,deterministic,easy_negative,bmi_failure,PASS,PASS,True,gpt,1.0,,,,MedicationRequest/GLP1-011-WEGOVY-REQ;DocumentReference/GLP1-011-PCP-003,,,7168.6,946.5,113.5,0.003028,False,,,,Initial Wegovy request for chronic weight management.,"Wegovy is requested for chronic weight management, and the patient asked about medication at a weight-management visit."
main_gpt,GLP1-011__UHC_WEGOVY_P1114_22_2026_09_01,GLP1-011,UHC_WEGOVY_P1114_22_2026_09_01,gpt,lifestyle_adjunct,semantic,easy_negative,bmi_failure,PASS,PASS,True,gpt,0.99,,,DocumentReference/GLP1-011-NUTR-001;DocumentReference/GLP1-011-NUTR-002;DocumentReference/GLP1-011-PCP-001;DocumentReference/GLP1-011-PCP-002;DocumentReference/GLP1-011-PCP-003,DocumentReference/GLP1-011-PCP-003,True,,7168.6,946.5,113.5,0.003028,False,,,,Final note documents continued diet and exercise.,"The August 11 note, within 180 days of the request, documents ongoing meal logging, swimming, and program visits."
main_gpt,GLP1-011__UHC_WEGOVY_P1114_22_2026_09_01,GLP1-011,UHC_WEGOVY_P1114_22_2026_09_01,gpt,bmi_threshold,deterministic,easy_negative,bmi_failure,FAIL,FAIL,True,gpt,1.0,,,,Observation/GLP1-011-BMI-2026-08-11,,,7168.6,946.5,113.5,0.003028,False,,,,Latest structured BMI 24.8 (2026-08-11).,"The latest structured BMI is 24.8, below both the 30 threshold and the 27 threshold applicable with a weight-related comorbidity."
main_gpt,GLP1-012__AETNA_WEGOVY_4774C_2026_08_20,GLP1-012,AETNA_WEGOVY_4774C_2026_08_20,gpt,age,deterministic,easy_negative,below_bmi_threshold,PASS,PASS,True,gpt,1.0,,,,Patient/GLP1-012,,,8465.1,860.6,136.2,0.003083,False,,,,Age 42 on 2026-09-01 (min 18).,"Born June 26, 1984, the patient was 42 on the September 1, 2026 request date."
main_gpt,GLP1-012__AETNA_WEGOVY_4774C_2026_08_20,GLP1-012,AETNA_WEGOVY_4774C_2026_08_20,gpt,indication,deterministic,easy_negative,below_bmi_threshold,PASS,PASS,True,gpt,0.99,,,,MedicationRequest/GLP1-012-WEGOVY-REQ;DocumentReference/GLP1-012-PCP-003,,,8465.1,860.6,136.2,0.003083,False,,,,Initial Wegovy request for chronic weight management.,"The request is for chronic weight management, and the prescribing note proposes Wegovy for excess weight after a minimal response to lifestyle measures."
main_gpt,GLP1-012__AETNA_WEGOVY_4774C_2026_08_20,GLP1-012,AETNA_WEGOVY_4774C_2026_08_20,gpt,adjunct_diet_and_activity,semantic,easy_negative,below_bmi_threshold,PASS,PASS,True,gpt,0.98,,,DocumentReference/GLP1-012-NUTR-001;DocumentReference/GLP1-012-NUTR-002;DocumentReference/GLP1-012-PCP-001;DocumentReference/GLP1-012-PCP-003,DocumentReference/GLP1-012-NUTR-002;DocumentReference/GLP1-012-PCP-003,True,,8465.1,860.6,136.2,0.003083,False,,,,Final note documents continued diet AND exercise.,"Within 180 days of the request, the notes document continued adherence to the reduced-calorie meal plan and lunchtime walking. The prescribing plan says to continue diet and walking with Wegovy."
main_gpt,GLP1-012__AETNA_WEGOVY_4774C_2026_08_20,GLP1-012,AETNA_WEGOVY_4774C_2026_08_20,gpt,program_6_months,semantic_temporal,easy_negative,below_bmi_threshold,PASS,PASS,True,gpt,0.99,,,DocumentReference/GLP1-012-NUTR-001;DocumentReference/GLP1-012-NUTR-002;DocumentReference/GLP1-012-PCP-001;DocumentReference/GLP1-012-PCP-003,DocumentReference/GLP1-012-PCP-001;DocumentReference/GLP1-012-NUTR-001;DocumentReference/GLP1-012-PCP-002;DocumentReference/GLP1-012-NUTR-002;DocumentReference/GLP1-012-PCP-003,True,,8465.1,860.6,136.2,0.003083,False,,,,"Continuous program with diet, activity and follow-up; duration computed from dated events. 2025-11-08 -> 2026-08-08 = 9 whole months (min 6).","The structured program began in November 2025 and was documented as continuing through August 8, 2026—more than six whole calendar months. Notes document a reduced-calorie plan, walking, and ongoing coaching and follow-up without a recorded interruption."
main_gpt,GLP1-012__AETNA_WEGOVY_4774C_2026_08_20,GLP1-012,AETNA_WEGOVY_4774C_2026_08_20,gpt,bmi_threshold,deterministic,easy_negative,below_bmi_threshold,FAIL,FAIL,True,gpt,1.0,,,,Observation/GLP1-012-BMI-2026-08-08;Condition/GLP1-012-HTN,,,8465.1,860.6,136.2,0.003083,False,,,,Latest structured BMI 26.6 (2026-08-08).,"The latest structured BMI before the request is 26.6, below both the 30 threshold and the 27 threshold applicable with a documented weight-related comorbidity. Hypertension is documented but does not overcome the BMI shortfall."
main_gpt,GLP1-012__BCBS_FEP_WEGOVY_2026_07_01,GLP1-012,BCBS_FEP_WEGOVY_2026_07_01,gpt,age,deterministic,easy_negative,below_bmi_threshold,PASS,PASS,True,gpt,1.0,,,,Patient/GLP1-012,,,15321.3,806.5,187.333333,0.003486,False,,,,Age 42 on 2026-09-01 (min 18).,"Born June 26, 1984, the patient was 42 on the September 1, 2026 request date."
main_gpt,GLP1-012__BCBS_FEP_WEGOVY_2026_07_01,GLP1-012,BCBS_FEP_WEGOVY_2026_07_01,gpt,indication,deterministic,easy_negative,below_bmi_threshold,PASS,PASS,True,gpt,1.0,,,,MedicationRequest/GLP1-012-WEGOVY-REQ;DocumentReference/GLP1-012-PCP-003,,,15321.3,806.5,187.333333,0.003486,False,,,,Initial Wegovy request for chronic weight management.,"The request is for Wegovy for chronic weight management, and the prescribing note addresses treatment of overweight."
main_gpt,GLP1-012__BCBS_FEP_WEGOVY_2026_07_01,GLP1-012,BCBS_FEP_WEGOVY_2026_07_01,gpt,bmi_threshold,deterministic,easy_negative,below_bmi_threshold,FAIL,FAIL,True,gpt,1.0,,,,Observation/GLP1-012-BMI-2026-08-08;Condition/GLP1-012-HTN,,,15321.3,806.5,187.333333,0.003486,False,,,,Latest structured BMI 26.6 (2026-08-08).,"The latest structured BMI is 26.6, below even the 27.0 threshold applicable with a qualifying comorbidity. Documented hypertension therefore does not satisfy this criterion."
main_gpt,GLP1-012__BCBS_FEP_WEGOVY_2026_07_01,GLP1-012,BCBS_FEP_WEGOVY_2026_07_01,gpt,weight_management_program,semantic,easy_negative,below_bmi_threshold,PASS,PASS,True,gpt,0.99,,,DocumentReference/GLP1-012-NUTR-001;DocumentReference/GLP1-012-NUTR-002;DocumentReference/GLP1-012-PCP-001;DocumentReference/GLP1-012-PCP-002;DocumentReference/GLP1-012-PCP-003,DocumentReference/GLP1-012-PCP-001;DocumentReference/GLP1-012-NUTR-001;DocumentReference/GLP1-012-PCP-002;DocumentReference/GLP1-012-NUTR-002;DocumentReference/GLP1-012-PCP-003,True,,15321.3,806.5,187.333333,0.003486,False,,,,Enrolled in a comprehensive program with dietitian visits and follow-ups.,"The notes document participation in an employer weight-management program with coaching, dietary changes, food logging, and regular walking since November 2025."
main_gpt,GLP1-012__BCBS_FEP_WEGOVY_2026_07_01,GLP1-012,BCBS_FEP_WEGOVY_2026_07_01,gpt,no_concurrent_glp1,medication_reconciliation,easy_negative,below_bmi_threshold,PASS,PASS,True,gpt,0.98,,,DocumentReference/GLP1-012-NUTR-002;DocumentReference/GLP1-012-OSR-001;DocumentReference/GLP1-012-PCP-003,MedicationRequest/GLP1-012-OMEPRAZOLE;MedicationRequest/GLP1-012-SERTRALINE;MedicationRequest/GLP1-012-SUMATRIPTAN;MedicationRequest/GLP1-012-LOSARTAN;MedicationRequest/GLP1-012-TRIAMCINOLON;MedicationStatement/GLP1-012-CETIRIZINE;MedicationStatement/GLP1-012-IBUPROFEN;MedicationStatement/GLP1-012-VITAMIN;MedicationRequest/GLP1-012-WEGOVY-REQ,,,15321.3,806.5,187.333333,0.003486,False,,,,No GLP-1 or anti-obesity medication in structured data or notes.,"No other GLP-1 therapy appears among the documented active medications. The draft Wegovy order is the request under review, not concurrent therapy."
main_gpt,GLP1-012__BCBS_FEP_WEGOVY_2026_07_01,GLP1-012,BCBS_FEP_WEGOVY_2026_07_01,gpt,no_concurrent_pa_weight_loss_med,medication_reconciliation,easy_negative,below_bmi_threshold,PASS,PASS,True,gpt,0.98,,,DocumentReference/GLP1-012-NUTR-002;DocumentReference/GLP1-012-OSR-001;DocumentReference/GLP1-012-PCP-003,MedicationRequest/GLP1-012-OMEPRAZOLE;MedicationRequest/GLP1-012-SERTRALINE;MedicationRequest/GLP1-012-SUMATRIPTAN;MedicationRequest/GLP1-012-LOSARTAN;MedicationRequest/GLP1-012-TRIAMCINOLON;MedicationStatement/GLP1-012-CETIRIZINE;MedicationStatement/GLP1-012-IBUPROFEN;MedicationStatement/GLP1-012-VITAMIN;MedicationRequest/GLP1-012-WEGOVY-REQ,,,15321.3,806.5,187.333333,0.003486,False,,,,No PA weight-loss medication in structured data or notes.,No other Appendix 2 weight-loss medication appears among the documented active medications. The draft Wegovy order is excluded from the concurrent-therapy assessment.
main_gpt,GLP1-012__UHC_WEGOVY_P1114_22_2026_09_01,GLP1-012,UHC_WEGOVY_P1114_22_2026_09_01,gpt,age,deterministic,easy_negative,below_bmi_threshold,PASS,PASS,True,gpt,1.0,,,,Patient/GLP1-012,,,6588.4,1018.75,106.0,0.003097,False,,,,Age 42 on 2026-09-01 (min 12).,"The recorded birth date makes the patient 42 on the request date, exceeding the minimum age of 12."
main_gpt,GLP1-012__UHC_WEGOVY_P1114_22_2026_09_01,GLP1-012,UHC_WEGOVY_P1114_22_2026_09_01,gpt,indication,deterministic,easy_negative,below_bmi_threshold,PASS,PASS,True,gpt,1.0,,,,MedicationRequest/GLP1-012-WEGOVY-REQ;DocumentReference/GLP1-012-PCP-003,,,6588.4,1018.75,106.0,0.003097,False,,,,Initial Wegovy request for chronic weight management.,"The request is for chronic weight management, and the prescribing note discusses Wegovy for weight loss."
main_gpt,GLP1-012__UHC_WEGOVY_P1114_22_2026_09_01,GLP1-012,UHC_WEGOVY_P1114_22_2026_09_01,gpt,lifestyle_adjunct,semantic,easy_negative,below_bmi_threshold,PASS,PASS,True,gpt,0.99,,,DocumentReference/GLP1-012-NUTR-001;DocumentReference/GLP1-012-NUTR-002;DocumentReference/GLP1-012-OSR-001;DocumentReference/GLP1-012-PCP-001;DocumentReference/GLP1-012-PCP-003,DocumentReference/GLP1-012-PCP-003;DocumentReference/GLP1-012-NUTR-002,True,,6588.4,1018.75,106.0,0.003097,False,,,,Final note documents continued diet and exercise.,"Recent notes document ongoing diet, walking, and program coaching; the prescribing note directs the patient to continue diet and walking with Wegovy."
main_gpt,GLP1-012__UHC_WEGOVY_P1114_22_2026_09_01,GLP1-012,UHC_WEGOVY_P1114_22_2026_09_01,gpt,bmi_threshold,deterministic,easy_negative,below_bmi_threshold,FAIL,FAIL,True,gpt,1.0,,,,Observation/GLP1-012-BMI-2026-08-08;Condition/GLP1-012-HTN,,,6588.4,1018.75,106.0,0.003097,False,,,,Latest structured BMI 26.6 (2026-08-08).,"The latest structured BMI is 26.6, below both the BMI ≥30 threshold and the BMI ≥27 threshold applicable with a weight-related comorbidity, despite documented hypertension."
main_gpt,GLP1-013__AETNA_WEGOVY_4774C_2026_08_20,GLP1-013,AETNA_WEGOVY_4774C_2026_08_20,gpt,age,deterministic,easy_negative,no_qualifying_comorbidity,PASS,PASS,True,gpt,1.0,,,,Patient/GLP1-013,,,13700.2,769.2,192.6,0.003464,False,,,,Age 49 on 2026-09-01 (min 18).,The patient was 49 on the 2026-09-01 request date.
main_gpt,GLP1-013__AETNA_WEGOVY_4774C_2026_08_20,GLP1-013,AETNA_WEGOVY_4774C_2026_08_20,gpt,indication,deterministic,easy_negative,no_qualifying_comorbidity,PASS,PASS,True,gpt,1.0,,,,MedicationRequest/GLP1-013-WEGOVY-REQ,,,13700.2,769.2,192.6,0.003464,False,,,,Initial Wegovy request for chronic weight management.,The request is for Wegovy for chronic weight management.
main_gpt,GLP1-013__AETNA_WEGOVY_4774C_2026_08_20,GLP1-013,AETNA_WEGOVY_4774C_2026_08_20,gpt,adjunct_diet_and_activity,semantic,easy_negative,no_qualifying_comorbidity,PASS,PASS,True,gpt,0.98,,,DocumentReference/GLP1-013-LAB-001;DocumentReference/GLP1-013-NUTR-001;DocumentReference/GLP1-013-NUTR-002;DocumentReference/GLP1-013-PCP-001;DocumentReference/GLP1-013-PCP-002;DocumentReference/GLP1-013-PCP-003,DocumentReference/GLP1-013-NUTR-002;DocumentReference/GLP1-013-PCP-003,True,,13700.2,769.2,192.6,0.003464,False,,,,Final note documents continued diet AND exercise.,"Within 180 days of the request, the dietitian documented continued portion-controlled eating and swimming, and the August visit documented that the patient continued her diet and exercise plan."
main_gpt,GLP1-013__AETNA_WEGOVY_4774C_2026_08_20,GLP1-013,AETNA_WEGOVY_4774C_2026_08_20,gpt,program_6_months,semantic_temporal,easy_negative,no_qualifying_comorbidity,PASS,PASS,True,gpt,0.99,,,DocumentReference/GLP1-013-NUTR-001;DocumentReference/GLP1-013-NUTR-002;DocumentReference/GLP1-013-PCP-001;DocumentReference/GLP1-013-PCP-002;DocumentReference/GLP1-013-PCP-003,DocumentReference/GLP1-013-NUTR-001;DocumentReference/GLP1-013-PCP-002;DocumentReference/GLP1-013-NUTR-002;DocumentReference/GLP1-013-PCP-003,True,,13700.2,769.2,192.6,0.003464,False,,,,"Continuous program with diet, activity and follow-up; duration computed from dated events. 2025-10-13 -> 2026-08-13 = 10 whole months (min 6).","Dietitian-led program participation began on 2025-10-31, with diet, activity, and follow-up documented through 2026-08-13—more than six continuous calendar months."
main_gpt,GLP1-013__AETNA_WEGOVY_4774C_2026_08_20,GLP1-013,AETNA_WEGOVY_4774C_2026_08_20,gpt,bmi_threshold,deterministic,easy_negative,no_qualifying_comorbidity,FAIL,FAIL,True,gpt,0.98,,,,Observation/GLP1-013-BMI-2026-08-13;Condition/GLP1-013-ECZEMA;Condition/GLP1-013-GERD;Condition/GLP1-013-LBP;Condition/GLP1-013-OVERWT;Condition/GLP1-013-VITD,,,13700.2,769.2,192.6,0.003464,False,,,,Latest structured BMI 28.4 (2026-08-13). In 27–30 band; comorbidity: FAIL — No weight-related comorbidity.,"The latest structured BMI is 28.4, below 30. None of the documented conditions is identified as a weight-related comorbidity, so the BMI ≥27 alternative is not met."
main_gpt,GLP1-013__BCBS_FEP_WEGOVY_2026_07_01,GLP1-013,BCBS_FEP_WEGOVY_2026_07_01,gpt,age,deterministic,easy_negative,no_qualifying_comorbidity,PASS,PASS,True,gpt,1.0,,,,Patient/GLP1-013,,,26866.6,729.833333,284.0,0.0043,False,,,,Age 49 on 2026-09-01 (min 18).,"The patient was 49 on the request date, exceeding the adult minimum age of 18."
main_gpt,GLP1-013__BCBS_FEP_WEGOVY_2026_07_01,GLP1-013,BCBS_FEP_WEGOVY_2026_07_01,gpt,indication,deterministic,easy_negative,no_qualifying_comorbidity,PASS,PASS,True,gpt,1.0,,,,MedicationRequest/GLP1-013-WEGOVY-REQ;DocumentReference/GLP1-013-PCP-003,,,26866.6,729.833333,284.0,0.0043,False,,,,Initial Wegovy request for chronic weight management.,"The PA request specifies chronic weight management, and the clinician planned Wegovy for weight management."
main_gpt,GLP1-013__BCBS_FEP_WEGOVY_2026_07_01,GLP1-013,BCBS_FEP_WEGOVY_2026_07_01,gpt,bmi_threshold,deterministic,easy_negative,no_qualifying_comorbidity,FAIL,INSUFFICIENT,False,gpt,0.88,,,,Observation/GLP1-013-BMI-2026-08-13;Condition/GLP1-013-LBP;DocumentReference/GLP1-013-PCP-001,,,26866.6,729.833333,284.0,0.0043,False,,MISSING_NOT_NEGATIVE,,Latest structured BMI 28.4 (2026-08-13). In 27–30 band; comorbidity: FAIL — No weight-related comorbidity.,"The latest structured BMI is 28.4, so a qualifying cardiovascular or weight-related comorbidity is required but is not documented. Low back pain is marked not weight-related in the structured record; the report that it flares when weight is up does not establish it as a qualifying comorbidity."
main_gpt,GLP1-013__BCBS_FEP_WEGOVY_2026_07_01,GLP1-013,BCBS_FEP_WEGOVY_2026_07_01,gpt,weight_management_program,semantic,easy_negative,no_qualifying_comorbidity,PASS,PASS,True,gpt,0.99,,,DocumentReference/GLP1-013-NUTR-001;DocumentReference/GLP1-013-NUTR-002;DocumentReference/GLP1-013-PCP-001;DocumentReference/GLP1-013-PCP-002;DocumentReference/GLP1-013-PCP-003,DocumentReference/GLP1-013-NUTR-001;DocumentReference/GLP1-013-PCP-002;DocumentReference/GLP1-013-NUTR-002;DocumentReference/GLP1-013-PCP-003,True,,26866.6,729.833333,284.0,0.0043,False,,,,Enrolled in a comprehensive program with dietitian visits and follow-ups.,"Dietitian-led program intake and subsequent follow-ups document participation involving a reduced-calorie diet, food diary and behavior changes, and regular swimming."
main_gpt,GLP1-013__BCBS_FEP_WEGOVY_2026_07_01,GLP1-013,BCBS_FEP_WEGOVY_2026_07_01,gpt,no_concurrent_glp1,medication_reconciliation,easy_negative,no_qualifying_comorbidity,PASS,PASS,True,gpt,0.96,,,DocumentReference/GLP1-013-MSG-002;DocumentReference/GLP1-013-NUTR-002;DocumentReference/GLP1-013-PCP-003,MedicationRequest/GLP1-013-TRIAMCINOLON;MedicationRequest/GLP1-013-OMEPRAZOLE;MedicationStatement/GLP1-013-IBUPROFEN;MedicationStatement/GLP1-013-VITAMIN;MedicationRequest/GLP1-013-WEGOVY-REQ,,,26866.6,729.833333,284.0,0.0043,False,,,,No GLP-1 or anti-obesity medication in structured data or notes.,No other GLP-1 therapy appears among the active medications. The draft Wegovy order is the requested therapy and is excluded from this check.
main_gpt,GLP1-013__BCBS_FEP_WEGOVY_2026_07_01,GLP1-013,BCBS_FEP_WEGOVY_2026_07_01,gpt,no_concurrent_pa_weight_loss_med,medication_reconciliation,easy_negative,no_qualifying_comorbidity,PASS,PASS,True,gpt,0.96,,,DocumentReference/GLP1-013-MSG-002;DocumentReference/GLP1-013-NUTR-002;DocumentReference/GLP1-013-PCP-003,MedicationRequest/GLP1-013-TRIAMCINOLON;MedicationRequest/GLP1-013-OMEPRAZOLE;MedicationStatement/GLP1-013-IBUPROFEN;MedicationStatement/GLP1-013-VITAMIN;MedicationRequest/GLP1-013-WEGOVY-REQ,,,26866.6,729.833333,284.0,0.0043,False,,,,No PA weight-loss medication in structured data or notes.,None of the active medications is another listed PA weight-loss drug. The draft Wegovy order is excluded.
main_gpt,GLP1-013__UHC_WEGOVY_P1114_22_2026_09_01,GLP1-013,UHC_WEGOVY_P1114_22_2026_09_01,gpt,age,deterministic,easy_negative,no_qualifying_comorbidity,PASS,PASS,True,gpt,1.0,,,,Patient/GLP1-013,,,12828.4,856.0,238.0,0.004092,False,,,,Age 49 on 2026-09-01 (min 12).,"The patient was 49 on the request date, exceeding the minimum age of 12."
main_gpt,GLP1-013__UHC_WEGOVY_P1114_22_2026_09_01,GLP1-013,UHC_WEGOVY_P1114_22_2026_09_01,gpt,indication,deterministic,easy_negative,no_qualifying_comorbidity,PASS,PASS,True,gpt,1.0,,,,MedicationRequest/GLP1-013-WEGOVY-REQ,,,12828.4,856.0,238.0,0.004092,False,,,,Initial Wegovy request for chronic weight management.,"The PA request specifies chronic weight management, and the requested Wegovy order is for that treatment."
main_gpt,GLP1-013__UHC_WEGOVY_P1114_22_2026_09_01,GLP1-013,UHC_WEGOVY_P1114_22_2026_09_01,gpt,lifestyle_adjunct,semantic,easy_negative,no_qualifying_comorbidity,PASS,PASS,True,gpt,0.99,,,DocumentReference/GLP1-013-NUTR-001;DocumentReference/GLP1-013-NUTR-002;DocumentReference/GLP1-013-PCP-001;DocumentReference/GLP1-013-PCP-002;DocumentReference/GLP1-013-PCP-003,DocumentReference/GLP1-013-PCP-003;DocumentReference/GLP1-013-NUTR-002,True,,12828.4,856.0,238.0,0.004092,False,,,,Final note documents continued diet and exercise.,"Within 180 days of the request, notes document ongoing diet, swimming, and weight-management program visits."
main_gpt,GLP1-013__UHC_WEGOVY_P1114_22_2026_09_01,GLP1-013,UHC_WEGOVY_P1114_22_2026_09_01,gpt,bmi_threshold,deterministic,easy_negative,no_qualifying_comorbidity,FAIL,INSUFFICIENT,False,gpt,0.88,,,,Observation/GLP1-013-BMI-2026-08-13;Condition/GLP1-013-OVERWT;Condition/GLP1-013-LBP;DocumentReference/GLP1-013-PCP-003,,,12828.4,856.0,238.0,0.004092,False,,MISSING_NOT_NEGATIVE,,Latest structured BMI 28.4 (2026-08-13). In 27–30 band; comorbidity: FAIL — No weight-related comorbidity.,"The latest structured BMI is 28.4, so the BMI ≥30 pathway is not met. The BMI ≥27 pathway requires a weight-related comorbidity, but none is documented in the provided evidence."
main_gpt,GLP1-014__AETNA_WEGOVY_4774C_2026_08_20,GLP1-014,AETNA_WEGOVY_4774C_2026_08_20,gpt,age,deterministic,easy_negative,near_bmi_30,PASS,PASS,True,gpt,1.0,,,,Patient/GLP1-014,,,10720.4,896.0,161.0,0.003402,False,,,,Age 56 on 2026-09-01 (min 18).,The patient was 56 years old on the request date.
main_gpt,GLP1-014__AETNA_WEGOVY_4774C_2026_08_20,GLP1-014,AETNA_WEGOVY_4774C_2026_08_20,gpt,indication,deterministic,easy_negative,near_bmi_30,PASS,PASS,True,gpt,1.0,,,,MedicationRequest/GLP1-014-WEGOVY-REQ,,,10720.4,896.0,161.0,0.003402,False,,,,Initial Wegovy request for chronic weight management.,The PA request is for Wegovy for chronic weight management.
main_gpt,GLP1-014__AETNA_WEGOVY_4774C_2026_08_20,GLP1-014,AETNA_WEGOVY_4774C_2026_08_20,gpt,adjunct_diet_and_activity,semantic,easy_negative,near_bmi_30,PASS,PASS,True,gpt,0.98,,,DocumentReference/GLP1-014-NUTR-001;DocumentReference/GLP1-014-NUTR-002;DocumentReference/GLP1-014-PCP-001;DocumentReference/GLP1-014-PCP-003,DocumentReference/GLP1-014-PCP-003;DocumentReference/GLP1-014-NUTR-002,True,,10720.4,896.0,161.0,0.003402,False,,,,Final note documents continued diet AND exercise.,"The August 2026 note documents continued diet and exercise, meal logging, lunchtime walking, and a plan to continue alongside Wegovy. The nutrition follow-up identifies the diet as a reduced-calorie plan."
main_gpt,GLP1-014__AETNA_WEGOVY_4774C_2026_08_20,GLP1-014,AETNA_WEGOVY_4774C_2026_08_20,gpt,program_6_months,semantic_temporal,easy_negative,near_bmi_30,PASS,PASS,True,gpt,0.99,,,DocumentReference/GLP1-014-NUTR-001;DocumentReference/GLP1-014-NUTR-002;DocumentReference/GLP1-014-PCP-001;DocumentReference/GLP1-014-PCP-003;DocumentReference/GLP1-014-TEL-001,DocumentReference/GLP1-014-PCP-001;DocumentReference/GLP1-014-NUTR-001;DocumentReference/GLP1-014-PCP-002;DocumentReference/GLP1-014-NUTR-002;DocumentReference/GLP1-014-TEL-001;DocumentReference/GLP1-014-PCP-003,True,,10720.4,896.0,161.0,0.003402,False,,,,"Continuous program with diet, activity and follow-up; duration computed from dated events. 2025-08-13 -> 2026-08-13 = 12 whole months (min 6).","Enrollment and a reduced-calorie diet and walking plan began in August 2025. Subsequent follow-ups document continued participation through August 2026, exceeding six continuous calendar months."
main_gpt,GLP1-014__AETNA_WEGOVY_4774C_2026_08_20,GLP1-014,AETNA_WEGOVY_4774C_2026_08_20,gpt,bmi_threshold,deterministic,easy_negative,near_bmi_30,FAIL,FAIL,True,gpt,0.99,,,,Observation/GLP1-014-BMI-2026-08-13;DocumentReference/GLP1-014-PCP-003,,,10720.4,896.0,161.0,0.003402,False,,,,Latest structured BMI 29.8 (2026-08-13). In 27–30 band; comorbidity: FAIL — No weight-related comorbidity.,"The latest structured BMI is 29.8, below 30. No qualifying weight-related comorbid condition is documented for the BMI ≥27 alternative."
main_gpt,GLP1-014__BCBS_FEP_WEGOVY_2026_07_01,GLP1-014,BCBS_FEP_WEGOVY_2026_07_01,gpt,age,deterministic,easy_negative,near_bmi_30,PASS,PASS,True,gpt,1.0,,,,Patient/GLP1-014,,,17157.7,817.333333,175.333333,0.003388,False,,,,Age 56 on 2026-09-01 (min 18).,The patient was 56 years old on the request date.
main_gpt,GLP1-014__BCBS_FEP_WEGOVY_2026_07_01,GLP1-014,BCBS_FEP_WEGOVY_2026_07_01,gpt,indication,deterministic,easy_negative,near_bmi_30,PASS,PASS,True,gpt,1.0,,,,MedicationRequest/GLP1-014-WEGOVY-REQ;DocumentReference/GLP1-014-PCP-003,,,17157.7,817.333333,175.333333,0.003388,False,,,,Initial Wegovy request for chronic weight management.,The request is for Wegovy for chronic weight management.
main_gpt,GLP1-014__BCBS_FEP_WEGOVY_2026_07_01,GLP1-014,BCBS_FEP_WEGOVY_2026_07_01,gpt,bmi_threshold,deterministic,easy_negative,near_bmi_30,FAIL,INSUFFICIENT,False,gpt,0.96,,,,Observation/GLP1-014-BMI-2026-08-13;DocumentReference/GLP1-014-PCP-003,,,17157.7,817.333333,175.333333,0.003388,False,,MISSING_NOT_NEGATIVE,MODEL_OVERCONFIDENCE,Latest structured BMI 29.8 (2026-08-13). In 27–30 band; comorbidity: FAIL — No weight-related comorbidity.,"The latest structured BMI is 29.8, so the ≥30 pathway is not met. No established cardiovascular disease or qualifying weight-related comorbidity is documented to support the ≥27 pathway."
main_gpt,GLP1-014__BCBS_FEP_WEGOVY_2026_07_01,GLP1-014,BCBS_FEP_WEGOVY_2026_07_01,gpt,weight_management_program,semantic,easy_negative,near_bmi_30,PASS,PASS,True,gpt,0.99,,,DocumentReference/GLP1-014-NUTR-001;DocumentReference/GLP1-014-NUTR-002;DocumentReference/GLP1-014-PCP-001;DocumentReference/GLP1-014-PCP-003;DocumentReference/GLP1-014-TEL-001,DocumentReference/GLP1-014-PCP-001;DocumentReference/GLP1-014-NUTR-001;DocumentReference/GLP1-014-PCP-003,True,,17157.7,817.333333,175.333333,0.003388,False,,,,Enrolled in a comprehensive program with dietitian visits and follow-ups.,"The patient enrolled in a lifestyle modification program and participated in dietary, activity, and behavioral measures with follow-up visits."
main_gpt,GLP1-014__BCBS_FEP_WEGOVY_2026_07_01,GLP1-014,BCBS_FEP_WEGOVY_2026_07_01,gpt,no_concurrent_glp1,medication_reconciliation,easy_negative,near_bmi_30,PASS,PASS,True,gpt,0.94,,,DocumentReference/GLP1-014-NUTR-002;DocumentReference/GLP1-014-PCP-001;DocumentReference/GLP1-014-PCP-003,MedicationRequest/GLP1-014-WEGOVY-REQ;DocumentReference/GLP1-014-PCP-003,,,17157.7,817.333333,175.333333,0.003388,False,,,,No GLP-1 or anti-obesity medication in structured data or notes.,"No other current GLP-1 therapy is documented. The draft Wegovy order is the requested therapy, not concurrent treatment."
main_gpt,GLP1-014__BCBS_FEP_WEGOVY_2026_07_01,GLP1-014,BCBS_FEP_WEGOVY_2026_07_01,gpt,no_concurrent_pa_weight_loss_med,medication_reconciliation,easy_negative,near_bmi_30,PASS,PASS,True,gpt,0.94,,,DocumentReference/GLP1-014-NUTR-002;DocumentReference/GLP1-014-PCP-001;DocumentReference/GLP1-014-PCP-003,MedicationRequest/GLP1-014-WEGOVY-REQ;DocumentReference/GLP1-014-PCP-003,,,17157.7,817.333333,175.333333,0.003388,False,,,,No PA weight-loss medication in structured data or notes.,No other current Appendix 2 weight-loss medication is documented. The draft Wegovy order is excluded from the concurrent-therapy assessment.
main_gpt,GLP1-014__UHC_WEGOVY_P1114_22_2026_09_01,GLP1-014,UHC_WEGOVY_P1114_22_2026_09_01,gpt,age,deterministic,easy_negative,near_bmi_30,PASS,PASS,True,gpt,1.0,,,,Patient/GLP1-014,,,13460.7,1011.5,234.0,0.004363,False,,,,Age 56 on 2026-09-01 (min 12).,"The patient was 56 on the 2026-09-01 request date, exceeding the minimum age of 12."
main_gpt,GLP1-014__UHC_WEGOVY_P1114_22_2026_09_01,GLP1-014,UHC_WEGOVY_P1114_22_2026_09_01,gpt,indication,deterministic,easy_negative,near_bmi_30,PASS,PASS,True,gpt,1.0,,,,MedicationRequest/GLP1-014-WEGOVY-REQ,,,13460.7,1011.5,234.0,0.004363,False,,,,Initial Wegovy request for chronic weight management.,"The PA request is for chronic weight management, and the requested Wegovy order is an anti-obesity treatment."
main_gpt,GLP1-014__UHC_WEGOVY_P1114_22_2026_09_01,GLP1-014,UHC_WEGOVY_P1114_22_2026_09_01,gpt,lifestyle_adjunct,semantic,easy_negative,near_bmi_30,PASS,PASS,True,gpt,0.99,,,DocumentReference/GLP1-014-NUTR-001;DocumentReference/GLP1-014-NUTR-002;DocumentReference/GLP1-014-PCP-001;DocumentReference/GLP1-014-PCP-003;DocumentReference/GLP1-014-TEL-001,DocumentReference/GLP1-014-PCP-003,True,,13460.7,1011.5,234.0,0.004363,False,,,,Final note documents continued diet and exercise.,"The August 2026 note documents ongoing diet, walking, meal logging, and program visits within 180 days of the request."
main_gpt,GLP1-014__UHC_WEGOVY_P1114_22_2026_09_01,GLP1-014,UHC_WEGOVY_P1114_22_2026_09_01,gpt,bmi_threshold,deterministic,easy_negative,near_bmi_30,FAIL,FAIL,True,gpt,0.94,,,,Observation/GLP1-014-BMI-2026-08-13;DocumentReference/GLP1-014-PCP-003,,,13460.7,1011.5,234.0,0.004363,False,,,,Latest structured BMI 29.8 (2026-08-13). In 27–30 band; comorbidity: FAIL — No weight-related comorbidity.,"The latest structured BMI is 29.8, below 30. No weight-related comorbidity is documented to qualify the patient under the BMI ≥27 alternative."
main_gpt,GLP1-015__AETNA_WEGOVY_4774C_2026_08_20,GLP1-015,AETNA_WEGOVY_4774C_2026_08_20,gpt,age,deterministic,easy_negative,just_below_bmi_27,PASS,PASS,True,gpt,1.0,,,,Patient/GLP1-015,,,8666.7,872.4,130.8,0.003053,False,,,,Age 28 on 2026-09-01 (min 18).,"Born June 25, 1998, the patient was 28 on the September 1, 2026 request date."
main_gpt,GLP1-015__AETNA_WEGOVY_4774C_2026_08_20,GLP1-015,AETNA_WEGOVY_4774C_2026_08_20,gpt,indication,deterministic,easy_negative,just_below_bmi_27,PASS,PASS,True,gpt,1.0,,,,MedicationRequest/GLP1-015-WEGOVY-REQ,,,8666.7,872.4,130.8,0.003053,False,,,,Initial Wegovy request for chronic weight management.,"The PA request specifies chronic weight management, and the requested order is for Wegovy."
main_gpt,GLP1-015__AETNA_WEGOVY_4774C_2026_08_20,GLP1-015,AETNA_WEGOVY_4774C_2026_08_20,gpt,adjunct_diet_and_activity,semantic,easy_negative,just_below_bmi_27,PASS,PASS,True,gpt,0.98,,,DocumentReference/GLP1-015-NUTR-001;DocumentReference/GLP1-015-NUTR-002;DocumentReference/GLP1-015-PCP-001;DocumentReference/GLP1-015-PCP-002;DocumentReference/GLP1-015-PCP-003;DocumentReference/GLP1-015-PT-001,DocumentReference/GLP1-015-PCP-003;DocumentReference/GLP1-015-NUTR-002,True,,8666.7,872.4,130.8,0.003053,False,,,,Final note documents continued diet AND exercise.,"The August 20 note documents continued calorie tracking, meal preparation, and swimming, with instructions to continue the plan when starting Wegovy."
main_gpt,GLP1-015__AETNA_WEGOVY_4774C_2026_08_20,GLP1-015,AETNA_WEGOVY_4774C_2026_08_20,gpt,program_6_months,semantic_temporal,easy_negative,just_below_bmi_27,PASS,PASS,True,gpt,0.99,,,DocumentReference/GLP1-015-NUTR-001;DocumentReference/GLP1-015-NUTR-002;DocumentReference/GLP1-015-PCP-001;DocumentReference/GLP1-015-PCP-002;DocumentReference/GLP1-015-PCP-003;DocumentReference/GLP1-015-PT-001,DocumentReference/GLP1-015-PCP-001;DocumentReference/GLP1-015-NUTR-001;DocumentReference/GLP1-015-PCP-002;DocumentReference/GLP1-015-NUTR-002;DocumentReference/GLP1-015-PCP-003,True,,8666.7,872.4,130.8,0.003053,False,,,,"Continuous program with diet, activity and follow-up; duration computed from dated events. 2025-12-20 -> 2026-08-20 = 8 whole months (min 6).","Enrollment began December 20, 2025, and follow-up documents continued diet, activity, and program participation through August 20, 2026—eight whole calendar months without a documented interruption."
main_gpt,GLP1-015__AETNA_WEGOVY_4774C_2026_08_20,GLP1-015,AETNA_WEGOVY_4774C_2026_08_20,gpt,bmi_threshold,deterministic,easy_negative,just_below_bmi_27,FAIL,FAIL,True,gpt,1.0,,,,Observation/GLP1-015-BMI-2026-08-20;Condition/GLP1-015-DYSLIP,,,8666.7,872.4,130.8,0.003053,False,,,,Latest structured BMI 26.9 (2026-08-20).,"The latest structured BMI before the request is 26.9, below the minimum of 27 even with documented dyslipidemia."
main_gpt,GLP1-015__BCBS_FEP_WEGOVY_2026_07_01,GLP1-015,BCBS_FEP_WEGOVY_2026_07_01,gpt,age,deterministic,easy_negative,just_below_bmi_27,PASS,PASS,True,gpt,1.0,,,,Patient/GLP1-015,,,12040.2,793.166667,135.833333,0.002945,False,,,,Age 28 on 2026-09-01 (min 18).,The patient was 28 on the 2026-09-01 request date.
main_gpt,GLP1-015__BCBS_FEP_WEGOVY_2026_07_01,GLP1-015,BCBS_FEP_WEGOVY_2026_07_01,gpt,indication,deterministic,easy_negative,just_below_bmi_27,PASS,PASS,True,gpt,1.0,,,,MedicationRequest/GLP1-015-WEGOVY-REQ;DocumentReference/GLP1-015-PCP-003,,,12040.2,793.166667,135.833333,0.002945,False,,,,Initial Wegovy request for chronic weight management.,"The request is for chronic weight management, and the clinician prescribed Wegovy for weight management."
main_gpt,GLP1-015__BCBS_FEP_WEGOVY_2026_07_01,GLP1-015,BCBS_FEP_WEGOVY_2026_07_01,gpt,bmi_threshold,deterministic,easy_negative,just_below_bmi_27,FAIL,FAIL,True,gpt,1.0,,,,Observation/GLP1-015-BMI-2026-08-20;Condition/GLP1-015-DYSLIP,,,12040.2,793.166667,135.833333,0.002945,False,,,,Latest structured BMI 26.9 (2026-08-20).,"The latest structured BMI is 26.9, below the minimum BMI of 27 even with documented dyslipidemia."
main_gpt,GLP1-015__BCBS_FEP_WEGOVY_2026_07_01,GLP1-015,BCBS_FEP_WEGOVY_2026_07_01,gpt,weight_management_program,semantic,easy_negative,just_below_bmi_27,PASS,PASS,True,gpt,0.99,,,DocumentReference/GLP1-015-NUTR-001;DocumentReference/GLP1-015-NUTR-002;DocumentReference/GLP1-015-PCP-001;DocumentReference/GLP1-015-PCP-003;DocumentReference/GLP1-015-PT-001,DocumentReference/GLP1-015-PCP-001;DocumentReference/GLP1-015-NUTR-001;DocumentReference/GLP1-015-NUTR-002;DocumentReference/GLP1-015-PCP-003,True,,12040.2,793.166667,135.833333,0.002945,False,,,,Enrolled in a comprehensive program with dietitian visits and follow-ups.,"Enrollment and continued participation in a lifestyle program are documented, including dietary changes, behavioral tracking, and swimming."
main_gpt,GLP1-015__BCBS_FEP_WEGOVY_2026_07_01,GLP1-015,BCBS_FEP_WEGOVY_2026_07_01,gpt,no_concurrent_glp1,medication_reconciliation,easy_negative,just_below_bmi_27,PASS,PASS,True,gpt,0.97,,,DocumentReference/GLP1-015-NUTR-002;DocumentReference/GLP1-015-PCP-003,MedicationRequest/GLP1-015-TRIAMCINOLON;MedicationRequest/GLP1-015-OMEPRAZOLE;MedicationRequest/GLP1-015-SERTRALINE;MedicationRequest/GLP1-015-ROSUVASTATIN;MedicationStatement/GLP1-015-CETIRIZINE;MedicationStatement/GLP1-015-IBUPROFEN;MedicationRequest/GLP1-015-WEGOVY-REQ,,,12040.2,793.166667,135.833333,0.002945,False,,,,No GLP-1 or anti-obesity medication in structured data or notes.,No other GLP-1 is listed among the active medications; the draft Wegovy order under review is excluded.
main_gpt,GLP1-015__BCBS_FEP_WEGOVY_2026_07_01,GLP1-015,BCBS_FEP_WEGOVY_2026_07_01,gpt,no_concurrent_pa_weight_loss_med,medication_reconciliation,easy_negative,just_below_bmi_27,PASS,PASS,True,gpt,0.97,,,DocumentReference/GLP1-015-NUTR-002;DocumentReference/GLP1-015-PCP-003,MedicationRequest/GLP1-015-TRIAMCINOLON;MedicationRequest/GLP1-015-OMEPRAZOLE;MedicationRequest/GLP1-015-SERTRALINE;MedicationRequest/GLP1-015-ROSUVASTATIN;MedicationStatement/GLP1-015-CETIRIZINE;MedicationStatement/GLP1-015-IBUPROFEN;MedicationRequest/GLP1-015-WEGOVY-REQ,,,12040.2,793.166667,135.833333,0.002945,False,,,,No PA weight-loss medication in structured data or notes.,No other Appendix 2 weight-loss medication is listed among the active medications; the draft Wegovy order under review is excluded.
main_gpt,GLP1-015__UHC_WEGOVY_P1114_22_2026_09_01,GLP1-015,UHC_WEGOVY_P1114_22_2026_09_01,gpt,age,deterministic,easy_negative,just_below_bmi_27,PASS,PASS,True,gpt,1.0,,,,Patient/GLP1-015,,,6509.5,1002.5,111.5,0.00312,False,,,,Age 28 on 2026-09-01 (min 12).,"The recorded birth date makes the patient 28 years old on the request date, exceeding the minimum age of 12."
main_gpt,GLP1-015__UHC_WEGOVY_P1114_22_2026_09_01,GLP1-015,UHC_WEGOVY_P1114_22_2026_09_01,gpt,indication,deterministic,easy_negative,just_below_bmi_27,PASS,PASS,True,gpt,1.0,,,,MedicationRequest/GLP1-015-WEGOVY-REQ;DocumentReference/GLP1-015-PCP-003,,,6509.5,1002.5,111.5,0.00312,False,,,,Initial Wegovy request for chronic weight management.,"The request is for chronic weight management, and the clinician documents starting Wegovy for overweight."
main_gpt,GLP1-015__UHC_WEGOVY_P1114_22_2026_09_01,GLP1-015,UHC_WEGOVY_P1114_22_2026_09_01,gpt,lifestyle_adjunct,semantic,easy_negative,just_below_bmi_27,PASS,PASS,True,gpt,0.99,,,DocumentReference/GLP1-015-NUTR-001;DocumentReference/GLP1-015-NUTR-002;DocumentReference/GLP1-015-PCP-001;DocumentReference/GLP1-015-PCP-002;DocumentReference/GLP1-015-PCP-003;DocumentReference/GLP1-015-PT-001,DocumentReference/GLP1-015-PCP-003,True,,6509.5,1002.5,111.5,0.00312,False,,,,Final note documents continued diet and exercise.,"The August 20 note documents ongoing diet tracking, meal preparation, swimming, and program visits, with a plan to continue alongside Wegovy."
main_gpt,GLP1-015__UHC_WEGOVY_P1114_22_2026_09_01,GLP1-015,UHC_WEGOVY_P1114_22_2026_09_01,gpt,bmi_threshold,deterministic,easy_negative,just_below_bmi_27,FAIL,FAIL,True,gpt,1.0,,,,Observation/GLP1-015-BMI-2026-08-20;Condition/GLP1-015-DYSLIP,,,6509.5,1002.5,111.5,0.00312,False,,,,Latest structured BMI 26.9 (2026-08-20).,"The latest structured BMI is 26.9, below the minimum of 27 even with documented dyslipidemia."
main_gpt,GLP1-016__AETNA_WEGOVY_4774C_2026_08_20,GLP1-016,AETNA_WEGOVY_4774C_2026_08_20,gpt,age,deterministic,missing_evidence,missing_program,PASS,PASS,True,gpt,1.0,,,,Patient/GLP1-016,,,7226.2,853.8,116.6,0.002874,False,,,,Age 35 on 2026-09-01 (min 18).,"The patient was 35 years old on the September 1, 2026 request date."
main_gpt,GLP1-016__AETNA_WEGOVY_4774C_2026_08_20,GLP1-016,AETNA_WEGOVY_4774C_2026_08_20,gpt,indication,deterministic,missing_evidence,missing_program,PASS,PASS,True,gpt,0.99,,,,MedicationRequest/GLP1-016-WEGOVY-REQ;DocumentReference/GLP1-016-PCP-001,,,7226.2,853.8,116.6,0.002874,False,,,,Initial Wegovy request for chronic weight management.,Wegovy was requested to treat obesity as chronic weight management.
main_gpt,GLP1-016__AETNA_WEGOVY_4774C_2026_08_20,GLP1-016,AETNA_WEGOVY_4774C_2026_08_20,gpt,adjunct_diet_and_activity,semantic,missing_evidence,missing_program,INSUFFICIENT,INSUFFICIENT,True,gpt,0.99,,,DocumentReference/GLP1-016-DERM-001;DocumentReference/GLP1-016-MSG-002;DocumentReference/GLP1-016-PCP-001;DocumentReference/GLP1-016-TEL-002;DocumentReference/GLP1-016-UC-001,DocumentReference/GLP1-016-PCP-001,,,7226.2,853.8,116.6,0.002874,False,,,,No lifestyle modification documented near the request.,The August 22 note does not document a reduced-calorie diet or increased physical activity to be continued alongside Wegovy.
main_gpt,GLP1-016__AETNA_WEGOVY_4774C_2026_08_20,GLP1-016,AETNA_WEGOVY_4774C_2026_08_20,gpt,program_6_months,semantic_temporal,missing_evidence,missing_program,INSUFFICIENT,INSUFFICIENT,True,gpt,0.99,,,DocumentReference/GLP1-016-DERM-001;DocumentReference/GLP1-016-MSG-002;DocumentReference/GLP1-016-PCP-001;DocumentReference/GLP1-016-TEL-002;DocumentReference/GLP1-016-UC-001,DocumentReference/GLP1-016-PCP-001,,,7226.2,853.8,116.6,0.002874,False,,,,No weight-management program documented anywhere.,The available documentation does not establish participation in a comprehensive weight management program with continuing follow-up for six continuous months.
main_gpt,GLP1-016__AETNA_WEGOVY_4774C_2026_08_20,GLP1-016,AETNA_WEGOVY_4774C_2026_08_20,gpt,bmi_threshold,deterministic,missing_evidence,missing_program,PASS,PASS,True,gpt,1.0,,,,Observation/GLP1-016-BMI-2026-08-22,,,7226.2,853.8,116.6,0.002874,False,,,,Latest structured BMI 32.0 (2026-08-22).,"The latest structured BMI before the request was 32.0 kg/m², meeting the BMI ≥30 threshold without a comorbidity requirement."
main_gpt,GLP1-016__BCBS_FEP_WEGOVY_2026_07_01,GLP1-016,BCBS_FEP_WEGOVY_2026_07_01,gpt,age,deterministic,missing_evidence,missing_program,PASS,PASS,True,gpt,1.0,,,,Patient/GLP1-016,,,15450.5,777.666667,148.833333,0.003044,False,,,,Age 35 on 2026-09-01 (min 18).,The patient was 35 years old on the 2026-09-01 request date.
main_gpt,GLP1-016__BCBS_FEP_WEGOVY_2026_07_01,GLP1-016,BCBS_FEP_WEGOVY_2026_07_01,gpt,indication,deterministic,missing_evidence,missing_program,PASS,PASS,True,gpt,1.0,,,,MedicationRequest/GLP1-016-WEGOVY-REQ;DocumentReference/GLP1-016-PCP-001,,,15450.5,777.666667,148.833333,0.003044,False,,,,Initial Wegovy request for chronic weight management.,"The request is for Wegovy for chronic weight management, and the PCP note documents treatment of obesity."
main_gpt,GLP1-016__BCBS_FEP_WEGOVY_2026_07_01,GLP1-016,BCBS_FEP_WEGOVY_2026_07_01,gpt,bmi_threshold,deterministic,missing_evidence,missing_program,PASS,PASS,True,gpt,1.0,,,,Observation/GLP1-016-BMI-2026-08-22,,,15450.5,777.666667,148.833333,0.003044,False,,,,Latest structured BMI 32.0 (2026-08-22).,"The latest structured BMI before the request date is 32.0 kg/m², meeting the BMI ≥30 threshold without a comorbidity requirement."
main_gpt,GLP1-016__BCBS_FEP_WEGOVY_2026_07_01,GLP1-016,BCBS_FEP_WEGOVY_2026_07_01,gpt,weight_management_program,semantic,missing_evidence,missing_program,INSUFFICIENT,INSUFFICIENT,True,gpt,0.99,,,DocumentReference/GLP1-016-LAB-001;DocumentReference/GLP1-016-PCP-001;DocumentReference/GLP1-016-TEL-002;DocumentReference/GLP1-016-UC-001,DocumentReference/GLP1-016-PCP-001,,,15450.5,777.666667,148.833333,0.003044,False,,,,No weight-management program documented anywhere.,The weight-management visit documents a medication plan but no past or current participation in a comprehensive weight management program.
main_gpt,GLP1-016__BCBS_FEP_WEGOVY_2026_07_01,GLP1-016,BCBS_FEP_WEGOVY_2026_07_01,gpt,no_concurrent_glp1,medication_reconciliation,missing_evidence,missing_program,PASS,PASS,True,gpt,0.96,,,DocumentReference/GLP1-016-LAB-001;DocumentReference/GLP1-016-PCP-001,MedicationRequest/GLP1-016-SUMATRIPTAN;MedicationRequest/GLP1-016-TRIAMCINOLON;MedicationRequest/GLP1-016-SERTRALINE;MedicationRequest/GLP1-016-OMEPRAZOLE;MedicationStatement/GLP1-016-IBUPROFEN;MedicationStatement/GLP1-016-VITAMIN;MedicationRequest/GLP1-016-WEGOVY-REQ,,,15450.5,777.666667,148.833333,0.003044,False,,,,No GLP-1 or anti-obesity medication in structured data or notes.,No other GLP-1 receptor agonist appears among the active medications. The draft Wegovy order is the request under review and is excluded.
main_gpt,GLP1-016__BCBS_FEP_WEGOVY_2026_07_01,GLP1-016,BCBS_FEP_WEGOVY_2026_07_01,gpt,no_concurrent_pa_weight_loss_med,medication_reconciliation,missing_evidence,missing_program,PASS,PASS,True,gpt,0.96,,,DocumentReference/GLP1-016-LAB-001;DocumentReference/GLP1-016-PCP-001,MedicationRequest/GLP1-016-SUMATRIPTAN;MedicationRequest/GLP1-016-TRIAMCINOLON;MedicationRequest/GLP1-016-SERTRALINE;MedicationRequest/GLP1-016-OMEPRAZOLE;MedicationStatement/GLP1-016-IBUPROFEN;MedicationStatement/GLP1-016-VITAMIN;MedicationRequest/GLP1-016-WEGOVY-REQ,,,15450.5,777.666667,148.833333,0.003044,False,,,,No PA weight-loss medication in structured data or notes.,No other Appendix 2 PA weight-loss medication appears among the active medications. The draft Wegovy order is excluded.
main_gpt,GLP1-016__UHC_WEGOVY_P1114_22_2026_09_01,GLP1-016,UHC_WEGOVY_P1114_22_2026_09_01,gpt,age,deterministic,missing_evidence,missing_program,PASS,PASS,True,gpt,1.0,,,,Patient/GLP1-016,,,8241.3,981.25,121.5,0.003178,False,,,,Age 35 on 2026-09-01 (min 12).,"The patient was 35 on the request date, exceeding the minimum age of 12."
main_gpt,GLP1-016__UHC_WEGOVY_P1114_22_2026_09_01,GLP1-016,UHC_WEGOVY_P1114_22_2026_09_01,gpt,indication,deterministic,missing_evidence,missing_program,PASS,PASS,True,gpt,1.0,,,,MedicationRequest/GLP1-016-WEGOVY-REQ;DocumentReference/GLP1-016-PCP-001,,,8241.3,981.25,121.5,0.003178,False,,,,Initial Wegovy request for chronic weight management.,"The request is for chronic weight management, and the primary care note documents treatment of obesity with Wegovy."
main_gpt,GLP1-016__UHC_WEGOVY_P1114_22_2026_09_01,GLP1-016,UHC_WEGOVY_P1114_22_2026_09_01,gpt,lifestyle_adjunct,semantic,missing_evidence,missing_program,INSUFFICIENT,INSUFFICIENT,True,gpt,0.99,,,DocumentReference/GLP1-016-DERM-001;DocumentReference/GLP1-016-MSG-002;DocumentReference/GLP1-016-PCP-001;DocumentReference/GLP1-016-TEL-002;DocumentReference/GLP1-016-UC-001,DocumentReference/GLP1-016-PCP-001,,,8241.3,981.25,121.5,0.003178,False,,,,No lifestyle modification documented near the request.,"The recent treatment plan documents Wegovy but does not document any ongoing or planned diet, exercise, behavioral support, or program participation. Absence of documentation does not establish non-adherence."
main_gpt,GLP1-016__UHC_WEGOVY_P1114_22_2026_09_01,GLP1-016,UHC_WEGOVY_P1114_22_2026_09_01,gpt,bmi_threshold,deterministic,missing_evidence,missing_program,PASS,PASS,True,gpt,1.0,,,,Observation/GLP1-016-BMI-2026-08-22,,,8241.3,981.25,121.5,0.003178,False,,,,Latest structured BMI 32.0 (2026-08-22).,"The latest structured BMI is 32.0 kg/m², meeting the BMI ≥30 threshold without requiring a comorbidity."
main_gpt,GLP1-017__AETNA_WEGOVY_4774C_2026_08_20,GLP1-017,AETNA_WEGOVY_4774C_2026_08_20,gpt,age,deterministic,missing_evidence,counseling_not_program,PASS,PASS,True,gpt,1.0,,,,Patient/GLP1-017,,,8970.4,838.6,118.8,0.002865,False,,,,Age 42 on 2026-09-01 (min 18).,"The recorded birth date makes the patient 42 on the request date, exceeding the minimum age of 18."
main_gpt,GLP1-017__AETNA_WEGOVY_4774C_2026_08_20,GLP1-017,AETNA_WEGOVY_4774C_2026_08_20,gpt,indication,deterministic,missing_evidence,counseling_not_program,PASS,PASS,True,gpt,1.0,,,,MedicationRequest/GLP1-017-WEGOVY-REQ;DocumentReference/GLP1-017-PCP-002,,,8970.4,838.6,118.8,0.002865,False,,,,Initial Wegovy request for chronic weight management.,"The request is for chronic weight management, and the recent note plans Wegovy for obesity."
main_gpt,GLP1-017__AETNA_WEGOVY_4774C_2026_08_20,GLP1-017,AETNA_WEGOVY_4774C_2026_08_20,gpt,adjunct_diet_and_activity,semantic,missing_evidence,counseling_not_program,INSUFFICIENT,INSUFFICIENT,True,gpt,0.99,,,DocumentReference/GLP1-017-DERM-002;DocumentReference/GLP1-017-ORTH-001;DocumentReference/GLP1-017-PCP-001;DocumentReference/GLP1-017-PCP-002,DocumentReference/GLP1-017-PCP-002;DocumentReference/GLP1-017-PCP-001,True,,8970.4,838.6,118.8,0.002865,False,,,,No interval diet/exercise efforts documented near the request.,The August 2026 note does not document a reduced-calorie diet and increased physical activity alongside Wegovy. The November 2025 counseling is outside the 180-day window and does not establish a current plan.
main_gpt,GLP1-017__AETNA_WEGOVY_4774C_2026_08_20,GLP1-017,AETNA_WEGOVY_4774C_2026_08_20,gpt,program_6_months,semantic_temporal,missing_evidence,counseling_not_program,INSUFFICIENT,INSUFFICIENT,True,gpt,0.99,,,DocumentReference/GLP1-017-DERM-002;DocumentReference/GLP1-017-ORTH-001;DocumentReference/GLP1-017-PCP-001;DocumentReference/GLP1-017-PCP-002,DocumentReference/GLP1-017-PCP-001;DocumentReference/GLP1-017-PCP-002,True,,8970.4,838.6,118.8,0.002865,False,,,,"Only brief counseling; no program, no follow-up, no duration.","The notes document brief counseling and a later Wegovy plan, but not dates of continuous participation in a qualifying program for at least six months."
main_gpt,GLP1-017__AETNA_WEGOVY_4774C_2026_08_20,GLP1-017,AETNA_WEGOVY_4774C_2026_08_20,gpt,bmi_threshold,deterministic,missing_evidence,counseling_not_program,PASS,PASS,True,gpt,1.0,,,,Observation/GLP1-017-BMI-2026-08-10,,,8970.4,838.6,118.8,0.002865,False,,,,Latest structured BMI 36.2 (2026-08-10).,"The latest structured BMI before the request is 36.2 kg/m², meeting the BMI ≥30 threshold without needing a comorbidity."
main_gpt,GLP1-017__BCBS_FEP_WEGOVY_2026_07_01,GLP1-017,BCBS_FEP_WEGOVY_2026_07_01,gpt,age,deterministic,missing_evidence,counseling_not_program,PASS,PASS,True,gpt,1.0,,,,Patient/GLP1-017,,,10466.4,826.0,109.5,0.002747,False,,,,Age 42 on 2026-09-01 (min 18).,"The patient was 42 years old on the September 1, 2026 request date."
main_gpt,GLP1-017__BCBS_FEP_WEGOVY_2026_07_01,GLP1-017,BCBS_FEP_WEGOVY_2026_07_01,gpt,indication,deterministic,missing_evidence,counseling_not_program,PASS,PASS,True,gpt,1.0,,,,MedicationRequest/GLP1-017-WEGOVY-REQ;DocumentReference/GLP1-017-PCP-002,,,10466.4,826.0,109.5,0.002747,False,,,,Initial Wegovy request for chronic weight management.,"The request is for Wegovy for chronic weight management, and the primary care note documents a plan to treat obesity."
main_gpt,GLP1-017__BCBS_FEP_WEGOVY_2026_07_01,GLP1-017,BCBS_FEP_WEGOVY_2026_07_01,gpt,bmi_threshold,deterministic,missing_evidence,counseling_not_program,PASS,PASS,True,gpt,1.0,,,,Observation/GLP1-017-BMI-2026-08-10,,,10466.4,826.0,109.5,0.002747,False,,,,Latest structured BMI 36.2 (2026-08-10).,"The latest structured BMI before the request was 36.2, exceeding the threshold of 30."
main_gpt,GLP1-017__BCBS_FEP_WEGOVY_2026_07_01,GLP1-017,BCBS_FEP_WEGOVY_2026_07_01,gpt,weight_management_program,semantic,missing_evidence,counseling_not_program,INSUFFICIENT,INSUFFICIENT,True,gpt,0.98,,,DocumentReference/GLP1-017-DERM-002;DocumentReference/GLP1-017-DERM-003;DocumentReference/GLP1-017-ORTH-001;DocumentReference/GLP1-017-PCP-001,DocumentReference/GLP1-017-PCP-001,True,,10466.4,826.0,109.5,0.002747,False,,,,Only brief counseling with a handout; counseling is not a program.,"The note documents brief counseling and a handout, but not participation in a comprehensive weight management program. It does not establish that a program was declined or never started."
main_gpt,GLP1-017__BCBS_FEP_WEGOVY_2026_07_01,GLP1-017,BCBS_FEP_WEGOVY_2026_07_01,gpt,no_concurrent_glp1,medication_reconciliation,missing_evidence,counseling_not_program,PASS,PASS,True,gpt,0.96,,,DocumentReference/GLP1-017-PCP-002;DocumentReference/GLP1-017-PHARM-001,DocumentReference/GLP1-017-PCP-002;DocumentReference/GLP1-017-PHARM-001;MedicationRequest/GLP1-017-WEGOVY-REQ,,,10466.4,826.0,109.5,0.002747,False,,,,No GLP-1 or anti-obesity medication in structured data or notes.,"No other current GLP-1 therapy is documented in the medication evidence or recent clinical note. The draft Wegovy order is the requested therapy, not concurrent therapy."
main_gpt,GLP1-017__BCBS_FEP_WEGOVY_2026_07_01,GLP1-017,BCBS_FEP_WEGOVY_2026_07_01,gpt,no_concurrent_pa_weight_loss_med,medication_reconciliation,missing_evidence,counseling_not_program,PASS,PASS,True,gpt,0.96,,,DocumentReference/GLP1-017-PCP-002;DocumentReference/GLP1-017-PHARM-001,DocumentReference/GLP1-017-PCP-002;DocumentReference/GLP1-017-PHARM-001;MedicationRequest/GLP1-017-WEGOVY-REQ,,,10466.4,826.0,109.5,0.002747,False,,,,No PA weight-loss medication in structured data or notes.,No other current Appendix 2 weight-loss medication is documented. The draft Wegovy order is excluded from the concurrent-therapy assessment.
main_gpt,GLP1-017__UHC_WEGOVY_P1114_22_2026_09_01,GLP1-017,UHC_WEGOVY_P1114_22_2026_09_01,gpt,age,deterministic,missing_evidence,counseling_not_program,PASS,PASS,True,gpt,1.0,,,,Patient/GLP1-017,,,8522.9,962.25,135.5,0.003279,False,,,,Age 42 on 2026-09-01 (min 12).,"The recorded birth date makes the patient 42 on the request date, above the minimum age of 12."
main_gpt,GLP1-017__UHC_WEGOVY_P1114_22_2026_09_01,GLP1-017,UHC_WEGOVY_P1114_22_2026_09_01,gpt,indication,deterministic,missing_evidence,counseling_not_program,PASS,PASS,True,gpt,1.0,,,,MedicationRequest/GLP1-017-WEGOVY-REQ;DocumentReference/GLP1-017-PCP-002,,,8522.9,962.25,135.5,0.003279,False,,,,Initial Wegovy request for chronic weight management.,"The request is for chronic weight management, and the recent primary care note plans Wegovy for obesity."
main_gpt,GLP1-017__UHC_WEGOVY_P1114_22_2026_09_01,GLP1-017,UHC_WEGOVY_P1114_22_2026_09_01,gpt,lifestyle_adjunct,semantic,missing_evidence,counseling_not_program,INSUFFICIENT,INSUFFICIENT,True,gpt,0.99,,,DocumentReference/GLP1-017-DERM-002;DocumentReference/GLP1-017-ORTH-001;DocumentReference/GLP1-017-PCP-001;DocumentReference/GLP1-017-PCP-002,DocumentReference/GLP1-017-PCP-001;DocumentReference/GLP1-017-PCP-002,True,,8522.9,962.25,135.5,0.003279,False,,,,No interval diet/exercise efforts documented near the request (counseling ~9 months earlier).,The August 2026 note does not document an ongoing or planned lifestyle modification. The November 2025 counseling is outside the 180-day window and does not establish that the patient began a plan.
main_gpt,GLP1-017__UHC_WEGOVY_P1114_22_2026_09_01,GLP1-017,UHC_WEGOVY_P1114_22_2026_09_01,gpt,bmi_threshold,deterministic,missing_evidence,counseling_not_program,PASS,PASS,True,gpt,1.0,,,,Observation/GLP1-017-BMI-2026-08-10,,,8522.9,962.25,135.5,0.003279,False,,,,Latest structured BMI 36.2 (2026-08-10).,"The latest structured BMI is 36.2 kg/m², exceeding the primary threshold of 30; a comorbidity is not required."
main_gpt,GLP1-018__AETNA_WEGOVY_4774C_2026_08_20,GLP1-018,AETNA_WEGOVY_4774C_2026_08_20,gpt,age,deterministic,missing_evidence,partial_program,PASS,PASS,True,gpt,1.0,,,,Patient/GLP1-018,,,8939.7,716.4,135.0,0.002783,False,,,,Age 49 on 2026-09-01 (min 18).,"The patient was 49 on the September 1, 2026 request date."
main_gpt,GLP1-018__AETNA_WEGOVY_4774C_2026_08_20,GLP1-018,AETNA_WEGOVY_4774C_2026_08_20,gpt,indication,deterministic,missing_evidence,partial_program,PASS,PASS,True,gpt,0.99,,,,MedicationRequest/GLP1-018-WEGOVY-REQ;DocumentReference/GLP1-018-PCP-003,,,8939.7,716.4,135.0,0.002783,False,,,,Initial Wegovy request for chronic weight management.,"The request is for chronic weight management, and the August note plans Wegovy for obesity."
main_gpt,GLP1-018__AETNA_WEGOVY_4774C_2026_08_20,GLP1-018,AETNA_WEGOVY_4774C_2026_08_20,gpt,adjunct_diet_and_activity,semantic,missing_evidence,partial_program,INSUFFICIENT,INSUFFICIENT,True,gpt,0.99,,,DocumentReference/GLP1-018-PCP-001;DocumentReference/GLP1-018-PCP-002;DocumentReference/GLP1-018-PCP-003,DocumentReference/GLP1-018-PCP-002;DocumentReference/GLP1-018-PCP-003,True,,8939.7,716.4,135.0,0.002783,False,,,,Physical activity never documented.,"Notes within 180 days document ongoing dietary changes, but neither documents increased physical activity alongside Wegovy."
main_gpt,GLP1-018__AETNA_WEGOVY_4774C_2026_08_20,GLP1-018,AETNA_WEGOVY_4774C_2026_08_20,gpt,program_6_months,semantic_temporal,missing_evidence,partial_program,INSUFFICIENT,INSUFFICIENT,True,gpt,0.98,,,DocumentReference/GLP1-018-PCP-001;DocumentReference/GLP1-018-PCP-002;DocumentReference/GLP1-018-PCP-003,DocumentReference/GLP1-018-PCP-001;DocumentReference/GLP1-018-PCP-002;DocumentReference/GLP1-018-PCP-003,True,,8939.7,716.4,135.0,0.002783,False,,,,"Diet-only effort; no activity component, no comprehensive program.","The notes document dietary changes and follow-up from December through August, but do not establish participation in a program that includes increased physical activity."
main_gpt,GLP1-018__AETNA_WEGOVY_4774C_2026_08_20,GLP1-018,AETNA_WEGOVY_4774C_2026_08_20,gpt,bmi_threshold,deterministic,missing_evidence,partial_program,PASS,PASS,True,gpt,1.0,,,,Observation/GLP1-018-BMI-2026-08-06,,,8939.7,716.4,135.0,0.002783,False,,,,Latest structured BMI 33.5 (2026-08-06).,"The latest structured BMI before the request is 33.5 kg/m², exceeding the 30 kg/m² threshold."
main_gpt,GLP1-018__BCBS_FEP_WEGOVY_2026_07_01,GLP1-018,BCBS_FEP_WEGOVY_2026_07_01,gpt,age,deterministic,missing_evidence,partial_program,PASS,PASS,True,gpt,1.0,,,,Patient/GLP1-018,,,15250.8,665.166667,174.0,0.00307,False,,,,Age 49 on 2026-09-01 (min 18).,The patient was 49 on the 2026-09-01 request date.
main_gpt,GLP1-018__BCBS_FEP_WEGOVY_2026_07_01,GLP1-018,BCBS_FEP_WEGOVY_2026_07_01,gpt,indication,deterministic,missing_evidence,partial_program,PASS,PASS,True,gpt,1.0,,,,MedicationRequest/GLP1-018-WEGOVY-REQ;DocumentReference/GLP1-018-PCP-003,,,15250.8,665.166667,174.0,0.00307,False,,,,Initial Wegovy request for chronic weight management.,"The request is for Wegovy for chronic weight management, consistent with the obesity treatment plan."
main_gpt,GLP1-018__BCBS_FEP_WEGOVY_2026_07_01,GLP1-018,BCBS_FEP_WEGOVY_2026_07_01,gpt,bmi_threshold,deterministic,missing_evidence,partial_program,PASS,PASS,True,gpt,1.0,,,,Observation/GLP1-018-BMI-2026-08-06,,,15250.8,665.166667,174.0,0.00307,False,,,,Latest structured BMI 33.5 (2026-08-06).,"The latest structured BMI before the request is 33.5 kg/m², exceeding the threshold of 30."
main_gpt,GLP1-018__BCBS_FEP_WEGOVY_2026_07_01,GLP1-018,BCBS_FEP_WEGOVY_2026_07_01,gpt,weight_management_program,semantic,missing_evidence,partial_program,INSUFFICIENT,INSUFFICIENT,True,gpt,0.96,,,DocumentReference/GLP1-018-PCP-001;DocumentReference/GLP1-018-PCP-002;DocumentReference/GLP1-018-PCP-003,DocumentReference/GLP1-018-PCP-001;DocumentReference/GLP1-018-PCP-002;DocumentReference/GLP1-018-PCP-003,True,,15250.8,665.166667,174.0,0.00307,False,,,,Solo dietary changes only; no comprehensive program documented.,"The notes document sustained dietary changes and a food diary, but do not document participation in a comprehensive weight management program. Dietary efforts alone do not establish this requirement."
main_gpt,GLP1-018__BCBS_FEP_WEGOVY_2026_07_01,GLP1-018,BCBS_FEP_WEGOVY_2026_07_01,gpt,no_concurrent_glp1,medication_reconciliation,missing_evidence,partial_program,PASS,PASS,True,gpt,0.97,,,DocumentReference/GLP1-018-LAB-002;DocumentReference/GLP1-018-PCP-003,MedicationRequest/GLP1-018-SERTRALINE;MedicationStatement/GLP1-018-CETIRIZINE;MedicationRequest/GLP1-018-WEGOVY-REQ;DocumentReference/GLP1-018-PCP-003,,,15250.8,665.166667,174.0,0.00307,False,,,,No GLP-1 or anti-obesity medication in structured data or notes.,"The documented active medications include no other GLP-1 receptor agonist. The draft Wegovy order is the requested therapy, not concurrent therapy."
main_gpt,GLP1-018__BCBS_FEP_WEGOVY_2026_07_01,GLP1-018,BCBS_FEP_WEGOVY_2026_07_01,gpt,no_concurrent_pa_weight_loss_med,medication_reconciliation,missing_evidence,partial_program,PASS,PASS,True,gpt,0.97,,,DocumentReference/GLP1-018-LAB-002;DocumentReference/GLP1-018-PCP-003,MedicationRequest/GLP1-018-SERTRALINE;MedicationStatement/GLP1-018-CETIRIZINE;MedicationRequest/GLP1-018-WEGOVY-REQ;DocumentReference/GLP1-018-PCP-003,,,15250.8,665.166667,174.0,0.00307,False,,,,No PA weight-loss medication in structured data or notes.,No other Appendix 2 weight-loss medication is documented as current. The draft Wegovy order is excluded from the concurrent-therapy assessment.
main_gpt,GLP1-018__UHC_WEGOVY_P1114_22_2026_09_01,GLP1-018,UHC_WEGOVY_P1114_22_2026_09_01,gpt,age,deterministic,missing_evidence,partial_program,PASS,PASS,True,gpt,1.0,,,,Patient/GLP1-018,,,6334.7,809.5,102.5,0.002644,False,,,,Age 49 on 2026-09-01 (min 12).,"The patient was 49 years old on the request date, exceeding the minimum age of 12."
main_gpt,GLP1-018__UHC_WEGOVY_P1114_22_2026_09_01,GLP1-018,UHC_WEGOVY_P1114_22_2026_09_01,gpt,indication,deterministic,missing_evidence,partial_program,PASS,PASS,True,gpt,1.0,,,,MedicationRequest/GLP1-018-WEGOVY-REQ,,,6334.7,809.5,102.5,0.002644,False,,,,Initial Wegovy request for chronic weight management.,The PA request is for chronic weight management.
main_gpt,GLP1-018__UHC_WEGOVY_P1114_22_2026_09_01,GLP1-018,UHC_WEGOVY_P1114_22_2026_09_01,gpt,lifestyle_adjunct,semantic,missing_evidence,partial_program,PASS,PASS,True,gpt,0.99,,,DocumentReference/GLP1-018-PCP-001;DocumentReference/GLP1-018-PCP-002;DocumentReference/GLP1-018-PCP-003,DocumentReference/GLP1-018-PCP-003,True,,6334.7,809.5,102.5,0.002644,False,,,,Ongoing dietary changes (food tracking) documented at the request.,The August 6 note documents ongoing dietary changes and a plan to continue the food diary when starting Wegovy.
main_gpt,GLP1-018__UHC_WEGOVY_P1114_22_2026_09_01,GLP1-018,UHC_WEGOVY_P1114_22_2026_09_01,gpt,bmi_threshold,deterministic,missing_evidence,partial_program,PASS,PASS,True,gpt,1.0,,,,Observation/GLP1-018-BMI-2026-08-06,,,6334.7,809.5,102.5,0.002644,False,,,,Latest structured BMI 33.5 (2026-08-06).,"The latest structured BMI is 33.5 kg/m², above the threshold of 30; a comorbidity is not required."
main_gpt,GLP1-019__AETNA_WEGOVY_4774C_2026_08_20,GLP1-019,AETNA_WEGOVY_4774C_2026_08_20,gpt,age,deterministic,missing_evidence,partial_program,PASS,PASS,True,gpt,1.0,,,,Patient/GLP1-019,,,10046.4,849.6,134.0,0.003039,False,,,,Age 56 on 2026-09-01 (min 18).,"The patient was 56 on the 2026-09-01 request date, exceeding the minimum age of 18."
main_gpt,GLP1-019__AETNA_WEGOVY_4774C_2026_08_20,GLP1-019,AETNA_WEGOVY_4774C_2026_08_20,gpt,indication,deterministic,missing_evidence,partial_program,PASS,PASS,True,gpt,1.0,,,,MedicationRequest/GLP1-019-WEGOVY-REQ,,,10046.4,849.6,134.0,0.003039,False,,,,Initial Wegovy request for chronic weight management.,The PA request identifies chronic weight management as the indication for Wegovy.
main_gpt,GLP1-019__AETNA_WEGOVY_4774C_2026_08_20,GLP1-019,AETNA_WEGOVY_4774C_2026_08_20,gpt,adjunct_diet_and_activity,semantic,missing_evidence,partial_program,INSUFFICIENT,INSUFFICIENT,True,gpt,0.99,,,DocumentReference/GLP1-019-APE-001;DocumentReference/GLP1-019-PCP-001;DocumentReference/GLP1-019-PCP-002;DocumentReference/GLP1-019-PCP-003;DocumentReference/GLP1-019-TEL-001,DocumentReference/GLP1-019-PCP-003,True,,10046.4,849.6,134.0,0.003039,False,,,,Reduced-calorie diet never documented.,"The August note documents a plan to continue exercise alongside Wegovy, but does not document a reduced-calorie diet."
main_gpt,GLP1-019__AETNA_WEGOVY_4774C_2026_08_20,GLP1-019,AETNA_WEGOVY_4774C_2026_08_20,gpt,program_6_months,semantic_temporal,missing_evidence,partial_program,INSUFFICIENT,INSUFFICIENT,True,gpt,0.98,,,DocumentReference/GLP1-019-APE-001;DocumentReference/GLP1-019-PCP-001;DocumentReference/GLP1-019-PCP-002;DocumentReference/GLP1-019-PCP-003;DocumentReference/GLP1-019-TEL-001,DocumentReference/GLP1-019-PCP-001;DocumentReference/GLP1-019-PCP-002;DocumentReference/GLP1-019-PCP-003,True,,10046.4,849.6,134.0,0.003039,False,,,,"Exercise-only effort; no dietary component, no comprehensive program.","The notes document ongoing exercise and follow-up from December through August, but not participation in a comprehensive program that includes a reduced-calorie diet for at least six months."
main_gpt,GLP1-019__AETNA_WEGOVY_4774C_2026_08_20,GLP1-019,AETNA_WEGOVY_4774C_2026_08_20,gpt,bmi_threshold,deterministic,missing_evidence,partial_program,PASS,PASS,True,gpt,1.0,,,,Observation/GLP1-019-BMI-2026-08-04,,,10046.4,849.6,134.0,0.003039,False,,,,Latest structured BMI 31.2 (2026-08-04).,"The latest structured BMI before the request was 31.2 kg/m², meeting the BMI ≥30 threshold without a comorbidity requirement."
main_gpt,GLP1-019__BCBS_FEP_WEGOVY_2026_07_01,GLP1-019,BCBS_FEP_WEGOVY_2026_07_01,gpt,age,deterministic,missing_evidence,partial_program,PASS,PASS,True,gpt,1.0,,,,Patient/GLP1-019,,,14826.5,790.333333,152.333333,0.003104,False,,,,Age 56 on 2026-09-01 (min 18).,"Born January 6, 1970, the patient was 56 on the September 1, 2026 request date."
main_gpt,GLP1-019__BCBS_FEP_WEGOVY_2026_07_01,GLP1-019,BCBS_FEP_WEGOVY_2026_07_01,gpt,indication,deterministic,missing_evidence,partial_program,PASS,PASS,True,gpt,1.0,,,,MedicationRequest/GLP1-019-WEGOVY-REQ;DocumentReference/GLP1-019-PCP-003,,,14826.5,790.333333,152.333333,0.003104,False,,,,Initial Wegovy request for chronic weight management.,"The request is for chronic weight management, and the prescribing note identifies obesity as the reason for Wegovy."
main_gpt,GLP1-019__BCBS_FEP_WEGOVY_2026_07_01,GLP1-019,BCBS_FEP_WEGOVY_2026_07_01,gpt,bmi_threshold,deterministic,missing_evidence,partial_program,PASS,PASS,True,gpt,1.0,,,,Observation/GLP1-019-BMI-2026-08-04,,,14826.5,790.333333,152.333333,0.003104,False,,,,Latest structured BMI 31.2 (2026-08-04).,"The latest structured BMI before the request is 31.2 kg/m², meeting the BMI ≥30 pathway without a comorbidity requirement."
main_gpt,GLP1-019__BCBS_FEP_WEGOVY_2026_07_01,GLP1-019,BCBS_FEP_WEGOVY_2026_07_01,gpt,weight_management_program,semantic,missing_evidence,partial_program,INSUFFICIENT,INSUFFICIENT,True,gpt,0.96,,,DocumentReference/GLP1-019-MSG-001;DocumentReference/GLP1-019-PCP-001;DocumentReference/GLP1-019-PCP-002;DocumentReference/GLP1-019-PCP-003,DocumentReference/GLP1-019-PCP-001;DocumentReference/GLP1-019-PCP-002;DocumentReference/GLP1-019-PCP-003,True,,14826.5,790.333333,152.333333,0.003104,False,,,,Solo exercise routine only; no comprehensive program documented.,"The notes document a sustained gym exercise routine, but not participation in a comprehensive program that encourages behavioral modification, reduced-calorie diet, and physical activity. An exercise-only effort does not establish this requirement."
main_gpt,GLP1-019__BCBS_FEP_WEGOVY_2026_07_01,GLP1-019,BCBS_FEP_WEGOVY_2026_07_01,gpt,no_concurrent_glp1,medication_reconciliation,missing_evidence,partial_program,PASS,PASS,True,gpt,0.94,,,DocumentReference/GLP1-019-PCP-003;DocumentReference/GLP1-019-TEL-001,DocumentReference/GLP1-019-PCP-003;MedicationRequest/GLP1-019-WEGOVY-REQ,,,14826.5,790.333333,152.333333,0.003104,False,,,,No GLP-1 or anti-obesity medication in structured data or notes.,No other concurrent GLP-1 therapy is documented in the provided medication data or prescribing note. The draft Wegovy order is excluded from this check.
main_gpt,GLP1-019__BCBS_FEP_WEGOVY_2026_07_01,GLP1-019,BCBS_FEP_WEGOVY_2026_07_01,gpt,no_concurrent_pa_weight_loss_med,medication_reconciliation,missing_evidence,partial_program,PASS,PASS,True,gpt,0.94,,,DocumentReference/GLP1-019-PCP-003;DocumentReference/GLP1-019-TEL-001,DocumentReference/GLP1-019-PCP-003;MedicationRequest/GLP1-019-WEGOVY-REQ,,,14826.5,790.333333,152.333333,0.003104,False,,,,No PA weight-loss medication in structured data or notes.,No other concurrent Appendix 2 weight-loss medication is documented in the provided medication data or prescribing note. The draft Wegovy order is excluded from this check.
main_gpt,GLP1-019__UHC_WEGOVY_P1114_22_2026_09_01,GLP1-019,UHC_WEGOVY_P1114_22_2026_09_01,gpt,age,deterministic,missing_evidence,partial_program,PASS,PASS,True,gpt,1.0,,,,Patient/GLP1-019,,,6195.4,974.0,99.25,0.00294,False,,,,Age 56 on 2026-09-01 (min 12).,"Birth date 1970-01-06 makes the patient 56 on the 2026-09-01 request date, above the minimum age of 12."
main_gpt,GLP1-019__UHC_WEGOVY_P1114_22_2026_09_01,GLP1-019,UHC_WEGOVY_P1114_22_2026_09_01,gpt,indication,deterministic,missing_evidence,partial_program,PASS,PASS,True,gpt,1.0,,,,MedicationRequest/GLP1-019-WEGOVY-REQ;DocumentReference/GLP1-019-PCP-003,,,6195.4,974.0,99.25,0.00294,False,,,,Initial Wegovy request for chronic weight management.,"The request is for chronic weight management, and the prescribing note identifies obesity as the reason for starting Wegovy."
main_gpt,GLP1-019__UHC_WEGOVY_P1114_22_2026_09_01,GLP1-019,UHC_WEGOVY_P1114_22_2026_09_01,gpt,lifestyle_adjunct,semantic,missing_evidence,partial_program,PASS,PASS,True,gpt,0.99,,,DocumentReference/GLP1-019-APE-001;DocumentReference/GLP1-019-PCP-001;DocumentReference/GLP1-019-PCP-002;DocumentReference/GLP1-019-PCP-003;DocumentReference/GLP1-019-TEL-001,DocumentReference/GLP1-019-PCP-003,True,,6195.4,974.0,99.25,0.00294,False,,,,Ongoing regular exercise documented at the request.,The 2026-08-04 note documents ongoing gym exercise 4–5 days per week and a plan to continue it with Wegovy. This is within 180 days of the request.
main_gpt,GLP1-019__UHC_WEGOVY_P1114_22_2026_09_01,GLP1-019,UHC_WEGOVY_P1114_22_2026_09_01,gpt,bmi_threshold,deterministic,missing_evidence,partial_program,PASS,PASS,True,gpt,1.0,,,,Observation/GLP1-019-BMI-2026-08-04,,,6195.4,974.0,99.25,0.00294,False,,,,Latest structured BMI 31.2 (2026-08-04).,"The latest structured BMI is 31.2 kg/m², meeting the BMI ≥30 pathway without a comorbidity requirement."
main_gpt,GLP1-020__AETNA_WEGOVY_4774C_2026_08_20,GLP1-020,AETNA_WEGOVY_4774C_2026_08_20,gpt,age,deterministic,missing_evidence,missing_temporality,PASS,PASS,True,gpt,1.0,,,,Patient/GLP1-020,,,14554.4,773.4,191.2,0.003459,False,,,,Age 28 on 2026-09-01 (min 18).,The patient was 28 years old on the request date.
main_gpt,GLP1-020__AETNA_WEGOVY_4774C_2026_08_20,GLP1-020,AETNA_WEGOVY_4774C_2026_08_20,gpt,indication,deterministic,missing_evidence,missing_temporality,PASS,PASS,True,gpt,0.99,,,,MedicationRequest/GLP1-020-WEGOVY-REQ;DocumentReference/GLP1-020-PCP-001,,,14554.4,773.4,191.2,0.003459,False,,,,Initial Wegovy request for chronic weight management.,"The request is for chronic weight management, and the primary care note plans Wegovy for obesity."
main_gpt,GLP1-020__AETNA_WEGOVY_4774C_2026_08_20,GLP1-020,AETNA_WEGOVY_4774C_2026_08_20,gpt,adjunct_diet_and_activity,semantic,missing_evidence,missing_temporality,PASS,INSUFFICIENT,False,gpt,0.84,,,DocumentReference/GLP1-020-DERM-001;DocumentReference/GLP1-020-MSG-002;DocumentReference/GLP1-020-ORTH-002;DocumentReference/GLP1-020-PCP-001,DocumentReference/GLP1-020-PCP-001,True,,14554.4,773.4,191.2,0.003459,False,,TEMPORAL_REASONING,,Follows program meal plan and exercise sessions.,The recent note documents exercise sessions and a plan to continue the lifestyle program with Wegovy. It says the patient follows a program meal plan but does not establish that the plan is reduced-calorie.
main_gpt,GLP1-020__AETNA_WEGOVY_4774C_2026_08_20,GLP1-020,AETNA_WEGOVY_4774C_2026_08_20,gpt,program_6_months,semantic_temporal,missing_evidence,missing_temporality,INSUFFICIENT,INSUFFICIENT,True,gpt,0.98,,,DocumentReference/GLP1-020-DERM-001;DocumentReference/GLP1-020-MSG-002;DocumentReference/GLP1-020-ORTH-002;DocumentReference/GLP1-020-PCP-001,DocumentReference/GLP1-020-MSG-002;DocumentReference/GLP1-020-PCP-001,True,,14554.4,773.4,191.2,0.003459,False,,,,Participation documented but no start date or duration recoverable.,"Program participation is documented on June 15 and August 20, 2026, but no start date establishes at least six continuous months. The program's 12-month length does not establish how long this patient has participated."
main_gpt,GLP1-020__AETNA_WEGOVY_4774C_2026_08_20,GLP1-020,AETNA_WEGOVY_4774C_2026_08_20,gpt,bmi_threshold,deterministic,missing_evidence,missing_temporality,PASS,PASS,True,gpt,1.0,,,,Observation/GLP1-020-BMI-2026-08-20,,,14554.4,773.4,191.2,0.003459,False,,,,Latest structured BMI 38.7 (2026-08-20).,"The latest structured BMI before the request is 38.7 kg/m², exceeding the 30 kg/m² threshold."
main_gpt,GLP1-020__BCBS_FEP_WEGOVY_2026_07_01,GLP1-020,BCBS_FEP_WEGOVY_2026_07_01,gpt,age,deterministic,missing_evidence,missing_temporality,PASS,PASS,True,gpt,1.0,,,,Patient/GLP1-020,,,13266.6,732.833333,131.333333,0.002779,False,,,,Age 28 on 2026-09-01 (min 18).,"Born 1998-02-05, the patient was 28 on the 2026-09-01 request date."
main_gpt,GLP1-020__BCBS_FEP_WEGOVY_2026_07_01,GLP1-020,BCBS_FEP_WEGOVY_2026_07_01,gpt,indication,deterministic,missing_evidence,missing_temporality,PASS,PASS,True,gpt,1.0,,,,MedicationRequest/GLP1-020-WEGOVY-REQ;DocumentReference/GLP1-020-PCP-001,,,13266.6,732.833333,131.333333,0.002779,False,,,,Initial Wegovy request for chronic weight management.,"The request is for Wegovy for chronic weight management, consistent with the primary care plan to treat obesity."
main_gpt,GLP1-020__BCBS_FEP_WEGOVY_2026_07_01,GLP1-020,BCBS_FEP_WEGOVY_2026_07_01,gpt,bmi_threshold,deterministic,missing_evidence,missing_temporality,PASS,PASS,True,gpt,1.0,,,,Observation/GLP1-020-BMI-2026-08-20,,,13266.6,732.833333,131.333333,0.002779,False,,,,Latest structured BMI 38.7 (2026-08-20).,"The latest structured BMI before the request was 38.7 kg/m², exceeding the threshold of 30."
main_gpt,GLP1-020__BCBS_FEP_WEGOVY_2026_07_01,GLP1-020,BCBS_FEP_WEGOVY_2026_07_01,gpt,weight_management_program,semantic,missing_evidence,missing_temporality,PASS,PASS,True,gpt,0.99,,,DocumentReference/GLP1-020-MSG-002;DocumentReference/GLP1-020-ORTH-002;DocumentReference/GLP1-020-PCP-001,DocumentReference/GLP1-020-MSG-002;DocumentReference/GLP1-020-PCP-001,True,,13266.6,732.833333,131.333333,0.002779,False,,,,Currently participating in a named lifestyle program.,"The patient participates in a lifestyle modification program with a meal plan, exercise sessions, and weekly coaching."
main_gpt,GLP1-020__BCBS_FEP_WEGOVY_2026_07_01,GLP1-020,BCBS_FEP_WEGOVY_2026_07_01,gpt,no_concurrent_glp1,medication_reconciliation,missing_evidence,missing_temporality,PASS,PASS,True,gpt,0.97,,,DocumentReference/GLP1-020-MSG-001;DocumentReference/GLP1-020-ORTH-002;DocumentReference/GLP1-020-PCP-001;DocumentReference/GLP1-020-PHARM-001,MedicationRequest/GLP1-020-SUMATRIPTAN;MedicationRequest/GLP1-020-TRIAMCINOLON;MedicationRequest/GLP1-020-AMLODIPINE;MedicationRequest/GLP1-020-SERTRALINE;MedicationRequest/GLP1-020-WEGOVY-REQ,,,13266.6,732.833333,131.333333,0.002779,False,,,,No GLP-1 or anti-obesity medication in structured data or notes.,No other GLP-1 receptor agonist appears among the recorded active medications; the draft Wegovy order is excluded from concurrent therapy.
main_gpt,GLP1-020__BCBS_FEP_WEGOVY_2026_07_01,GLP1-020,BCBS_FEP_WEGOVY_2026_07_01,gpt,no_concurrent_pa_weight_loss_med,medication_reconciliation,missing_evidence,missing_temporality,PASS,PASS,True,gpt,0.97,,,DocumentReference/GLP1-020-MSG-001;DocumentReference/GLP1-020-ORTH-002;DocumentReference/GLP1-020-PCP-001;DocumentReference/GLP1-020-PHARM-001,MedicationRequest/GLP1-020-SUMATRIPTAN;MedicationRequest/GLP1-020-TRIAMCINOLON;MedicationRequest/GLP1-020-AMLODIPINE;MedicationRequest/GLP1-020-SERTRALINE;MedicationRequest/GLP1-020-WEGOVY-REQ,,,13266.6,732.833333,131.333333,0.002779,False,,,,No PA weight-loss medication in structured data or notes.,No other Appendix 2 weight-loss medication appears among the recorded active medications; the draft Wegovy order is excluded.
main_gpt,GLP1-020__UHC_WEGOVY_P1114_22_2026_09_01,GLP1-020,UHC_WEGOVY_P1114_22_2026_09_01,gpt,age,deterministic,missing_evidence,missing_temporality,PASS,PASS,True,gpt,1.0,,,,Patient/GLP1-020,,,6396.5,880.75,107.0,0.002831,False,,,,Age 28 on 2026-09-01 (min 12).,"Born 1998-02-05, the patient was 28 on the 2026-09-01 request date, exceeding the minimum age of 12."
main_gpt,GLP1-020__UHC_WEGOVY_P1114_22_2026_09_01,GLP1-020,UHC_WEGOVY_P1114_22_2026_09_01,gpt,indication,deterministic,missing_evidence,missing_temporality,PASS,PASS,True,gpt,1.0,,,,MedicationRequest/GLP1-020-WEGOVY-REQ;DocumentReference/GLP1-020-PCP-001,,,6396.5,880.75,107.0,0.002831,False,,,,Initial Wegovy request for chronic weight management.,"The request is for chronic weight management, and the primary care plan prescribes Wegovy for obesity."
main_gpt,GLP1-020__UHC_WEGOVY_P1114_22_2026_09_01,GLP1-020,UHC_WEGOVY_P1114_22_2026_09_01,gpt,lifestyle_adjunct,semantic,missing_evidence,missing_temporality,PASS,PASS,True,gpt,0.99,,,DocumentReference/GLP1-020-DERM-001;DocumentReference/GLP1-020-MSG-002;DocumentReference/GLP1-020-ORTH-002;DocumentReference/GLP1-020-PCP-001,DocumentReference/GLP1-020-PCP-001;DocumentReference/GLP1-020-MSG-002,True,,6396.5,880.75,107.0,0.002831,False,,,,Follows program meal plan and exercise sessions.,"Within 180 days of the request, the patient was documented as following a program meal plan and attending exercise sessions and weekly coaching. The prescriber planned for the program to continue with Wegovy."
main_gpt,GLP1-020__UHC_WEGOVY_P1114_22_2026_09_01,GLP1-020,UHC_WEGOVY_P1114_22_2026_09_01,gpt,bmi_threshold,deterministic,missing_evidence,missing_temporality,PASS,PASS,True,gpt,1.0,,,,Observation/GLP1-020-BMI-2026-08-20,,,6396.5,880.75,107.0,0.002831,False,,,,Latest structured BMI 38.7 (2026-08-20).,"The latest structured BMI is 38.7 kg/m², exceeding the primary threshold of 30 kg/m²."
main_gpt,GLP1-021__AETNA_WEGOVY_4774C_2026_08_20,GLP1-021,AETNA_WEGOVY_4774C_2026_08_20,gpt,age,deterministic,missing_evidence,incomplete_longitudinal,PASS,PASS,True,gpt,1.0,,,,Patient/GLP1-021,,,9845.9,662.8,139.4,0.00272,False,,,,Age 35 on 2026-09-01 (min 18).,"The patient was 35 on the September 1, 2026 request date."
main_gpt,GLP1-021__AETNA_WEGOVY_4774C_2026_08_20,GLP1-021,AETNA_WEGOVY_4774C_2026_08_20,gpt,indication,deterministic,missing_evidence,incomplete_longitudinal,PASS,PASS,True,gpt,1.0,,,,MedicationRequest/GLP1-021-WEGOVY-REQ;DocumentReference/GLP1-021-PCP-002,,,9845.9,662.8,139.4,0.00272,False,,,,Initial Wegovy request for chronic weight management.,"The request is for chronic weight management, and the recent visit documents interest in Wegovy for weight."
main_gpt,GLP1-021__AETNA_WEGOVY_4774C_2026_08_20,GLP1-021,AETNA_WEGOVY_4774C_2026_08_20,gpt,adjunct_diet_and_activity,semantic,missing_evidence,incomplete_longitudinal,INSUFFICIENT,INSUFFICIENT,True,gpt,0.99,,,DocumentReference/GLP1-021-PCP-001,DocumentReference/GLP1-021-PCP-001;DocumentReference/GLP1-021-PCP-002,True,,9845.9,662.8,139.4,0.00272,False,,,,No lifestyle efforts documented after the start visit.,"Diet and activity were planned in December 2025, outside the 180-day window. The August 2026 note does not document a current or continuing diet and activity plan."
main_gpt,GLP1-021__AETNA_WEGOVY_4774C_2026_08_20,GLP1-021,AETNA_WEGOVY_4774C_2026_08_20,gpt,program_6_months,semantic_temporal,missing_evidence,incomplete_longitudinal,INSUFFICIENT,INSUFFICIENT,True,gpt,0.99,,,DocumentReference/GLP1-021-PCP-001,DocumentReference/GLP1-021-PCP-001;DocumentReference/GLP1-021-PCP-002,True,,9845.9,662.8,139.4,0.00272,False,,,,Only a start note; no continuing follow-up or later participation documented.,"The December note says the patient was enrolling in a program, but neither note establishes participation with continuing follow-up over a continuous six-month period."
main_gpt,GLP1-021__AETNA_WEGOVY_4774C_2026_08_20,GLP1-021,AETNA_WEGOVY_4774C_2026_08_20,gpt,bmi_threshold,deterministic,missing_evidence,incomplete_longitudinal,PASS,PASS,True,gpt,1.0,,,,Observation/GLP1-021-BMI-2026-08-17,,,9845.9,662.8,139.4,0.00272,False,,,,Latest structured BMI 34.8 (2026-08-17).,"The latest structured BMI before the request was 34.8 kg/m², above the 30 kg/m² threshold."
main_gpt,GLP1-021__BCBS_FEP_WEGOVY_2026_07_01,GLP1-021,BCBS_FEP_WEGOVY_2026_07_01,gpt,age,deterministic,missing_evidence,incomplete_longitudinal,PASS,PASS,True,gpt,1.0,,,,Patient/GLP1-021,,,17334.9,673.0,166.5,0.003011,False,,,,Age 35 on 2026-09-01 (min 18).,"Born January 29, 1991; the patient is 35 on the request date."
main_gpt,GLP1-021__BCBS_FEP_WEGOVY_2026_07_01,GLP1-021,BCBS_FEP_WEGOVY_2026_07_01,gpt,indication,deterministic,missing_evidence,incomplete_longitudinal,PASS,PASS,True,gpt,1.0,,,,MedicationRequest/GLP1-021-WEGOVY-REQ;DocumentReference/GLP1-021-PCP-002,,,17334.9,673.0,166.5,0.003011,False,,,,Initial Wegovy request for chronic weight management.,"The request is for Wegovy for chronic weight management, consistent with the documented obesity treatment plan."
main_gpt,GLP1-021__BCBS_FEP_WEGOVY_2026_07_01,GLP1-021,BCBS_FEP_WEGOVY_2026_07_01,gpt,bmi_threshold,deterministic,missing_evidence,incomplete_longitudinal,PASS,PASS,True,gpt,1.0,,,,Observation/GLP1-021-BMI-2026-08-17,,,17334.9,673.0,166.5,0.003011,False,,,,Latest structured BMI 34.8 (2026-08-17).,"The latest structured BMI before the request is 34.8 kg/m², exceeding the 30 kg/m² threshold."
main_gpt,GLP1-021__BCBS_FEP_WEGOVY_2026_07_01,GLP1-021,BCBS_FEP_WEGOVY_2026_07_01,gpt,weight_management_program,semantic,missing_evidence,incomplete_longitudinal,PASS,INSUFFICIENT,False,gpt,0.85,,,DocumentReference/GLP1-021-PCP-001,DocumentReference/GLP1-021-PCP-001,True,,17334.9,673.0,166.5,0.003011,False,,TEMPORAL_REASONING,,Enrolled in an employer weight-management program at the start visit (literal reading).,"The December plan says the patient is enrolling in an employer-sponsored program with monthly coaching, alongside diet and exercise goals. It does not confirm that enrollment occurred or that she participated."
main_gpt,GLP1-021__BCBS_FEP_WEGOVY_2026_07_01,GLP1-021,BCBS_FEP_WEGOVY_2026_07_01,gpt,no_concurrent_glp1,medication_reconciliation,missing_evidence,incomplete_longitudinal,PASS,PASS,True,gpt,0.94,,,DocumentReference/GLP1-021-MSG-001;DocumentReference/GLP1-021-PCP-002;DocumentReference/GLP1-021-PHARM-001,MedicationRequest/GLP1-021-TRIAMCINOLON;MedicationStatement/GLP1-021-CETIRIZINE;MedicationRequest/GLP1-021-WEGOVY-REQ;DocumentReference/GLP1-021-PCP-002,,,17334.9,673.0,166.5,0.003011,False,,,,No GLP-1 or anti-obesity medication in structured data or notes.,No other GLP-1 therapy is documented among the active medications; the draft Wegovy order is excluded.
main_gpt,GLP1-021__BCBS_FEP_WEGOVY_2026_07_01,GLP1-021,BCBS_FEP_WEGOVY_2026_07_01,gpt,no_concurrent_pa_weight_loss_med,medication_reconciliation,missing_evidence,incomplete_longitudinal,PASS,PASS,True,gpt,0.94,,,DocumentReference/GLP1-021-MSG-001;DocumentReference/GLP1-021-PCP-002;DocumentReference/GLP1-021-PHARM-001,MedicationRequest/GLP1-021-TRIAMCINOLON;MedicationStatement/GLP1-021-CETIRIZINE;MedicationRequest/GLP1-021-WEGOVY-REQ;DocumentReference/GLP1-021-PCP-002,,,17334.9,673.0,166.5,0.003011,False,,,,No PA weight-loss medication in structured data or notes.,No other Appendix 2 weight-loss medication is documented among the active medications; the draft Wegovy order is excluded.
main_gpt,GLP1-021__UHC_WEGOVY_P1114_22_2026_09_01,GLP1-021,UHC_WEGOVY_P1114_22_2026_09_01,gpt,age,deterministic,missing_evidence,incomplete_longitudinal,PASS,PASS,True,gpt,1.0,,,,Patient/GLP1-021,,,7430.8,748.5,123.75,0.002734,False,,,,Age 35 on 2026-09-01 (min 12).,"The patient was 35 on the request date, exceeding the minimum age of 12."
main_gpt,GLP1-021__UHC_WEGOVY_P1114_22_2026_09_01,GLP1-021,UHC_WEGOVY_P1114_22_2026_09_01,gpt,indication,deterministic,missing_evidence,incomplete_longitudinal,PASS,PASS,True,gpt,1.0,,,,MedicationRequest/GLP1-021-WEGOVY-REQ;DocumentReference/GLP1-021-PCP-002,,,7430.8,748.5,123.75,0.002734,False,,,,Initial Wegovy request for chronic weight management.,"The requested Wegovy order is for weight management, and the recent note documents interest in medication for weight."
main_gpt,GLP1-021__UHC_WEGOVY_P1114_22_2026_09_01,GLP1-021,UHC_WEGOVY_P1114_22_2026_09_01,gpt,lifestyle_adjunct,semantic,missing_evidence,incomplete_longitudinal,INSUFFICIENT,INSUFFICIENT,True,gpt,0.99,,,DocumentReference/GLP1-021-PCP-001,DocumentReference/GLP1-021-PCP-001;DocumentReference/GLP1-021-PCP-002,True,,7430.8,748.5,123.75,0.002734,False,,,,No lifestyle efforts documented after the start visit ~8 months earlier.,"A diet, exercise, and coaching plan was documented in December 2025, more than 180 days before the request. The August 2026 note does not document whether any lifestyle modification is ongoing or planned."
main_gpt,GLP1-021__UHC_WEGOVY_P1114_22_2026_09_01,GLP1-021,UHC_WEGOVY_P1114_22_2026_09_01,gpt,bmi_threshold,deterministic,missing_evidence,incomplete_longitudinal,PASS,PASS,True,gpt,1.0,,,,Observation/GLP1-021-BMI-2026-08-17,,,7430.8,748.5,123.75,0.002734,False,,,,Latest structured BMI 34.8 (2026-08-17).,"The latest structured BMI is 34.8 kg/m², meeting the BMI ≥30 threshold without a comorbidity."
main_gpt,GLP1-022__AETNA_WEGOVY_4774C_2026_08_20,GLP1-022,AETNA_WEGOVY_4774C_2026_08_20,gpt,age,deterministic,missing_evidence,structured_data_omission,PASS,PASS,True,gpt,1.0,,,,Patient/GLP1-022,,,10575.1,838.0,156.0,0.003236,False,,,,Age 42 on 2026-09-01 (min 18).,"The patient was 42 on the September 1, 2026 request date."
main_gpt,GLP1-022__AETNA_WEGOVY_4774C_2026_08_20,GLP1-022,AETNA_WEGOVY_4774C_2026_08_20,gpt,indication,deterministic,missing_evidence,structured_data_omission,PASS,PASS,True,gpt,0.99,,,,MedicationRequest/GLP1-022-WEGOVY-REQ;DocumentReference/GLP1-022-PCP-003,,,10575.1,838.0,156.0,0.003236,False,,,,Initial Wegovy request for chronic weight management.,"The request is for chronic weight management, and the prescriber plans Wegovy for excess body weight."
main_gpt,GLP1-022__AETNA_WEGOVY_4774C_2026_08_20,GLP1-022,AETNA_WEGOVY_4774C_2026_08_20,gpt,adjunct_diet_and_activity,semantic,missing_evidence,structured_data_omission,PASS,PASS,True,gpt,0.97,,,DocumentReference/GLP1-022-APE-001;DocumentReference/GLP1-022-NUTR-001;DocumentReference/GLP1-022-NUTR-002;DocumentReference/GLP1-022-PCP-001;DocumentReference/GLP1-022-PCP-002;DocumentReference/GLP1-022-PCP-003,DocumentReference/GLP1-022-PCP-003;DocumentReference/GLP1-022-PCP-001,True,,10575.1,838.0,156.0,0.003236,False,,,,Final note documents continued diet AND exercise.,"The August 11 note documents continued diet and exercise, including meal planning and walking, and directs the patient to continue the plan with Wegovy. The documented diet plan includes a calorie target."
main_gpt,GLP1-022__AETNA_WEGOVY_4774C_2026_08_20,GLP1-022,AETNA_WEGOVY_4774C_2026_08_20,gpt,program_6_months,semantic_temporal,missing_evidence,structured_data_omission,PASS,PASS,True,gpt,0.98,,,DocumentReference/GLP1-022-NUTR-001;DocumentReference/GLP1-022-NUTR-002;DocumentReference/GLP1-022-PCP-001;DocumentReference/GLP1-022-PCP-002;DocumentReference/GLP1-022-PCP-003,DocumentReference/GLP1-022-NUTR-001;DocumentReference/GLP1-022-PCP-002;DocumentReference/GLP1-022-NUTR-002;DocumentReference/GLP1-022-PCP-003,True,,10575.1,838.0,156.0,0.003236,False,,,,"Continuous program with diet, activity and follow-up; duration computed from dated events. 2025-12-11 -> 2026-08-11 = 8 whole months (min 6).","Healthy Weight program intake on January 3 documented calorie reduction, walking, and planned follow-up; subsequent notes document continued participation through August 11. This continuous documented period exceeds six whole calendar months."
main_gpt,GLP1-022__AETNA_WEGOVY_4774C_2026_08_20,GLP1-022,AETNA_WEGOVY_4774C_2026_08_20,gpt,bmi_threshold,deterministic,missing_evidence,structured_data_omission,PASS,PASS,True,gpt,0.99,,,,Observation/GLP1-022-BMI-2026-08-11;DocumentReference/GLP1-022-PCP-003;MedicationRequest/GLP1-022-AMLODIPINE,,,10575.1,838.0,156.0,0.003236,False,,,,"Latest structured BMI 29.0 (2026-08-11). In 27–30 band; comorbidity: PASS — hypertension documented (narrative only, no structured Condition).","The latest structured BMI before the request is 29.0, and the August note documents hypertension treated with amlodipine, satisfying the BMI ≥27 pathway with a weight-related comorbidity."
main_gpt,GLP1-022__BCBS_FEP_WEGOVY_2026_07_01,GLP1-022,BCBS_FEP_WEGOVY_2026_07_01,gpt,age,deterministic,missing_evidence,structured_data_omission,PASS,PASS,True,gpt,1.0,,,,Patient/GLP1-022,,,12621.2,804.5,127.5,0.002884,False,,,,Age 42 on 2026-09-01 (min 18).,"Born January 25, 1984, the patient was 42 on the September 1, 2026 request date."
main_gpt,GLP1-022__BCBS_FEP_WEGOVY_2026_07_01,GLP1-022,BCBS_FEP_WEGOVY_2026_07_01,gpt,indication,deterministic,missing_evidence,structured_data_omission,PASS,PASS,True,gpt,1.0,,,,MedicationRequest/GLP1-022-WEGOVY-REQ;DocumentReference/GLP1-022-PCP-003,,,12621.2,804.5,127.5,0.002884,False,,,,Initial Wegovy request for chronic weight management.,"The request is for Wegovy for chronic weight management, consistent with the clinician's weight-management plan."
main_gpt,GLP1-022__BCBS_FEP_WEGOVY_2026_07_01,GLP1-022,BCBS_FEP_WEGOVY_2026_07_01,gpt,bmi_threshold,deterministic,missing_evidence,structured_data_omission,PASS,PASS,True,gpt,0.99,,,,Observation/GLP1-022-BMI-2026-08-11;DocumentReference/GLP1-022-PCP-003;MedicationRequest/GLP1-022-AMLODIPINE,,,12621.2,804.5,127.5,0.002884,False,,,,"Latest structured BMI 29.0 (2026-08-11). In 27–30 band; comorbidity: PASS — hypertension documented (narrative only, no structured Condition).","The latest structured BMI is 29.0. The clinician documents hypertension treated with amlodipine, satisfying the comorbidity requirement for BMI 27 to less than 30."
main_gpt,GLP1-022__BCBS_FEP_WEGOVY_2026_07_01,GLP1-022,BCBS_FEP_WEGOVY_2026_07_01,gpt,weight_management_program,semantic,missing_evidence,structured_data_omission,PASS,PASS,True,gpt,0.99,,,DocumentReference/GLP1-022-NUTR-001;DocumentReference/GLP1-022-NUTR-002;DocumentReference/GLP1-022-PCP-001;DocumentReference/GLP1-022-PCP-002;DocumentReference/GLP1-022-PCP-003,DocumentReference/GLP1-022-NUTR-001;DocumentReference/GLP1-022-PCP-002;DocumentReference/GLP1-022-NUTR-002;DocumentReference/GLP1-022-PCP-003,True,,12621.2,804.5,127.5,0.002884,False,,,,Enrolled in a comprehensive program with dietitian visits and follow-ups.,"Healthy Weight program intake and follow-up document participation involving dietary changes, activity, and ongoing behavior tracking."
main_gpt,GLP1-022__BCBS_FEP_WEGOVY_2026_07_01,GLP1-022,BCBS_FEP_WEGOVY_2026_07_01,gpt,no_concurrent_glp1,medication_reconciliation,missing_evidence,structured_data_omission,PASS,PASS,True,gpt,0.97,,,DocumentReference/GLP1-022-LAB-001;DocumentReference/GLP1-022-MSG-001;DocumentReference/GLP1-022-NUTR-002;DocumentReference/GLP1-022-PCP-003;DocumentReference/GLP1-022-PHARM-001,MedicationRequest/GLP1-022-TRIAMCINOLON;MedicationRequest/GLP1-022-SUMATRIPTAN;MedicationRequest/GLP1-022-AMLODIPINE;MedicationRequest/GLP1-022-OMEPRAZOLE;MedicationRequest/GLP1-022-WEGOVY-REQ,,,12621.2,804.5,127.5,0.002884,False,,,,No GLP-1 or anti-obesity medication in structured data or notes.,No other GLP-1 receptor agonist appears among the recorded active medications; the draft Wegovy order is excluded.
main_gpt,GLP1-022__BCBS_FEP_WEGOVY_2026_07_01,GLP1-022,BCBS_FEP_WEGOVY_2026_07_01,gpt,no_concurrent_pa_weight_loss_med,medication_reconciliation,missing_evidence,structured_data_omission,PASS,PASS,True,gpt,0.97,,,DocumentReference/GLP1-022-LAB-001;DocumentReference/GLP1-022-MSG-001;DocumentReference/GLP1-022-NUTR-002;DocumentReference/GLP1-022-PCP-003;DocumentReference/GLP1-022-PHARM-001,MedicationRequest/GLP1-022-TRIAMCINOLON;MedicationRequest/GLP1-022-SUMATRIPTAN;MedicationRequest/GLP1-022-AMLODIPINE;MedicationRequest/GLP1-022-OMEPRAZOLE;MedicationRequest/GLP1-022-WEGOVY-REQ,,,12621.2,804.5,127.5,0.002884,False,,,,No PA weight-loss medication in structured data or notes.,No other Appendix 2 weight-loss medication appears among the recorded active medications; the draft Wegovy order is excluded.
main_gpt,GLP1-022__UHC_WEGOVY_P1114_22_2026_09_01,GLP1-022,UHC_WEGOVY_P1114_22_2026_09_01,gpt,age,deterministic,missing_evidence,structured_data_omission,PASS,PASS,True,gpt,1.0,,,,Patient/GLP1-022,,,6241.3,960.0,119.0,0.00311,False,,,,Age 42 on 2026-09-01 (min 12).,"Birth date 1984-01-25 makes the patient 42 on the 2026-09-01 request date, exceeding the minimum age of 12."
main_gpt,GLP1-022__UHC_WEGOVY_P1114_22_2026_09_01,GLP1-022,UHC_WEGOVY_P1114_22_2026_09_01,gpt,indication,deterministic,missing_evidence,structured_data_omission,PASS,PASS,True,gpt,0.99,,,,MedicationRequest/GLP1-022-WEGOVY-REQ;DocumentReference/GLP1-022-PCP-003,,,6241.3,960.0,119.0,0.00311,False,,,,Initial Wegovy request for chronic weight management.,"The request is for chronic weight management, and the prescriber documents starting Wegovy for overweight after limited response to lifestyle changes."
main_gpt,GLP1-022__UHC_WEGOVY_P1114_22_2026_09_01,GLP1-022,UHC_WEGOVY_P1114_22_2026_09_01,gpt,lifestyle_adjunct,semantic,missing_evidence,structured_data_omission,PASS,PASS,True,gpt,0.99,,,DocumentReference/GLP1-022-NUTR-001;DocumentReference/GLP1-022-NUTR-002;DocumentReference/GLP1-022-PCP-001;DocumentReference/GLP1-022-PCP-002;DocumentReference/GLP1-022-PCP-003,DocumentReference/GLP1-022-PCP-003,True,,6241.3,960.0,119.0,0.00311,False,,,,Final note documents continued diet and exercise.,"The 2026-08-11 note, within 180 days of the request, documents ongoing diet, walking, and program visits and directs the patient to continue the plan with Wegovy."
main_gpt,GLP1-022__UHC_WEGOVY_P1114_22_2026_09_01,GLP1-022,UHC_WEGOVY_P1114_22_2026_09_01,gpt,bmi_threshold,deterministic,missing_evidence,structured_data_omission,PASS,PASS,True,gpt,0.99,,,,Observation/GLP1-022-BMI-2026-08-11;DocumentReference/GLP1-022-PCP-003,,,6241.3,960.0,119.0,0.00311,False,,,,"Latest structured BMI 29.0 (2026-08-11). In 27–30 band; comorbidity: PASS — hypertension documented (narrative only, no structured Condition).","The latest structured BMI is 29.0, meeting the ≥27 threshold, and the 2026-08-11 note explicitly documents hypertension treated with amlodipine."
main_gpt,GLP1-023__AETNA_WEGOVY_4774C_2026_08_20,GLP1-023,AETNA_WEGOVY_4774C_2026_08_20,gpt,age,deterministic,missing_evidence,missing_medication_evidence,PASS,PASS,True,gpt,1.0,,,,Patient/GLP1-023,,,8611.3,752.2,111.4,0.002618,False,,,,Age 49 on 2026-09-01 (min 18).,"Born December 28, 1976, the patient was 49 on the September 1, 2026 request date."
main_gpt,GLP1-023__AETNA_WEGOVY_4774C_2026_08_20,GLP1-023,AETNA_WEGOVY_4774C_2026_08_20,gpt,indication,deterministic,missing_evidence,missing_medication_evidence,PASS,PASS,True,gpt,0.99,,,,MedicationRequest/GLP1-023-WEGOVY-REQ;DocumentReference/GLP1-023-PCP-003,,,8611.3,752.2,111.4,0.002618,False,,,,Initial Wegovy request for chronic weight management.,"The request is for chronic weight management, and the patient asked about medication after limited weight loss with the lifestyle plan."
main_gpt,GLP1-023__AETNA_WEGOVY_4774C_2026_08_20,GLP1-023,AETNA_WEGOVY_4774C_2026_08_20,gpt,adjunct_diet_and_activity,semantic,missing_evidence,missing_medication_evidence,PASS,PASS,True,gpt,0.98,,,DocumentReference/GLP1-023-NUTR-001;DocumentReference/GLP1-023-NUTR-002;DocumentReference/GLP1-023-PCP-001;DocumentReference/GLP1-023-PCP-002;DocumentReference/GLP1-023-PCP-003,DocumentReference/GLP1-023-PCP-003;DocumentReference/GLP1-023-NUTR-002,True,,8611.3,752.2,111.4,0.002618,False,,,,Final note documents continued diet AND exercise.,"Within 180 days of the request, notes document continued adherence to the reduced-calorie meal plan and lunchtime walks."
main_gpt,GLP1-023__AETNA_WEGOVY_4774C_2026_08_20,GLP1-023,AETNA_WEGOVY_4774C_2026_08_20,gpt,program_6_months,semantic_temporal,missing_evidence,missing_medication_evidence,PASS,PASS,True,gpt,0.99,,,DocumentReference/GLP1-023-NUTR-001;DocumentReference/GLP1-023-NUTR-002;DocumentReference/GLP1-023-PCP-001;DocumentReference/GLP1-023-PCP-002;DocumentReference/GLP1-023-PCP-003,DocumentReference/GLP1-023-PCP-001;DocumentReference/GLP1-023-PCP-002;DocumentReference/GLP1-023-NUTR-002;DocumentReference/GLP1-023-PCP-003,True,,8611.3,752.2,111.4,0.002618,False,,,,"Continuous program with diet, activity and follow-up; duration computed from dated events. 2025-12-18 -> 2026-08-18 = 8 whole months (min 6).","The patient enrolled in a structured lifestyle modification program on December 18, 2025, with a reduced-calorie diet, walking, and documented continuing follow-up through August 18, 2026—eight whole calendar months without a documented interruption."
main_gpt,GLP1-023__AETNA_WEGOVY_4774C_2026_08_20,GLP1-023,AETNA_WEGOVY_4774C_2026_08_20,gpt,bmi_threshold,deterministic,missing_evidence,missing_medication_evidence,PASS,PASS,True,gpt,1.0,,,,Observation/GLP1-023-BMI-2026-08-18,,,8611.3,752.2,111.4,0.002618,False,,,,Latest structured BMI 35.1 (2026-08-18).,"The latest structured BMI before the request was 35.1 kg/m², exceeding the 30 kg/m² threshold without requiring a comorbidity."
main_gpt,GLP1-023__BCBS_FEP_WEGOVY_2026_07_01,GLP1-023,BCBS_FEP_WEGOVY_2026_07_01,gpt,age,deterministic,missing_evidence,missing_medication_evidence,PASS,PASS,True,gpt,1.0,,,,Patient/GLP1-023,,,10366.1,747.5,112.5,0.00262,False,,,,Age 49 on 2026-09-01 (min 18).,"Born December 28, 1976, the patient was 49 on the September 1, 2026 request date."
main_gpt,GLP1-023__BCBS_FEP_WEGOVY_2026_07_01,GLP1-023,BCBS_FEP_WEGOVY_2026_07_01,gpt,indication,deterministic,missing_evidence,missing_medication_evidence,PASS,PASS,True,gpt,1.0,,,,MedicationRequest/GLP1-023-WEGOVY-REQ;DocumentReference/GLP1-023-PCP-003,,,10366.1,747.5,112.5,0.00262,False,,,,Initial Wegovy request for chronic weight management.,"The request is for Wegovy for chronic weight management, consistent with the obesity treatment plan."
main_gpt,GLP1-023__BCBS_FEP_WEGOVY_2026_07_01,GLP1-023,BCBS_FEP_WEGOVY_2026_07_01,gpt,bmi_threshold,deterministic,missing_evidence,missing_medication_evidence,PASS,PASS,True,gpt,1.0,,,,Observation/GLP1-023-BMI-2026-08-18,,,10366.1,747.5,112.5,0.00262,False,,,,Latest structured BMI 35.1 (2026-08-18).,"The latest structured BMI before the request was 35.1 kg/m², exceeding the threshold of 30."
main_gpt,GLP1-023__BCBS_FEP_WEGOVY_2026_07_01,GLP1-023,BCBS_FEP_WEGOVY_2026_07_01,gpt,weight_management_program,semantic,missing_evidence,missing_medication_evidence,PASS,PASS,True,gpt,0.99,,,DocumentReference/GLP1-023-NUTR-001;DocumentReference/GLP1-023-NUTR-002;DocumentReference/GLP1-023-PCP-001;DocumentReference/GLP1-023-PCP-002;DocumentReference/GLP1-023-PCP-003,DocumentReference/GLP1-023-PCP-001;DocumentReference/GLP1-023-NUTR-001;DocumentReference/GLP1-023-PCP-003,True,,10366.1,747.5,112.5,0.00262,False,,,,Enrolled in a comprehensive program with dietitian visits and follow-ups.,"The patient enrolled in a lifestyle modification program and participated in visits, food logging, a reduced-calorie meal plan, and regular walking."
main_gpt,GLP1-023__BCBS_FEP_WEGOVY_2026_07_01,GLP1-023,BCBS_FEP_WEGOVY_2026_07_01,gpt,no_concurrent_glp1,medication_reconciliation,missing_evidence,missing_medication_evidence,INSUFFICIENT,INSUFFICIENT,True,gpt,0.99,,,DocumentReference/GLP1-023-MSG-001;DocumentReference/GLP1-023-NUTR-002;DocumentReference/GLP1-023-OSR-001;DocumentReference/GLP1-023-PCP-003,DocumentReference/GLP1-023-PCP-003;MedicationRequest/GLP1-023-WEGOVY-REQ,,,10366.1,747.5,112.5,0.00262,False,,,,Medication list not reconciled/obtained; concurrent use cannot be confirmed.,"The medication list was not reconciled at the latest visit, so other current GLP-1 use cannot be ruled out. The draft Wegovy order is excluded from concurrent therapy."
main_gpt,GLP1-023__BCBS_FEP_WEGOVY_2026_07_01,GLP1-023,BCBS_FEP_WEGOVY_2026_07_01,gpt,no_concurrent_pa_weight_loss_med,medication_reconciliation,missing_evidence,missing_medication_evidence,INSUFFICIENT,INSUFFICIENT,True,gpt,0.99,,,DocumentReference/GLP1-023-MSG-001;DocumentReference/GLP1-023-NUTR-002;DocumentReference/GLP1-023-OSR-001;DocumentReference/GLP1-023-PCP-003,DocumentReference/GLP1-023-PCP-003;MedicationRequest/GLP1-023-WEGOVY-REQ,,,10366.1,747.5,112.5,0.00262,False,,,,Medication list not reconciled/obtained.,The unreconciled medication list does not establish whether another PA weight-loss medication is currently used. The draft Wegovy order is excluded from concurrent therapy.
main_gpt,GLP1-023__UHC_WEGOVY_P1114_22_2026_09_01,GLP1-023,UHC_WEGOVY_P1114_22_2026_09_01,gpt,age,deterministic,missing_evidence,missing_medication_evidence,PASS,PASS,True,gpt,1.0,,,,Patient/GLP1-023,,,5210.0,879.25,88.5,0.002644,False,,,,Age 49 on 2026-09-01 (min 12).,"The recorded birth date makes the patient 49 on the request date, exceeding the minimum age of 12."
main_gpt,GLP1-023__UHC_WEGOVY_P1114_22_2026_09_01,GLP1-023,UHC_WEGOVY_P1114_22_2026_09_01,gpt,indication,deterministic,missing_evidence,missing_medication_evidence,PASS,PASS,True,gpt,1.0,,,,MedicationRequest/GLP1-023-WEGOVY-REQ,,,5210.0,879.25,88.5,0.002644,False,,,,Initial Wegovy request for chronic weight management.,"The PA request specifies chronic weight management, and the requested Wegovy order is identified as anti-obesity treatment."
main_gpt,GLP1-023__UHC_WEGOVY_P1114_22_2026_09_01,GLP1-023,UHC_WEGOVY_P1114_22_2026_09_01,gpt,lifestyle_adjunct,semantic,missing_evidence,missing_medication_evidence,PASS,PASS,True,gpt,0.99,,,DocumentReference/GLP1-023-NUTR-001;DocumentReference/GLP1-023-NUTR-002;DocumentReference/GLP1-023-OSR-001;DocumentReference/GLP1-023-PCP-001;DocumentReference/GLP1-023-PCP-002;DocumentReference/GLP1-023-PCP-003,DocumentReference/GLP1-023-PCP-003,True,,5210.0,879.25,88.5,0.002644,False,,,,Final note documents continued diet and exercise.,"The August 18 note, within 180 days of the request, documents continued diet, exercise, and program visits."
main_gpt,GLP1-023__UHC_WEGOVY_P1114_22_2026_09_01,GLP1-023,UHC_WEGOVY_P1114_22_2026_09_01,gpt,bmi_threshold,deterministic,missing_evidence,missing_medication_evidence,PASS,PASS,True,gpt,1.0,,,,Observation/GLP1-023-BMI-2026-08-18,,,5210.0,879.25,88.5,0.002644,False,,,,Latest structured BMI 35.1 (2026-08-18).,"The latest structured BMI is 35.1 kg/m², exceeding the threshold of 30; a comorbidity is not required."
main_gpt,GLP1-024__AETNA_WEGOVY_4774C_2026_08_20,GLP1-024,AETNA_WEGOVY_4774C_2026_08_20,gpt,age,deterministic,missing_evidence,unknown_not_negative,PASS,PASS,True,gpt,1.0,,,,Patient/GLP1-024,,,9273.5,837.8,127.0,0.002946,False,,,,Age 56 on 2026-09-01 (min 18).,The patient was 56 on the 2026-09-01 request date.
main_gpt,GLP1-024__AETNA_WEGOVY_4774C_2026_08_20,GLP1-024,AETNA_WEGOVY_4774C_2026_08_20,gpt,indication,deterministic,missing_evidence,unknown_not_negative,PASS,PASS,True,gpt,1.0,,,,MedicationRequest/GLP1-024-WEGOVY-REQ;DocumentReference/GLP1-024-PCP-003,,,9273.5,837.8,127.0,0.002946,False,,,,Initial Wegovy request for chronic weight management.,"The request is for Wegovy for chronic weight management, and the prescribing note identifies obesity as the reason for treatment."
main_gpt,GLP1-024__AETNA_WEGOVY_4774C_2026_08_20,GLP1-024,AETNA_WEGOVY_4774C_2026_08_20,gpt,adjunct_diet_and_activity,semantic,missing_evidence,unknown_not_negative,PASS,PASS,True,gpt,0.96,,,DocumentReference/GLP1-024-NUTR-001;DocumentReference/GLP1-024-NUTR-002;DocumentReference/GLP1-024-PCP-001;DocumentReference/GLP1-024-PCP-003,DocumentReference/GLP1-024-PCP-001;DocumentReference/GLP1-024-PCP-003,True,,9273.5,837.8,127.0,0.002946,False,,,,Final note documents continued diet AND exercise.,"The December plan specifies an approximately 1,800-kcal/day diet and stationary biking. On August 15, within 180 days of the request, the patient reported continuing both, and the prescriber directed him to continue the plan with Wegovy."
main_gpt,GLP1-024__AETNA_WEGOVY_4774C_2026_08_20,GLP1-024,AETNA_WEGOVY_4774C_2026_08_20,gpt,program_6_months,semantic_temporal,missing_evidence,unknown_not_negative,PASS,PASS,True,gpt,0.95,,,DocumentReference/GLP1-024-NUTR-001;DocumentReference/GLP1-024-NUTR-002;DocumentReference/GLP1-024-PCP-001;DocumentReference/GLP1-024-PCP-003,DocumentReference/GLP1-024-PCP-001;DocumentReference/GLP1-024-NUTR-001;DocumentReference/GLP1-024-PCP-002;DocumentReference/GLP1-024-NUTR-002;DocumentReference/GLP1-024-PCP-003,True,,9273.5,837.8,127.0,0.002946,False,,,,"Continuous program with diet, activity and follow-up; duration computed from dated events. 2025-12-15 -> 2026-08-15 = 8 whole months (min 6).","The structured program's diet, activity, coaching, and follow-up are documented from December 15, 2025, through August 15, 2026—eight whole calendar months—with continuation documented between those dates."
main_gpt,GLP1-024__AETNA_WEGOVY_4774C_2026_08_20,GLP1-024,AETNA_WEGOVY_4774C_2026_08_20,gpt,bmi_threshold,deterministic,missing_evidence,unknown_not_negative,PASS,PASS,True,gpt,1.0,,,,Observation/GLP1-024-BMI-2026-08-15,,,9273.5,837.8,127.0,0.002946,False,,,,Latest structured BMI 37.0 (2026-08-15).,"The latest structured BMI before the request was 37.0 kg/m², exceeding the 30 kg/m² threshold without needing a comorbidity."
main_gpt,GLP1-024__BCBS_FEP_WEGOVY_2026_07_01,GLP1-024,BCBS_FEP_WEGOVY_2026_07_01,gpt,age,deterministic,missing_evidence,unknown_not_negative,PASS,PASS,True,gpt,1.0,,,,Patient/GLP1-024,,,13981.5,768.833333,157.5,0.003113,False,,,,Age 56 on 2026-09-01 (min 18).,"Born June 25, 1970, the patient was 56 on the September 1, 2026 request date."
main_gpt,GLP1-024__BCBS_FEP_WEGOVY_2026_07_01,GLP1-024,BCBS_FEP_WEGOVY_2026_07_01,gpt,indication,deterministic,missing_evidence,unknown_not_negative,PASS,PASS,True,gpt,1.0,,,,MedicationRequest/GLP1-024-WEGOVY-REQ;DocumentReference/GLP1-024-PCP-003,,,13981.5,768.833333,157.5,0.003113,False,,,,Initial Wegovy request for chronic weight management.,"The initial Wegovy request is for chronic weight management, consistent with the documented obesity treatment plan."
main_gpt,GLP1-024__BCBS_FEP_WEGOVY_2026_07_01,GLP1-024,BCBS_FEP_WEGOVY_2026_07_01,gpt,bmi_threshold,deterministic,missing_evidence,unknown_not_negative,PASS,PASS,True,gpt,1.0,,,,Observation/GLP1-024-BMI-2026-08-15,,,13981.5,768.833333,157.5,0.003113,False,,,,Latest structured BMI 37.0 (2026-08-15).,"The latest structured BMI before the request is 37.0 kg/m², exceeding the primary threshold of 30."
main_gpt,GLP1-024__BCBS_FEP_WEGOVY_2026_07_01,GLP1-024,BCBS_FEP_WEGOVY_2026_07_01,gpt,weight_management_program,semantic,missing_evidence,unknown_not_negative,PASS,PASS,True,gpt,0.99,,,DocumentReference/GLP1-024-NUTR-001;DocumentReference/GLP1-024-NUTR-002;DocumentReference/GLP1-024-PCP-001;DocumentReference/GLP1-024-PCP-003,DocumentReference/GLP1-024-NUTR-001;DocumentReference/GLP1-024-NUTR-002;DocumentReference/GLP1-024-PCP-003,True,,13981.5,768.833333,157.5,0.003113,False,,,,Enrolled in a comprehensive program with dietitian visits and follow-ups.,"The employer program's dietitian intake, follow-up, and ongoing coaching document participation in a program combining dietary changes, activity, and behavioral strategies."
main_gpt,GLP1-024__BCBS_FEP_WEGOVY_2026_07_01,GLP1-024,BCBS_FEP_WEGOVY_2026_07_01,gpt,no_concurrent_glp1,medication_reconciliation,missing_evidence,unknown_not_negative,INSUFFICIENT,INSUFFICIENT,True,gpt,0.98,,,DocumentReference/GLP1-024-NUTR-002;DocumentReference/GLP1-024-OSR-001;DocumentReference/GLP1-024-PCP-003,MedicationStatement/GLP1-024-OUTSIDE-GLP1;DocumentReference/GLP1-024-PCP-003;MedicationRequest/GLP1-024-WEGOVY-REQ,,,13981.5,768.833333,157.5,0.003113,False,,,,Outside semaglutide injection with unknown current status (structured status 'unknown'; patient unsure).,"An outside semaglutide injection has unknown status, and the patient was unsure whether he was still filling the outside injection. The draft Wegovy order is excluded, but current use of the outside therapy cannot be ruled out."
main_gpt,GLP1-024__BCBS_FEP_WEGOVY_2026_07_01,GLP1-024,BCBS_FEP_WEGOVY_2026_07_01,gpt,no_concurrent_pa_weight_loss_med,medication_reconciliation,missing_evidence,unknown_not_negative,INSUFFICIENT,INSUFFICIENT,True,gpt,0.94,,,DocumentReference/GLP1-024-NUTR-002;DocumentReference/GLP1-024-OSR-001;DocumentReference/GLP1-024-PCP-003,MedicationStatement/GLP1-024-OUTSIDE-GLP1;DocumentReference/GLP1-024-PCP-003;MedicationRequest/GLP1-024-WEGOVY-REQ,,,13981.5,768.833333,157.5,0.003113,False,,,,Unnamed outside weight-loss injection with unknown status.,"The outside weekly weight-loss injection's product and current use are unresolved, so concurrent use of a listed PA weight-loss medication cannot be excluded. The draft Wegovy order does not count as concurrent therapy."
main_gpt,GLP1-024__UHC_WEGOVY_P1114_22_2026_09_01,GLP1-024,UHC_WEGOVY_P1114_22_2026_09_01,gpt,age,deterministic,missing_evidence,unknown_not_negative,PASS,PASS,True,gpt,1.0,,,,Patient/GLP1-024,,,6218.3,961.25,100.25,0.002925,False,,,,Age 56 on 2026-09-01 (min 12).,"Birth date is June 25, 1970, making the patient 56 on the request date."
main_gpt,GLP1-024__UHC_WEGOVY_P1114_22_2026_09_01,GLP1-024,UHC_WEGOVY_P1114_22_2026_09_01,gpt,indication,deterministic,missing_evidence,unknown_not_negative,PASS,PASS,True,gpt,1.0,,,,MedicationRequest/GLP1-024-WEGOVY-REQ;DocumentReference/GLP1-024-PCP-003,,,6218.3,961.25,100.25,0.002925,False,,,,Initial Wegovy request for chronic weight management.,"Wegovy is requested for weight management, and the prescriber documents a plan to treat obesity."
main_gpt,GLP1-024__UHC_WEGOVY_P1114_22_2026_09_01,GLP1-024,UHC_WEGOVY_P1114_22_2026_09_01,gpt,lifestyle_adjunct,semantic,missing_evidence,unknown_not_negative,PASS,PASS,True,gpt,0.99,,,DocumentReference/GLP1-024-NUTR-001;DocumentReference/GLP1-024-NUTR-002;DocumentReference/GLP1-024-PCP-001;DocumentReference/GLP1-024-PCP-003,DocumentReference/GLP1-024-PCP-003,True,,6218.3,961.25,100.25,0.002925,False,,,,Final note documents continued diet and exercise.,"The August 15 note documents ongoing diet, exercise, and program coaching, with a plan to continue alongside Wegovy."
main_gpt,GLP1-024__UHC_WEGOVY_P1114_22_2026_09_01,GLP1-024,UHC_WEGOVY_P1114_22_2026_09_01,gpt,bmi_threshold,deterministic,missing_evidence,unknown_not_negative,PASS,PASS,True,gpt,1.0,,,,Observation/GLP1-024-BMI-2026-08-15,,,6218.3,961.25,100.25,0.002925,False,,,,Latest structured BMI 37.0 (2026-08-15).,"The latest structured BMI is 37.0 kg/m², exceeding the 30 kg/m² threshold without needing a comorbidity."
main_gpt,GLP1-025__AETNA_WEGOVY_4774C_2026_08_20,GLP1-025,AETNA_WEGOVY_4774C_2026_08_20,gpt,age,deterministic,missing_evidence,missing_response,PASS,PASS,True,gpt,1.0,,,,Patient/GLP1-025,,,8293.7,826.0,112.2,0.002774,False,,,,Age 28 on 2026-09-01 (min 18).,"The patient was 28 on the September 1, 2026 request date, meeting the minimum age of 18."
main_gpt,GLP1-025__AETNA_WEGOVY_4774C_2026_08_20,GLP1-025,AETNA_WEGOVY_4774C_2026_08_20,gpt,indication,deterministic,missing_evidence,missing_response,PASS,PASS,True,gpt,0.99,,,,MedicationRequest/GLP1-025-WEGOVY-REQ;DocumentReference/GLP1-025-PCP-003,,,8293.7,826.0,112.2,0.002774,False,,,,Initial Wegovy request for chronic weight management.,"The request is for chronic weight management, and the recent visit documents a discussion of Wegovy for obesity."
main_gpt,GLP1-025__AETNA_WEGOVY_4774C_2026_08_20,GLP1-025,AETNA_WEGOVY_4774C_2026_08_20,gpt,adjunct_diet_and_activity,semantic,missing_evidence,missing_response,PASS,PASS,True,gpt,0.98,,,DocumentReference/GLP1-025-NUTR-001;DocumentReference/GLP1-025-NUTR-002;DocumentReference/GLP1-025-PCP-001;DocumentReference/GLP1-025-PCP-002;DocumentReference/GLP1-025-PCP-003,DocumentReference/GLP1-025-PCP-003;DocumentReference/GLP1-025-NUTR-002,True,,8293.7,826.0,112.2,0.002774,False,,,,Final note documents continued diet AND exercise.,"Within 180 days of the request, the patient was documented as continuing calorie tracking and the diet plan, as well as biking three times weekly."
main_gpt,GLP1-025__AETNA_WEGOVY_4774C_2026_08_20,GLP1-025,AETNA_WEGOVY_4774C_2026_08_20,gpt,program_6_months,semantic_temporal,missing_evidence,missing_response,PASS,PASS,True,gpt,0.98,,,DocumentReference/GLP1-025-NUTR-001;DocumentReference/GLP1-025-NUTR-002;DocumentReference/GLP1-025-PCP-001;DocumentReference/GLP1-025-PCP-002;DocumentReference/GLP1-025-PCP-003,DocumentReference/GLP1-025-PCP-001;DocumentReference/GLP1-025-NUTR-001;DocumentReference/GLP1-025-PCP-002;DocumentReference/GLP1-025-NUTR-002;DocumentReference/GLP1-025-PCP-003,True,,8293.7,826.0,112.2,0.002774,False,,,,"Continuous program with diet, activity and follow-up; duration computed from dated events. 2025-12-08 -> 2026-08-08 = 8 whole months (min 6).","The structured weight-management program began December 8, 2025, and continued through August 8, 2026—eight whole calendar months. The notes document diet, physical activity, coaching, and follow-up without a documented interruption."
main_gpt,GLP1-025__AETNA_WEGOVY_4774C_2026_08_20,GLP1-025,AETNA_WEGOVY_4774C_2026_08_20,gpt,bmi_threshold,deterministic,missing_evidence,missing_response,PASS,PASS,True,gpt,1.0,,,,Observation/GLP1-025-BMI-2026-08-08,,,8293.7,826.0,112.2,0.002774,False,,,,Latest structured BMI 32.6 (2026-08-08).,"The latest structured BMI before the request is 32.6 kg/m², meeting the baseline threshold of at least 30 without requiring a comorbidity."
main_gpt,GLP1-025__BCBS_FEP_WEGOVY_2026_07_01,GLP1-025,BCBS_FEP_WEGOVY_2026_07_01,gpt,age,deterministic,missing_evidence,missing_response,PASS,PASS,True,gpt,1.0,,,,Patient/GLP1-025,,,11500.8,793.5,134.0,0.002927,False,,,,Age 28 on 2026-09-01 (min 18).,Birth date 1997-09-15 makes the patient 28 on the 2026-09-01 request date.
main_gpt,GLP1-025__BCBS_FEP_WEGOVY_2026_07_01,GLP1-025,BCBS_FEP_WEGOVY_2026_07_01,gpt,indication,deterministic,missing_evidence,missing_response,PASS,PASS,True,gpt,1.0,,,,MedicationRequest/GLP1-025-WEGOVY-REQ;DocumentReference/GLP1-025-PCP-003,,,11500.8,793.5,134.0,0.002927,False,,,,Initial Wegovy request for chronic weight management.,"The request is for Wegovy for chronic weight management, consistent with the documented obesity treatment plan."
main_gpt,GLP1-025__BCBS_FEP_WEGOVY_2026_07_01,GLP1-025,BCBS_FEP_WEGOVY_2026_07_01,gpt,bmi_threshold,deterministic,missing_evidence,missing_response,PASS,PASS,True,gpt,1.0,,,,Observation/GLP1-025-BMI-2026-08-08,,,11500.8,793.5,134.0,0.002927,False,,,,Latest structured BMI 32.6 (2026-08-08).,"The latest structured BMI before the request is 32.6, exceeding the 30 threshold without a comorbidity requirement."
main_gpt,GLP1-025__BCBS_FEP_WEGOVY_2026_07_01,GLP1-025,BCBS_FEP_WEGOVY_2026_07_01,gpt,weight_management_program,semantic,missing_evidence,missing_response,PASS,PASS,True,gpt,0.99,,,DocumentReference/GLP1-025-NUTR-001;DocumentReference/GLP1-025-NUTR-002;DocumentReference/GLP1-025-PCP-001;DocumentReference/GLP1-025-PCP-002;DocumentReference/GLP1-025-PCP-003,DocumentReference/GLP1-025-PCP-001;DocumentReference/GLP1-025-NUTR-001;DocumentReference/GLP1-025-NUTR-002;DocumentReference/GLP1-025-PCP-003,True,,11500.8,793.5,134.0,0.002927,False,,,,Enrolled in a comprehensive program with dietitian visits and follow-ups.,"Program dietitian intake, subsequent follow-up, and ongoing coaching document participation in a program combining dietary changes, activity, and behavioral strategies."
main_gpt,GLP1-025__BCBS_FEP_WEGOVY_2026_07_01,GLP1-025,BCBS_FEP_WEGOVY_2026_07_01,gpt,no_concurrent_glp1,medication_reconciliation,missing_evidence,missing_response,PASS,PASS,True,gpt,0.97,,,DocumentReference/GLP1-025-NUTR-002;DocumentReference/GLP1-025-PCP-001;DocumentReference/GLP1-025-PCP-003;DocumentReference/GLP1-025-PHARM-001,MedicationRequest/GLP1-025-SERTRALINE;MedicationRequest/GLP1-025-TRIAMCINOLON;MedicationRequest/GLP1-025-SUMATRIPTAN;MedicationRequest/GLP1-025-OMEPRAZOLE;MedicationStatement/GLP1-025-CETIRIZINE;MedicationStatement/GLP1-025-IBUPROFEN;MedicationStatement/GLP1-025-VITAMIN;MedicationRequest/GLP1-025-WEGOVY-REQ,,,11500.8,793.5,134.0,0.002927,False,,,,No GLP-1 or anti-obesity medication in structured data or notes.,"No other GLP-1 therapy appears among the listed active medications. The draft Wegovy order is the requested therapy, not concurrent treatment."
main_gpt,GLP1-025__BCBS_FEP_WEGOVY_2026_07_01,GLP1-025,BCBS_FEP_WEGOVY_2026_07_01,gpt,no_concurrent_pa_weight_loss_med,medication_reconciliation,missing_evidence,missing_response,PASS,PASS,True,gpt,0.97,,,DocumentReference/GLP1-025-NUTR-002;DocumentReference/GLP1-025-PCP-001;DocumentReference/GLP1-025-PCP-003;DocumentReference/GLP1-025-PHARM-001,MedicationRequest/GLP1-025-SERTRALINE;MedicationRequest/GLP1-025-TRIAMCINOLON;MedicationRequest/GLP1-025-SUMATRIPTAN;MedicationRequest/GLP1-025-OMEPRAZOLE;MedicationStatement/GLP1-025-CETIRIZINE;MedicationStatement/GLP1-025-IBUPROFEN;MedicationStatement/GLP1-025-VITAMIN;MedicationRequest/GLP1-025-WEGOVY-REQ,,,11500.8,793.5,134.0,0.002927,False,,,,No PA weight-loss medication in structured data or notes.,No other Appendix 2 weight-loss medication appears among the listed active medications. The draft Wegovy order is excluded from the concurrency assessment.
main_gpt,GLP1-025__UHC_WEGOVY_P1114_22_2026_09_01,GLP1-025,UHC_WEGOVY_P1114_22_2026_09_01,gpt,age,deterministic,missing_evidence,missing_response,PASS,PASS,True,gpt,1.0,,,,Patient/GLP1-025,,,6700.5,946.5,90.5,0.002798,False,,,,Age 28 on 2026-09-01 (min 12).,"The patient was 28 on the 2026-09-01 request date, exceeding the minimum age of 12."
main_gpt,GLP1-025__UHC_WEGOVY_P1114_22_2026_09_01,GLP1-025,UHC_WEGOVY_P1114_22_2026_09_01,gpt,indication,deterministic,missing_evidence,missing_response,PASS,PASS,True,gpt,1.0,,,,MedicationRequest/GLP1-025-WEGOVY-REQ,,,6700.5,946.5,90.5,0.002798,False,,,,Initial Wegovy request for chronic weight management.,The request is for Wegovy for chronic weight management.
main_gpt,GLP1-025__UHC_WEGOVY_P1114_22_2026_09_01,GLP1-025,UHC_WEGOVY_P1114_22_2026_09_01,gpt,lifestyle_adjunct,semantic,missing_evidence,missing_response,PASS,PASS,True,gpt,0.99,,,DocumentReference/GLP1-025-NUTR-001;DocumentReference/GLP1-025-NUTR-002;DocumentReference/GLP1-025-PCP-001;DocumentReference/GLP1-025-PCP-002;DocumentReference/GLP1-025-PCP-003,DocumentReference/GLP1-025-PCP-003,True,,6700.5,946.5,90.5,0.002798,False,,,,Final note documents continued diet and exercise.,"The 2026-08-08 note documents continued diet tracking, biking three times weekly, and program coaching within 180 days of the request."
main_gpt,GLP1-025__UHC_WEGOVY_P1114_22_2026_09_01,GLP1-025,UHC_WEGOVY_P1114_22_2026_09_01,gpt,bmi_threshold,deterministic,missing_evidence,missing_response,PASS,PASS,True,gpt,1.0,,,,Observation/GLP1-025-BMI-2026-08-08,,,6700.5,946.5,90.5,0.002798,False,,,,Latest structured BMI 32.6 (2026-08-08).,"The latest structured BMI is 32.6 kg/m², meeting the BMI ≥30 pathway without a comorbidity requirement."
main_gpt,GLP1-026__AETNA_WEGOVY_4774C_2026_08_20,GLP1-026,AETNA_WEGOVY_4774C_2026_08_20,gpt,age,deterministic,ambiguous,duration_ambiguity,PASS,PASS,True,gpt,1.0,,,,Patient/GLP1-026,,,13197.4,824.4,218.6,0.003835,False,,,,Age 35 on 2026-09-01 (min 18).,The patient was 35 years old on the 2026-09-01 request date.
main_gpt,GLP1-026__AETNA_WEGOVY_4774C_2026_08_20,GLP1-026,AETNA_WEGOVY_4774C_2026_08_20,gpt,indication,deterministic,ambiguous,duration_ambiguity,PASS,PASS,True,gpt,1.0,,,,MedicationRequest/GLP1-026-WEGOVY-REQ;DocumentReference/GLP1-026-PCP-002,,,13197.4,824.4,218.6,0.003835,False,,,,Initial Wegovy request for chronic weight management.,"The request is for chronic weight management, and the prescribing note places Wegovy in the obesity treatment plan."
main_gpt,GLP1-026__AETNA_WEGOVY_4774C_2026_08_20,GLP1-026,AETNA_WEGOVY_4774C_2026_08_20,gpt,adjunct_diet_and_activity,semantic,ambiguous,duration_ambiguity,PASS,PASS,True,gpt,0.84,,,DocumentReference/GLP1-026-DERM-001;DocumentReference/GLP1-026-ORTH-001;DocumentReference/GLP1-026-PCP-001;DocumentReference/GLP1-026-PCP-002,DocumentReference/GLP1-026-PCP-001;DocumentReference/GLP1-026-PCP-002,True,,13197.4,824.4,218.6,0.003835,False,,,,Diet changes and walking documented at the request.,"Within 180 days of the request, the patient reported cutting back on fast food and walking most evenings. The Wegovy plan says to continue the diet and walking."
main_gpt,GLP1-026__AETNA_WEGOVY_4774C_2026_08_20,GLP1-026,AETNA_WEGOVY_4774C_2026_08_20,gpt,program_6_months,semantic_temporal,ambiguous,duration_ambiguity,INSUFFICIENT,INSUFFICIENT,True,gpt,0.98,,,DocumentReference/GLP1-026-DERM-001;DocumentReference/GLP1-026-ORTH-001;DocumentReference/GLP1-026-PCP-001;DocumentReference/GLP1-026-PCP-002,DocumentReference/GLP1-026-PCP-001;DocumentReference/GLP1-026-PCP-002,True,,13197.4,824.4,218.6,0.003835,False,,,,No program; duration only 'past several months' (undated).,"The notes document diet and walking efforts, but do not establish a continuous six-month comprehensive program with continuing follow-up. “Past several months” is too vague to establish the required duration."
main_gpt,GLP1-026__AETNA_WEGOVY_4774C_2026_08_20,GLP1-026,AETNA_WEGOVY_4774C_2026_08_20,gpt,bmi_threshold,deterministic,ambiguous,duration_ambiguity,PASS,PASS,True,gpt,1.0,,,,Observation/GLP1-026-BMI-2026-08-13,,,13197.4,824.4,218.6,0.003835,False,,,,Latest structured BMI 35.7 (2026-08-13).,"The latest structured BMI before the request was 35.7 kg/m², exceeding the primary threshold of 30."
main_gpt,GLP1-026__BCBS_FEP_WEGOVY_2026_07_01,GLP1-026,BCBS_FEP_WEGOVY_2026_07_01,gpt,age,deterministic,ambiguous,duration_ambiguity,PASS,PASS,True,gpt,1.0,,,,Patient/GLP1-026,,,11671.6,751.666667,123.333333,0.002737,False,,,,Age 35 on 2026-09-01 (min 18).,"The recorded birth date makes the patient 35 on the request date, meeting the adult age requirement."
main_gpt,GLP1-026__BCBS_FEP_WEGOVY_2026_07_01,GLP1-026,BCBS_FEP_WEGOVY_2026_07_01,gpt,indication,deterministic,ambiguous,duration_ambiguity,PASS,PASS,True,gpt,1.0,,,,MedicationRequest/GLP1-026-WEGOVY-REQ;DocumentReference/GLP1-026-PCP-002,,,11671.6,751.666667,123.333333,0.002737,False,,,,Initial Wegovy request for chronic weight management.,"The request is for chronic weight management, and the clinician plans Wegovy for obesity."
main_gpt,GLP1-026__BCBS_FEP_WEGOVY_2026_07_01,GLP1-026,BCBS_FEP_WEGOVY_2026_07_01,gpt,bmi_threshold,deterministic,ambiguous,duration_ambiguity,PASS,PASS,True,gpt,1.0,,,,Observation/GLP1-026-BMI-2026-08-13,,,11671.6,751.666667,123.333333,0.002737,False,,,,Latest structured BMI 35.7 (2026-08-13).,"The latest structured BMI before the request is 35.7 kg/m², exceeding the 30 kg/m² threshold."
main_gpt,GLP1-026__BCBS_FEP_WEGOVY_2026_07_01,GLP1-026,BCBS_FEP_WEGOVY_2026_07_01,gpt,weight_management_program,semantic,ambiguous,duration_ambiguity,INSUFFICIENT,INSUFFICIENT,True,gpt,0.98,,,DocumentReference/GLP1-026-ORTH-001;DocumentReference/GLP1-026-PCP-001;DocumentReference/GLP1-026-PCP-002,DocumentReference/GLP1-026-PCP-001;DocumentReference/GLP1-026-PCP-002,True,,11671.6,751.666667,123.333333,0.002737,False,,,,Informal diet/walking efforts; no program documented.,"The notes describe personal diet and walking efforts, but do not document participation in a comprehensive weight management program."
main_gpt,GLP1-026__BCBS_FEP_WEGOVY_2026_07_01,GLP1-026,BCBS_FEP_WEGOVY_2026_07_01,gpt,no_concurrent_glp1,medication_reconciliation,ambiguous,duration_ambiguity,PASS,PASS,True,gpt,0.94,,,DocumentReference/GLP1-026-ORTH-001;DocumentReference/GLP1-026-PCP-001;DocumentReference/GLP1-026-PCP-002;DocumentReference/GLP1-026-PHARM-001,MedicationRequest/GLP1-026-SUMATRIPTAN;MedicationRequest/GLP1-026-SERTRALINE;MedicationRequest/GLP1-026-LISINOPRIL;MedicationStatement/GLP1-026-CETIRIZINE;MedicationStatement/GLP1-026-IBUPROFEN;MedicationStatement/GLP1-026-VITAMIN;MedicationRequest/GLP1-026-WEGOVY-REQ,,,11671.6,751.666667,123.333333,0.002737,False,,,,No GLP-1 or anti-obesity medication in structured data or notes.,The listed current medications include no other GLP-1 receptor agonist; the draft Wegovy order is excluded as the requested therapy.
main_gpt,GLP1-026__BCBS_FEP_WEGOVY_2026_07_01,GLP1-026,BCBS_FEP_WEGOVY_2026_07_01,gpt,no_concurrent_pa_weight_loss_med,medication_reconciliation,ambiguous,duration_ambiguity,PASS,PASS,True,gpt,0.94,,,DocumentReference/GLP1-026-ORTH-001;DocumentReference/GLP1-026-PCP-001;DocumentReference/GLP1-026-PCP-002;DocumentReference/GLP1-026-PHARM-001,MedicationRequest/GLP1-026-SUMATRIPTAN;MedicationRequest/GLP1-026-SERTRALINE;MedicationRequest/GLP1-026-LISINOPRIL;MedicationStatement/GLP1-026-CETIRIZINE;MedicationStatement/GLP1-026-IBUPROFEN;MedicationStatement/GLP1-026-VITAMIN;MedicationRequest/GLP1-026-WEGOVY-REQ,,,11671.6,751.666667,123.333333,0.002737,False,,,,No PA weight-loss medication in structured data or notes.,The listed current medications include no other Appendix 2 weight-loss medication; the draft Wegovy order is excluded.
main_gpt,GLP1-026__UHC_WEGOVY_P1114_22_2026_09_01,GLP1-026,UHC_WEGOVY_P1114_22_2026_09_01,gpt,age,deterministic,ambiguous,duration_ambiguity,PASS,PASS,True,gpt,1.0,,,,Patient/GLP1-026,,,5830.3,906.5,83.5,0.002648,False,,,,Age 35 on 2026-09-01 (min 12).,"The patient was 35 on the 2026-09-01 request date, exceeding the minimum age of 12."
main_gpt,GLP1-026__UHC_WEGOVY_P1114_22_2026_09_01,GLP1-026,UHC_WEGOVY_P1114_22_2026_09_01,gpt,indication,deterministic,ambiguous,duration_ambiguity,PASS,PASS,True,gpt,1.0,,,,MedicationRequest/GLP1-026-WEGOVY-REQ,,,5830.3,906.5,83.5,0.002648,False,,,,Initial Wegovy request for chronic weight management.,Wegovy is requested for chronic weight management.
main_gpt,GLP1-026__UHC_WEGOVY_P1114_22_2026_09_01,GLP1-026,UHC_WEGOVY_P1114_22_2026_09_01,gpt,lifestyle_adjunct,semantic,ambiguous,duration_ambiguity,PASS,PASS,True,gpt,0.99,,,DocumentReference/GLP1-026-ORTH-001;DocumentReference/GLP1-026-OSR-001;DocumentReference/GLP1-026-PCP-001;DocumentReference/GLP1-026-PCP-002,DocumentReference/GLP1-026-PCP-002,True,,5830.3,906.5,83.5,0.002648,False,,,,"Working on diet and exercise, documented at the request.","The 2026-08-13 note documents ongoing dietary changes and walking, with a plan to continue both alongside Wegovy."
main_gpt,GLP1-026__UHC_WEGOVY_P1114_22_2026_09_01,GLP1-026,UHC_WEGOVY_P1114_22_2026_09_01,gpt,bmi_threshold,deterministic,ambiguous,duration_ambiguity,PASS,PASS,True,gpt,1.0,,,,Observation/GLP1-026-BMI-2026-08-13,,,5830.3,906.5,83.5,0.002648,False,,,,Latest structured BMI 35.7 (2026-08-13).,"The latest structured BMI is 35.7 kg/m², exceeding the threshold of 30 without requiring a comorbidity."
main_gpt,GLP1-027__AETNA_WEGOVY_4774C_2026_08_20,GLP1-027,AETNA_WEGOVY_4774C_2026_08_20,gpt,age,deterministic,ambiguous,vague_temporality,PASS,PASS,True,gpt,1.0,,,,Patient/GLP1-027,,,10620.7,836.6,141.2,0.003085,False,,,,Age 42 on 2026-09-01 (min 18).,The recorded birth date makes the patient 42 years old on the request date.
main_gpt,GLP1-027__AETNA_WEGOVY_4774C_2026_08_20,GLP1-027,AETNA_WEGOVY_4774C_2026_08_20,gpt,indication,deterministic,ambiguous,vague_temporality,PASS,PASS,True,gpt,0.99,,,,MedicationRequest/GLP1-027-WEGOVY-REQ;DocumentReference/GLP1-027-PCP-001,,,10620.7,836.6,141.2,0.003085,False,,,,Initial Wegovy request for chronic weight management.,"Wegovy is requested for chronic weight management, and the clinician plans treatment for obesity."
main_gpt,GLP1-027__AETNA_WEGOVY_4774C_2026_08_20,GLP1-027,AETNA_WEGOVY_4774C_2026_08_20,gpt,adjunct_diet_and_activity,semantic,ambiguous,vague_temporality,PASS,INSUFFICIENT,False,gpt,0.96,,,DocumentReference/GLP1-027-APE-001;DocumentReference/GLP1-027-GI-001;DocumentReference/GLP1-027-LAB-001;DocumentReference/GLP1-027-PCP-001,DocumentReference/GLP1-027-PCP-001,True,,10620.7,836.6,141.2,0.003085,False,,TEMPORAL_REASONING,MODEL_OVERCONFIDENCE,Ongoing diet and exercise efforts documented at the request.,"The recent note documents past diet attempts and daily dog walks, but not a current or planned reduced-calorie diet and increased physical activity alongside Wegovy."
main_gpt,GLP1-027__AETNA_WEGOVY_4774C_2026_08_20,GLP1-027,AETNA_WEGOVY_4774C_2026_08_20,gpt,program_6_months,semantic_temporal,ambiguous,vague_temporality,INSUFFICIENT,INSUFFICIENT,True,gpt,0.99,,,DocumentReference/GLP1-027-APE-001;DocumentReference/GLP1-027-GI-001;DocumentReference/GLP1-027-LAB-003;DocumentReference/GLP1-027-PCP-001,DocumentReference/GLP1-027-APE-001;DocumentReference/GLP1-027-PCP-001,True,,10620.7,836.6,141.2,0.003085,False,,,,No dated program; 'dieted on and off for years' cannot establish a continuous program.,"Intermittent dieting and walking do not document six continuous months in a comprehensive program with diet, activity, and continuing follow-up."
main_gpt,GLP1-027__AETNA_WEGOVY_4774C_2026_08_20,GLP1-027,AETNA_WEGOVY_4774C_2026_08_20,gpt,bmi_threshold,deterministic,ambiguous,vague_temporality,PASS,PASS,True,gpt,1.0,,,,Observation/GLP1-027-BMI-2026-08-10,,,10620.7,836.6,141.2,0.003085,False,,,,Latest structured BMI 31.9 (2026-08-10).,"The latest structured BMI before the request is 31.9 kg/m², meeting the threshold of 30 without a comorbidity requirement."
main_gpt,GLP1-027__BCBS_FEP_WEGOVY_2026_07_01,GLP1-027,BCBS_FEP_WEGOVY_2026_07_01,gpt,age,deterministic,ambiguous,vague_temporality,PASS,PASS,True,gpt,1.0,,,,Patient/GLP1-027,,,14099.6,770.333333,162.5,0.003166,False,,,,Age 42 on 2026-09-01 (min 18).,The patient was 42 on the 2026-09-01 request date.
main_gpt,GLP1-027__BCBS_FEP_WEGOVY_2026_07_01,GLP1-027,BCBS_FEP_WEGOVY_2026_07_01,gpt,indication,deterministic,ambiguous,vague_temporality,PASS,PASS,True,gpt,1.0,,,,MedicationRequest/GLP1-027-WEGOVY-REQ;DocumentReference/GLP1-027-PCP-001,,,14099.6,770.333333,162.5,0.003166,False,,,,Initial Wegovy request for chronic weight management.,"The request is for chronic weight management, and the primary care note plans Wegovy for obesity."
main_gpt,GLP1-027__BCBS_FEP_WEGOVY_2026_07_01,GLP1-027,BCBS_FEP_WEGOVY_2026_07_01,gpt,bmi_threshold,deterministic,ambiguous,vague_temporality,PASS,PASS,True,gpt,1.0,,,,Observation/GLP1-027-BMI-2026-08-10,,,14099.6,770.333333,162.5,0.003166,False,,,,Latest structured BMI 31.9 (2026-08-10).,"The latest structured BMI before the request is 31.9 kg/m², above the 30 kg/m² threshold."
main_gpt,GLP1-027__BCBS_FEP_WEGOVY_2026_07_01,GLP1-027,BCBS_FEP_WEGOVY_2026_07_01,gpt,weight_management_program,semantic,ambiguous,vague_temporality,INSUFFICIENT,INSUFFICIENT,True,gpt,0.82,,,DocumentReference/GLP1-027-APE-001;DocumentReference/GLP1-027-GI-001;DocumentReference/GLP1-027-LAB-003;DocumentReference/GLP1-027-PCP-001,DocumentReference/GLP1-027-PCP-001;DocumentReference/GLP1-027-APE-001,True,,14099.6,770.333333,162.5,0.003166,False,,,,Long-standing informal dieting; no program documented.,"The notes describe dieting, exercise, and unspecified commercial plans, but do not establish participation in a comprehensive program that encourages behavioral modification, a reduced-calorie diet, and increased physical activity."
main_gpt,GLP1-027__BCBS_FEP_WEGOVY_2026_07_01,GLP1-027,BCBS_FEP_WEGOVY_2026_07_01,gpt,no_concurrent_glp1,medication_reconciliation,ambiguous,vague_temporality,PASS,PASS,True,gpt,0.96,,,DocumentReference/GLP1-027-PCP-001;DocumentReference/GLP1-027-PHARM-001,DocumentReference/GLP1-027-PCP-001;MedicationRequest/GLP1-027-OMEPRAZOLE;MedicationRequest/GLP1-027-SUMATRIPTAN;MedicationRequest/GLP1-027-TRIAMCINOLON;MedicationStatement/GLP1-027-CETIRIZINE;MedicationStatement/GLP1-027-IBUPROFEN;MedicationStatement/GLP1-027-VITAMIN;MedicationRequest/GLP1-027-WEGOVY-REQ,,,14099.6,770.333333,162.5,0.003166,False,,,,No GLP-1 or anti-obesity medication in structured data or notes.,"No other GLP-1 therapy is documented among current medications. The draft Wegovy order is the requested therapy, not concurrent therapy."
main_gpt,GLP1-027__BCBS_FEP_WEGOVY_2026_07_01,GLP1-027,BCBS_FEP_WEGOVY_2026_07_01,gpt,no_concurrent_pa_weight_loss_med,medication_reconciliation,ambiguous,vague_temporality,PASS,PASS,True,gpt,0.96,,,DocumentReference/GLP1-027-PCP-001;DocumentReference/GLP1-027-PHARM-001,DocumentReference/GLP1-027-PCP-001;MedicationRequest/GLP1-027-OMEPRAZOLE;MedicationRequest/GLP1-027-SUMATRIPTAN;MedicationRequest/GLP1-027-TRIAMCINOLON;MedicationStatement/GLP1-027-CETIRIZINE;MedicationStatement/GLP1-027-IBUPROFEN;MedicationStatement/GLP1-027-VITAMIN;MedicationRequest/GLP1-027-WEGOVY-REQ,,,14099.6,770.333333,162.5,0.003166,False,,,,No PA weight-loss medication in structured data or notes.,No other Appendix 2 weight-loss medication is documented among current medications. The draft Wegovy order is excluded from the concurrent-therapy assessment.
main_gpt,GLP1-027__UHC_WEGOVY_P1114_22_2026_09_01,GLP1-027,UHC_WEGOVY_P1114_22_2026_09_01,gpt,age,deterministic,ambiguous,vague_temporality,PASS,PASS,True,gpt,1.0,,,,Patient/GLP1-027,,,5431.7,947.0,93.25,0.002827,False,,,,Age 42 on 2026-09-01 (min 12).,"Born 1984-05-16, the patient is 42 on the 2026-09-01 request date and meets the age requirement."
main_gpt,GLP1-027__UHC_WEGOVY_P1114_22_2026_09_01,GLP1-027,UHC_WEGOVY_P1114_22_2026_09_01,gpt,indication,deterministic,ambiguous,vague_temporality,PASS,PASS,True,gpt,1.0,,,,MedicationRequest/GLP1-027-WEGOVY-REQ;DocumentReference/GLP1-027-PCP-001,,,5431.7,947.0,93.25,0.002827,False,,,,Initial Wegovy request for chronic weight management.,"The request is for chronic weight management, and the prescribing plan addresses obesity."
main_gpt,GLP1-027__UHC_WEGOVY_P1114_22_2026_09_01,GLP1-027,UHC_WEGOVY_P1114_22_2026_09_01,gpt,lifestyle_adjunct,semantic,ambiguous,vague_temporality,PASS,PASS,True,gpt,0.99,,,DocumentReference/GLP1-027-APE-001;DocumentReference/GLP1-027-GI-001;DocumentReference/GLP1-027-OSR-001;DocumentReference/GLP1-027-PCP-001,DocumentReference/GLP1-027-PCP-001,True,,5431.7,947.0,93.25,0.002827,False,,,,Ongoing diet efforts and daily dog walking documented at the request.,"The 2026-08-10 note documents daily walking, an ongoing exercise effort within 180 days of the request."
main_gpt,GLP1-027__UHC_WEGOVY_P1114_22_2026_09_01,GLP1-027,UHC_WEGOVY_P1114_22_2026_09_01,gpt,bmi_threshold,deterministic,ambiguous,vague_temporality,PASS,PASS,True,gpt,1.0,,,,Observation/GLP1-027-BMI-2026-08-10,,,5431.7,947.0,93.25,0.002827,False,,,,Latest structured BMI 31.9 (2026-08-10).,"The latest structured BMI is 31.9 kg/m², meeting the BMI ≥30 pathway without a comorbidity requirement."
main_gpt,GLP1-028__AETNA_WEGOVY_4774C_2026_08_20,GLP1-028,AETNA_WEGOVY_4774C_2026_08_20,gpt,age,deterministic,ambiguous,condition_ambiguity,PASS,PASS,True,gpt,1.0,,,,Patient/GLP1-028,,,11674.2,881.4,138.6,0.003149,False,,,,Age 49 on 2026-09-01 (min 18).,"Born February 17, 1977, the patient was 49 on the September 1, 2026 request date."
main_gpt,GLP1-028__AETNA_WEGOVY_4774C_2026_08_20,GLP1-028,AETNA_WEGOVY_4774C_2026_08_20,gpt,indication,deterministic,ambiguous,condition_ambiguity,PASS,PASS,True,gpt,0.99,,,,MedicationRequest/GLP1-028-WEGOVY-REQ;DocumentReference/GLP1-028-PCP-003,,,11674.2,881.4,138.6,0.003149,False,,,,Initial Wegovy request for chronic weight management.,"The requested Wegovy order is for weight management, and the prescribing note addresses excess weight."
main_gpt,GLP1-028__AETNA_WEGOVY_4774C_2026_08_20,GLP1-028,AETNA_WEGOVY_4774C_2026_08_20,gpt,adjunct_diet_and_activity,semantic,ambiguous,condition_ambiguity,PASS,PASS,True,gpt,0.98,,,DocumentReference/GLP1-028-LAB-001;DocumentReference/GLP1-028-NUTR-001;DocumentReference/GLP1-028-NUTR-002;DocumentReference/GLP1-028-PCP-001;DocumentReference/GLP1-028-PCP-003,DocumentReference/GLP1-028-PCP-003;DocumentReference/GLP1-028-NUTR-002,True,,11674.2,881.4,138.6,0.003149,False,,,,Final note documents continued diet AND exercise.,The August note documents continued adherence to the diet and exercise plan and directs the patient to continue it with Wegovy; the May dietitian note specifies calorie reduction and swimming.
main_gpt,GLP1-028__AETNA_WEGOVY_4774C_2026_08_20,GLP1-028,AETNA_WEGOVY_4774C_2026_08_20,gpt,program_6_months,semantic_temporal,ambiguous,condition_ambiguity,PASS,PASS,True,gpt,0.98,,,DocumentReference/GLP1-028-NUTR-001;DocumentReference/GLP1-028-NUTR-002;DocumentReference/GLP1-028-PCP-001;DocumentReference/GLP1-028-PCP-003,DocumentReference/GLP1-028-NUTR-001;DocumentReference/GLP1-028-PCP-002;DocumentReference/GLP1-028-NUTR-002;DocumentReference/GLP1-028-PCP-003,True,,11674.2,881.4,138.6,0.003149,False,,,,"Continuous program with diet, activity and follow-up; duration computed from dated events. 2025-12-16 -> 2026-08-16 = 8 whole months (min 6).","Dietitian-led program intake on December 31, 2025 documented diet and activity components; subsequent follow-up documents continued participation through August 16, 2026, exceeding six whole calendar months."
main_gpt,GLP1-028__AETNA_WEGOVY_4774C_2026_08_20,GLP1-028,AETNA_WEGOVY_4774C_2026_08_20,gpt,bmi_threshold,deterministic,ambiguous,condition_ambiguity,CONFLICT,CONFLICT,True,gpt,0.96,,,,Observation/GLP1-028-BMI-2026-08-16;Observation/GLP1-028-BP-2026-08-16;DocumentReference/GLP1-028-PCP-003,,,11674.2,881.4,138.6,0.003149,False,,,,Latest structured BMI 28.8 (2026-08-16). In 27–30 band; comorbidity: CONFLICT — Repeatedly elevated BP without a hypertension diagnosis.,"The latest BMI is 28.8, so a documented weight-related comorbidity is required. BP is elevated, but the August note explicitly states there is no prior hypertension diagnosis; under the policy rule, this requires review."
main_gpt,GLP1-028__BCBS_FEP_WEGOVY_2026_07_01,GLP1-028,BCBS_FEP_WEGOVY_2026_07_01,gpt,age,deterministic,ambiguous,condition_ambiguity,PASS,PASS,True,gpt,1.0,,,,Patient/GLP1-028,,,17759.3,807.666667,205.0,0.003665,False,,,,Age 49 on 2026-09-01 (min 18).,"The patient is 49 years old on the request date, exceeding the minimum age of 18."
main_gpt,GLP1-028__BCBS_FEP_WEGOVY_2026_07_01,GLP1-028,BCBS_FEP_WEGOVY_2026_07_01,gpt,indication,deterministic,ambiguous,condition_ambiguity,PASS,PASS,True,gpt,1.0,,,,MedicationRequest/GLP1-028-WEGOVY-REQ,,,17759.3,807.666667,205.0,0.003665,False,,,,Initial Wegovy request for chronic weight management.,The request is for initial Wegovy treatment for chronic weight management.
main_gpt,GLP1-028__BCBS_FEP_WEGOVY_2026_07_01,GLP1-028,BCBS_FEP_WEGOVY_2026_07_01,gpt,bmi_threshold,deterministic,ambiguous,condition_ambiguity,CONFLICT,CONFLICT,True,gpt,0.97,,,,Observation/GLP1-028-BMI-2026-08-16;Observation/GLP1-028-BP-2026-08-16;DocumentReference/GLP1-028-PCP-003,,,17759.3,807.666667,205.0,0.003665,False,,,,Latest structured BMI 28.8 (2026-08-16). In 27–30 band; comorbidity: CONFLICT — Repeatedly elevated BP without a hypertension diagnosis.,"The latest structured BMI is 28.8, so a qualifying comorbidity or established cardiovascular disease is required. BP is elevated, but the latest note explicitly states there is no hypertension diagnosis; the policy directs this ambiguity to review."
main_gpt,GLP1-028__BCBS_FEP_WEGOVY_2026_07_01,GLP1-028,BCBS_FEP_WEGOVY_2026_07_01,gpt,weight_management_program,semantic,ambiguous,condition_ambiguity,PASS,PASS,True,gpt,0.99,,,DocumentReference/GLP1-028-NUTR-001;DocumentReference/GLP1-028-NUTR-002;DocumentReference/GLP1-028-PCP-001;DocumentReference/GLP1-028-PCP-003,DocumentReference/GLP1-028-NUTR-001;DocumentReference/GLP1-028-NUTR-002;DocumentReference/GLP1-028-PCP-003,True,,17759.3,807.666667,205.0,0.003665,False,,,,Enrolled in a comprehensive program with dietitian visits and follow-ups.,"The patient attended a dietitian-led program with dietary, behavioral, and physical-activity components, with subsequent participation documented."
main_gpt,GLP1-028__BCBS_FEP_WEGOVY_2026_07_01,GLP1-028,BCBS_FEP_WEGOVY_2026_07_01,gpt,no_concurrent_glp1,medication_reconciliation,ambiguous,condition_ambiguity,PASS,PASS,True,gpt,0.94,,,DocumentReference/GLP1-028-MSG-001;DocumentReference/GLP1-028-NUTR-002;DocumentReference/GLP1-028-PCP-003,DocumentReference/GLP1-028-PCP-003;MedicationRequest/GLP1-028-WEGOVY-REQ;MedicationRequest/GLP1-028-TRIAMCINOLON;MedicationRequest/GLP1-028-SERTRALINE;MedicationRequest/GLP1-028-SUMATRIPTAN;MedicationRequest/GLP1-028-OMEPRAZOLE;MedicationStatement/GLP1-028-CETIRIZINE;MedicationStatement/GLP1-028-IBUPROFEN;MedicationStatement/GLP1-028-VITAMIN,,,17759.3,807.666667,205.0,0.003665,False,,,,No GLP-1 or anti-obesity medication in structured data or notes.,"No other GLP-1 therapy appears among the documented active medications. The draft Wegovy order is the request under review, not concurrent therapy."
main_gpt,GLP1-028__BCBS_FEP_WEGOVY_2026_07_01,GLP1-028,BCBS_FEP_WEGOVY_2026_07_01,gpt,no_concurrent_pa_weight_loss_med,medication_reconciliation,ambiguous,condition_ambiguity,PASS,PASS,True,gpt,0.94,,,DocumentReference/GLP1-028-MSG-001;DocumentReference/GLP1-028-NUTR-002;DocumentReference/GLP1-028-PCP-003,DocumentReference/GLP1-028-PCP-003;MedicationRequest/GLP1-028-WEGOVY-REQ;MedicationRequest/GLP1-028-TRIAMCINOLON;MedicationRequest/GLP1-028-SERTRALINE;MedicationRequest/GLP1-028-SUMATRIPTAN;MedicationRequest/GLP1-028-OMEPRAZOLE;MedicationStatement/GLP1-028-CETIRIZINE;MedicationStatement/GLP1-028-IBUPROFEN;MedicationStatement/GLP1-028-VITAMIN,,,17759.3,807.666667,205.0,0.003665,False,,,,No PA weight-loss medication in structured data or notes.,No other Appendix 2 weight-loss medication appears among the documented active medications. The draft Wegovy order is excluded.
main_gpt,GLP1-028__UHC_WEGOVY_P1114_22_2026_09_01,GLP1-028,UHC_WEGOVY_P1114_22_2026_09_01,gpt,age,deterministic,ambiguous,condition_ambiguity,PASS,PASS,True,gpt,1.0,,,,Patient/GLP1-028,,,10948.7,995.25,157.25,0.003563,False,,,,Age 49 on 2026-09-01 (min 12).,"The patient was 49 years old on the request date, exceeding the minimum age of 12."
main_gpt,GLP1-028__UHC_WEGOVY_P1114_22_2026_09_01,GLP1-028,UHC_WEGOVY_P1114_22_2026_09_01,gpt,indication,deterministic,ambiguous,condition_ambiguity,PASS,PASS,True,gpt,1.0,,,,MedicationRequest/GLP1-028-WEGOVY-REQ,,,10948.7,995.25,157.25,0.003563,False,,,,Initial Wegovy request for chronic weight management.,"The PA request is for chronic weight management, which meets the weight-loss indication."
main_gpt,GLP1-028__UHC_WEGOVY_P1114_22_2026_09_01,GLP1-028,UHC_WEGOVY_P1114_22_2026_09_01,gpt,lifestyle_adjunct,semantic,ambiguous,condition_ambiguity,PASS,PASS,True,gpt,0.99,,,DocumentReference/GLP1-028-NUTR-001;DocumentReference/GLP1-028-NUTR-002;DocumentReference/GLP1-028-PCP-001;DocumentReference/GLP1-028-PCP-003,DocumentReference/GLP1-028-PCP-003,True,,10948.7,995.25,157.25,0.003563,False,,,,Final note documents continued diet and exercise.,"The August 16 note documents that the patient continues the diet and exercise plan and program visits, and that Wegovy would be added while the lifestyle plan continues."
main_gpt,GLP1-028__UHC_WEGOVY_P1114_22_2026_09_01,GLP1-028,UHC_WEGOVY_P1114_22_2026_09_01,gpt,bmi_threshold,deterministic,ambiguous,condition_ambiguity,CONFLICT,CONFLICT,True,gpt,0.96,,,,Observation/GLP1-028-BMI-2026-08-16;Observation/GLP1-028-BP-2026-08-16;DocumentReference/GLP1-028-PCP-003,,,10948.7,995.25,157.25,0.003563,False,,,,Latest structured BMI 28.8 (2026-08-16). In 27–30 band; comorbidity: CONFLICT — Repeatedly elevated BP without a hypertension diagnosis.,"The latest structured BMI is 28.8, so eligibility requires a weight-related comorbidity. BP is elevated, but the latest note explicitly states there is no prior hypertension diagnosis; the policy directs human review for elevated BP without a diagnosis."
main_gpt,GLP1-029__AETNA_WEGOVY_4774C_2026_08_20,GLP1-029,AETNA_WEGOVY_4774C_2026_08_20,gpt,age,deterministic,ambiguous,duration_boundary,PASS,PASS,True,gpt,1.0,,,,Patient/GLP1-029,,,9225.7,821.8,116.2,0.002806,False,,,,Age 56 on 2026-09-01 (min 18).,"The patient was 56 on the 2026-09-01 request date, meeting the minimum age of 18."
main_gpt,GLP1-029__AETNA_WEGOVY_4774C_2026_08_20,GLP1-029,AETNA_WEGOVY_4774C_2026_08_20,gpt,indication,deterministic,ambiguous,duration_boundary,PASS,PASS,True,gpt,1.0,,,,MedicationRequest/GLP1-029-WEGOVY-REQ;DocumentReference/GLP1-029-PCP-003,,,9225.7,821.8,116.2,0.002806,False,,,,Initial Wegovy request for chronic weight management.,"The request is for chronic weight management, and the prescribing note plans Wegovy for obesity after a weight-loss plateau."
main_gpt,GLP1-029__AETNA_WEGOVY_4774C_2026_08_20,GLP1-029,AETNA_WEGOVY_4774C_2026_08_20,gpt,adjunct_diet_and_activity,semantic,ambiguous,duration_boundary,PASS,PASS,True,gpt,0.98,,,DocumentReference/GLP1-029-PCP-001;DocumentReference/GLP1-029-PCP-002;DocumentReference/GLP1-029-PCP-003,DocumentReference/GLP1-029-PCP-001;DocumentReference/GLP1-029-PCP-003,True,,9225.7,821.8,116.2,0.002806,False,,,,Final note documents continued diet AND exercise.,"The August 18 note, within 180 days of the request, documents continued diet and activity and directs the patient to continue the plan alongside Wegovy. The February note specifies a reduced-calorie meal plan and stationary biking."
main_gpt,GLP1-029__AETNA_WEGOVY_4774C_2026_08_20,GLP1-029,AETNA_WEGOVY_4774C_2026_08_20,gpt,program_6_months,semantic_temporal,ambiguous,duration_boundary,PASS,PASS,True,gpt,0.98,,,DocumentReference/GLP1-029-PCP-001;DocumentReference/GLP1-029-PCP-002;DocumentReference/GLP1-029-PCP-003,DocumentReference/GLP1-029-PCP-001;DocumentReference/GLP1-029-PCP-002;DocumentReference/GLP1-029-PCP-003,True,,9225.7,821.8,116.2,0.002806,False,,,,"Continuous program with diet, activity and follow-up; duration computed from dated events. 2026-02-18 -> 2026-08-18 = 6 whole months (min 6).","Enrollment in the clinic's Healthy Weight program began February 18, with diet, activity, food logging, and follow-up documented in May and August. Continued participation through August 18 establishes six whole calendar months without a documented interruption."
main_gpt,GLP1-029__AETNA_WEGOVY_4774C_2026_08_20,GLP1-029,AETNA_WEGOVY_4774C_2026_08_20,gpt,bmi_threshold,deterministic,ambiguous,duration_boundary,PASS,PASS,True,gpt,1.0,,,,Observation/GLP1-029-BMI-2026-08-18,,,9225.7,821.8,116.2,0.002806,False,,,,Latest structured BMI 30.0 (2026-08-18).,"The latest structured BMI before the request is 30.0 kg/m², meeting the primary threshold without a comorbidity requirement."
main_gpt,GLP1-029__BCBS_FEP_WEGOVY_2026_07_01,GLP1-029,BCBS_FEP_WEGOVY_2026_07_01,gpt,age,deterministic,ambiguous,duration_boundary,PASS,PASS,True,gpt,1.0,,,,Patient/GLP1-029,,,12009.1,768.0,145.333333,0.002989,False,,,,Age 56 on 2026-09-01 (min 18).,The patient was 56 years old on the 2026-09-01 request date.
main_gpt,GLP1-029__BCBS_FEP_WEGOVY_2026_07_01,GLP1-029,BCBS_FEP_WEGOVY_2026_07_01,gpt,indication,deterministic,ambiguous,duration_boundary,PASS,PASS,True,gpt,1.0,,,,MedicationRequest/GLP1-029-WEGOVY-REQ;DocumentReference/GLP1-029-PCP-003,,,12009.1,768.0,145.333333,0.002989,False,,,,Initial Wegovy request for chronic weight management.,"The request is for Wegovy for chronic weight management, consistent with the obesity treatment plan."
main_gpt,GLP1-029__BCBS_FEP_WEGOVY_2026_07_01,GLP1-029,BCBS_FEP_WEGOVY_2026_07_01,gpt,bmi_threshold,deterministic,ambiguous,duration_boundary,PASS,PASS,True,gpt,1.0,,,,Observation/GLP1-029-BMI-2026-08-18,,,12009.1,768.0,145.333333,0.002989,False,,,,Latest structured BMI 30.0 (2026-08-18).,"The latest structured BMI before the request is 30.0, meeting the primary threshold without a comorbidity requirement."
main_gpt,GLP1-029__BCBS_FEP_WEGOVY_2026_07_01,GLP1-029,BCBS_FEP_WEGOVY_2026_07_01,gpt,weight_management_program,semantic,ambiguous,duration_boundary,PASS,PASS,True,gpt,0.99,,,DocumentReference/GLP1-029-PCP-001;DocumentReference/GLP1-029-PCP-002;DocumentReference/GLP1-029-PCP-003,DocumentReference/GLP1-029-PCP-001;DocumentReference/GLP1-029-PCP-002;DocumentReference/GLP1-029-PCP-003,True,,12009.1,768.0,145.333333,0.002989,False,,,,Enrolled in a comprehensive program with dietitian visits and follow-ups.,"The patient enrolled in the clinic’s Healthy Weight program in February, with a reduced-calorie meal plan, food logging, and regular cycling; later notes document continued participation."
main_gpt,GLP1-029__BCBS_FEP_WEGOVY_2026_07_01,GLP1-029,BCBS_FEP_WEGOVY_2026_07_01,gpt,no_concurrent_glp1,medication_reconciliation,ambiguous,duration_boundary,PASS,PASS,True,gpt,0.98,,,DocumentReference/GLP1-029-MSG-001;DocumentReference/GLP1-029-PCP-003;DocumentReference/GLP1-029-PHARM-001,MedicationRequest/GLP1-029-OMEPRAZOLE;MedicationRequest/GLP1-029-TRIAMCINOLON;MedicationRequest/GLP1-029-SERTRALINE;MedicationRequest/GLP1-029-SUMATRIPTAN;MedicationStatement/GLP1-029-CETIRIZINE;MedicationStatement/GLP1-029-IBUPROFEN;MedicationRequest/GLP1-029-WEGOVY-REQ;DocumentReference/GLP1-029-PCP-003,,,12009.1,768.0,145.333333,0.002989,False,,,,No GLP-1 or anti-obesity medication in structured data or notes.,"No other GLP-1 therapy is documented among the current medications. The draft Wegovy order is the treatment under review, not concurrent therapy."
main_gpt,GLP1-029__BCBS_FEP_WEGOVY_2026_07_01,GLP1-029,BCBS_FEP_WEGOVY_2026_07_01,gpt,no_concurrent_pa_weight_loss_med,medication_reconciliation,ambiguous,duration_boundary,PASS,PASS,True,gpt,0.98,,,DocumentReference/GLP1-029-MSG-001;DocumentReference/GLP1-029-PCP-003;DocumentReference/GLP1-029-PHARM-001,MedicationRequest/GLP1-029-OMEPRAZOLE;MedicationRequest/GLP1-029-TRIAMCINOLON;MedicationRequest/GLP1-029-SERTRALINE;MedicationRequest/GLP1-029-SUMATRIPTAN;MedicationStatement/GLP1-029-CETIRIZINE;MedicationStatement/GLP1-029-IBUPROFEN;MedicationRequest/GLP1-029-WEGOVY-REQ;DocumentReference/GLP1-029-PCP-003,,,12009.1,768.0,145.333333,0.002989,False,,,,No PA weight-loss medication in structured data or notes.,No other Appendix 2 weight-loss medication is documented among the current medications. The draft Wegovy order is excluded from the concurrent-therapy assessment.
main_gpt,GLP1-029__UHC_WEGOVY_P1114_22_2026_09_01,GLP1-029,UHC_WEGOVY_P1114_22_2026_09_01,gpt,age,deterministic,ambiguous,duration_boundary,PASS,PASS,True,gpt,1.0,,,,Patient/GLP1-029,,,5667.2,919.75,90.25,0.002742,False,,,,Age 56 on 2026-09-01 (min 12).,"The patient was 56 on the 2026-09-01 request date, exceeding the minimum age of 12."
main_gpt,GLP1-029__UHC_WEGOVY_P1114_22_2026_09_01,GLP1-029,UHC_WEGOVY_P1114_22_2026_09_01,gpt,indication,deterministic,ambiguous,duration_boundary,PASS,PASS,True,gpt,1.0,,,,MedicationRequest/GLP1-029-WEGOVY-REQ,,,5667.2,919.75,90.25,0.002742,False,,,,Initial Wegovy request for chronic weight management.,"The PA request specifies chronic weight management, and the requested order is for Wegovy."
main_gpt,GLP1-029__UHC_WEGOVY_P1114_22_2026_09_01,GLP1-029,UHC_WEGOVY_P1114_22_2026_09_01,gpt,lifestyle_adjunct,semantic,ambiguous,duration_boundary,PASS,PASS,True,gpt,0.99,,,DocumentReference/GLP1-029-PCP-001;DocumentReference/GLP1-029-PCP-002;DocumentReference/GLP1-029-PCP-003,DocumentReference/GLP1-029-PCP-003,True,,5667.2,919.75,90.25,0.002742,False,,,,Final note documents continued diet and exercise.,"The 2026-08-18 note documents continued diet and activity efforts, including food logging and biking most weeks."
main_gpt,GLP1-029__UHC_WEGOVY_P1114_22_2026_09_01,GLP1-029,UHC_WEGOVY_P1114_22_2026_09_01,gpt,bmi_threshold,deterministic,ambiguous,duration_boundary,PASS,PASS,True,gpt,1.0,,,,Observation/GLP1-029-BMI-2026-08-18,,,5667.2,919.75,90.25,0.002742,False,,,,Latest structured BMI 30.0 (2026-08-18).,"The latest structured BMI is 30.0 kg/m², meeting the BMI ≥30 threshold without a comorbidity requirement."
main_gpt,GLP1-030__AETNA_WEGOVY_4774C_2026_08_20,GLP1-030,AETNA_WEGOVY_4774C_2026_08_20,gpt,age,deterministic,ambiguous,numeric_boundary,PASS,PASS,True,gpt,1.0,,,,Patient/GLP1-030,,,13434.2,757.2,196.6,0.00348,False,,,,Age 28 on 2026-09-01 (min 18).,"The patient was 28 on the September 1, 2026 request date."
main_gpt,GLP1-030__AETNA_WEGOVY_4774C_2026_08_20,GLP1-030,AETNA_WEGOVY_4774C_2026_08_20,gpt,indication,deterministic,ambiguous,numeric_boundary,PASS,PASS,True,gpt,1.0,,,,MedicationRequest/GLP1-030-WEGOVY-REQ,,,13434.2,757.2,196.6,0.00348,False,,,,Initial Wegovy request for chronic weight management.,The PA request specifies Wegovy for chronic weight management.
main_gpt,GLP1-030__AETNA_WEGOVY_4774C_2026_08_20,GLP1-030,AETNA_WEGOVY_4774C_2026_08_20,gpt,adjunct_diet_and_activity,semantic,ambiguous,numeric_boundary,PASS,PASS,True,gpt,0.98,,,DocumentReference/GLP1-030-NUTR-001;DocumentReference/GLP1-030-NUTR-002;DocumentReference/GLP1-030-PCP-001;DocumentReference/GLP1-030-PCP-002;DocumentReference/GLP1-030-PCP-003;DocumentReference/GLP1-030-PT-001,DocumentReference/GLP1-030-NUTR-002;DocumentReference/GLP1-030-PCP-003,True,,13434.2,757.2,196.6,0.00348,False,,,,Final note documents continued diet AND exercise.,"Within 180 days of the request, the dietitian documented continued portion control and walking, and the August visit documented continued adherence to the diet and exercise plan."
main_gpt,GLP1-030__AETNA_WEGOVY_4774C_2026_08_20,GLP1-030,AETNA_WEGOVY_4774C_2026_08_20,gpt,program_6_months,semantic_temporal,ambiguous,numeric_boundary,PASS,PASS,True,gpt,0.97,,,DocumentReference/GLP1-030-NUTR-001;DocumentReference/GLP1-030-NUTR-002;DocumentReference/GLP1-030-PCP-001;DocumentReference/GLP1-030-PCP-002;DocumentReference/GLP1-030-PCP-003;DocumentReference/GLP1-030-PT-001,DocumentReference/GLP1-030-NUTR-001;DocumentReference/GLP1-030-PCP-002;DocumentReference/GLP1-030-NUTR-002;DocumentReference/GLP1-030-PCP-003,True,,13434.2,757.2,196.6,0.00348,False,,,,"Continuous program with diet, activity and follow-up; duration computed from dated events. 2025-12-05 -> 2026-08-05 = 8 whole months (min 6).","The dietitian-led program began by December 17, 2025, with a reduced-calorie diet, walking, and documented continuing follow-up through August 5, 2026. This exceeds six whole calendar months, with no documented interruption."
main_gpt,GLP1-030__AETNA_WEGOVY_4774C_2026_08_20,GLP1-030,AETNA_WEGOVY_4774C_2026_08_20,gpt,bmi_threshold,deterministic,ambiguous,numeric_boundary,FAIL,INSUFFICIENT,False,gpt,0.96,,,,Observation/GLP1-030-BMI-2026-08-05;Condition/GLP1-030-OVERWT,,,13434.2,757.2,196.6,0.00348,False,,MISSING_NOT_NEGATIVE,MODEL_OVERCONFIDENCE,Latest structured BMI 29.95 (2026-08-05). In 27–30 band; comorbidity: FAIL — No weight-related comorbidity.,"The latest structured BMI is 29.95, below the standalone threshold of 30. The BMI ≥27 pathway requires a documented weight-related comorbidity, which the supplied evidence does not establish."
main_gpt,GLP1-030__BCBS_FEP_WEGOVY_2026_07_01,GLP1-030,BCBS_FEP_WEGOVY_2026_07_01,gpt,age,deterministic,ambiguous,numeric_boundary,PASS,PASS,True,gpt,1.0,,,,Patient/GLP1-030,,,14458.7,716.166667,153.5,0.002967,False,,,,Age 28 on 2026-09-01 (min 18).,The patient was 28 on the 2026-09-01 request date.
main_gpt,GLP1-030__BCBS_FEP_WEGOVY_2026_07_01,GLP1-030,BCBS_FEP_WEGOVY_2026_07_01,gpt,indication,deterministic,ambiguous,numeric_boundary,PASS,PASS,True,gpt,1.0,,,,MedicationRequest/GLP1-030-WEGOVY-REQ;DocumentReference/GLP1-030-PCP-003,,,14458.7,716.166667,153.5,0.002967,False,,,,Initial Wegovy request for chronic weight management.,"The request is for Wegovy for chronic weight management, consistent with the clinician’s plan to treat overweight."
main_gpt,GLP1-030__BCBS_FEP_WEGOVY_2026_07_01,GLP1-030,BCBS_FEP_WEGOVY_2026_07_01,gpt,bmi_threshold,deterministic,ambiguous,numeric_boundary,FAIL,INSUFFICIENT,False,gpt,0.98,,,,Observation/GLP1-030-BMI-2026-08-05;Condition/GLP1-030-ALLERGY;Condition/GLP1-030-ECZEMA;Condition/GLP1-030-MIGRAINE;Condition/GLP1-030-OVERWT;Condition/GLP1-030-VITD;DocumentReference/GLP1-030-PCP-003,,,14458.7,716.166667,153.5,0.002967,False,,MISSING_NOT_NEGATIVE,MODEL_OVERCONFIDENCE,Latest structured BMI 29.95 (2026-08-05). In 27–30 band; comorbidity: FAIL — No weight-related comorbidity.,"The latest structured BMI is 29.95, so a qualifying cardiovascular disease or weight-related comorbidity is required. None is documented in the supplied active conditions or notes."
main_gpt,GLP1-030__BCBS_FEP_WEGOVY_2026_07_01,GLP1-030,BCBS_FEP_WEGOVY_2026_07_01,gpt,weight_management_program,semantic,ambiguous,numeric_boundary,PASS,PASS,True,gpt,0.99,,,DocumentReference/GLP1-030-NUTR-001;DocumentReference/GLP1-030-NUTR-002;DocumentReference/GLP1-030-PCP-001;DocumentReference/GLP1-030-PCP-003;DocumentReference/GLP1-030-PT-001,DocumentReference/GLP1-030-NUTR-001;DocumentReference/GLP1-030-NUTR-002;DocumentReference/GLP1-030-PCP-003,True,,14458.7,716.166667,153.5,0.002967,False,,,,Enrolled in a comprehensive program with dietitian visits and follow-ups.,"Dietitian-led program intake, follow-up, and continued participation are documented, including dietary changes, a food diary, and regular walking."
main_gpt,GLP1-030__BCBS_FEP_WEGOVY_2026_07_01,GLP1-030,BCBS_FEP_WEGOVY_2026_07_01,gpt,no_concurrent_glp1,medication_reconciliation,ambiguous,numeric_boundary,PASS,PASS,True,gpt,0.97,,,DocumentReference/GLP1-030-NUTR-002;DocumentReference/GLP1-030-PCP-001;DocumentReference/GLP1-030-PCP-003,MedicationRequest/GLP1-030-SUMATRIPTAN;MedicationRequest/GLP1-030-TRIAMCINOLON;MedicationStatement/GLP1-030-CETIRIZINE;MedicationStatement/GLP1-030-VITAMIN;MedicationRequest/GLP1-030-WEGOVY-REQ;DocumentReference/GLP1-030-PCP-003,,,14458.7,716.166667,153.5,0.002967,False,,,,No GLP-1 or anti-obesity medication in structured data or notes.,No other GLP-1 therapy is listed among the current medications; the draft Wegovy order is excluded as the drug under review.
main_gpt,GLP1-030__BCBS_FEP_WEGOVY_2026_07_01,GLP1-030,BCBS_FEP_WEGOVY_2026_07_01,gpt,no_concurrent_pa_weight_loss_med,medication_reconciliation,ambiguous,numeric_boundary,PASS,PASS,True,gpt,0.97,,,DocumentReference/GLP1-030-NUTR-002;DocumentReference/GLP1-030-PCP-001;DocumentReference/GLP1-030-PCP-003,MedicationRequest/GLP1-030-SUMATRIPTAN;MedicationRequest/GLP1-030-TRIAMCINOLON;MedicationStatement/GLP1-030-CETIRIZINE;MedicationStatement/GLP1-030-VITAMIN;MedicationRequest/GLP1-030-WEGOVY-REQ;DocumentReference/GLP1-030-PCP-003,,,14458.7,716.166667,153.5,0.002967,False,,,,No PA weight-loss medication in structured data or notes.,No other Appendix 2 weight-loss medication is listed among the current medications; the draft Wegovy order is excluded.
main_gpt,GLP1-030__UHC_WEGOVY_P1114_22_2026_09_01,GLP1-030,UHC_WEGOVY_P1114_22_2026_09_01,gpt,age,deterministic,ambiguous,numeric_boundary,PASS,PASS,True,gpt,1.0,,,,Patient/GLP1-030,,,12416.2,858.5,198.75,0.003704,False,,,,Age 28 on 2026-09-01 (min 12).,"The patient was 28 years old on the request date, meeting the minimum age of 12."
main_gpt,GLP1-030__UHC_WEGOVY_P1114_22_2026_09_01,GLP1-030,UHC_WEGOVY_P1114_22_2026_09_01,gpt,indication,deterministic,ambiguous,numeric_boundary,PASS,PASS,True,gpt,1.0,,,,MedicationRequest/GLP1-030-WEGOVY-REQ,,,12416.2,858.5,198.75,0.003704,False,,,,Initial Wegovy request for chronic weight management.,"The PA request specifies chronic weight management, and the requested Wegovy order is for weight loss."
main_gpt,GLP1-030__UHC_WEGOVY_P1114_22_2026_09_01,GLP1-030,UHC_WEGOVY_P1114_22_2026_09_01,gpt,lifestyle_adjunct,semantic,ambiguous,numeric_boundary,PASS,PASS,True,gpt,0.99,,,DocumentReference/GLP1-030-NUTR-001;DocumentReference/GLP1-030-NUTR-002;DocumentReference/GLP1-030-PCP-001;DocumentReference/GLP1-030-PCP-002;DocumentReference/GLP1-030-PCP-003;DocumentReference/GLP1-030-PT-001,DocumentReference/GLP1-030-PCP-003;DocumentReference/GLP1-030-NUTR-002,True,,12416.2,858.5,198.75,0.003704,False,,,,Final note documents continued diet and exercise.,"The August 5 note documents continued diet, exercise, and program visits; the May 13 dietitian note also documents ongoing dietary changes and walking. Both are within 180 days of the request."
main_gpt,GLP1-030__UHC_WEGOVY_P1114_22_2026_09_01,GLP1-030,UHC_WEGOVY_P1114_22_2026_09_01,gpt,bmi_threshold,deterministic,ambiguous,numeric_boundary,FAIL,INSUFFICIENT,False,gpt,0.91,,,,Observation/GLP1-030-BMI-2026-08-05;DocumentReference/GLP1-030-PCP-003;Condition/GLP1-030-OVERWT,,,12416.2,858.5,198.75,0.003704,False,,MISSING_NOT_NEGATIVE,MODEL_OVERCONFIDENCE,Latest structured BMI 29.95 (2026-08-05). In 27–30 band; comorbidity: FAIL — No weight-related comorbidity.,"The latest structured BMI is 29.95, below 30 but above 27. No qualifying weight-related comorbidity is documented to establish the BMI ≥27 pathway; absent documentation does not establish that none exists."
main_gpt,GLP1-031__AETNA_WEGOVY_4774C_2026_08_20,GLP1-031,AETNA_WEGOVY_4774C_2026_08_20,gpt,age,deterministic,ambiguous,infer_duration_from_dates,PASS,PASS,True,gpt,1.0,,,,Patient/GLP1-031,,,13704.1,736.6,178.8,0.003261,False,,,,Age 35 on 2026-09-01 (min 18).,"The patient was 35 on the September 1, 2026 request date."
main_gpt,GLP1-031__AETNA_WEGOVY_4774C_2026_08_20,GLP1-031,AETNA_WEGOVY_4774C_2026_08_20,gpt,indication,deterministic,ambiguous,infer_duration_from_dates,PASS,PASS,True,gpt,0.99,,,,MedicationRequest/GLP1-031-WEGOVY-REQ;DocumentReference/GLP1-031-PCP-002,,,13704.1,736.6,178.8,0.003261,False,,,,Initial Wegovy request for chronic weight management.,Wegovy is requested for chronic weight management following a documented weight-loss plateau.
main_gpt,GLP1-031__AETNA_WEGOVY_4774C_2026_08_20,GLP1-031,AETNA_WEGOVY_4774C_2026_08_20,gpt,adjunct_diet_and_activity,semantic,ambiguous,infer_duration_from_dates,PASS,PASS,True,gpt,0.97,,,DocumentReference/GLP1-031-PCP-001;DocumentReference/GLP1-031-PCP-002;DocumentReference/GLP1-031-PT-001,DocumentReference/GLP1-031-PCP-001;DocumentReference/GLP1-031-PCP-002,True,,13704.1,736.6,178.8,0.003261,False,,,,Final note documents continued diet AND exercise.,"The July 28 note documents continued dietary modification and regular gym exercise, with a plan to continue both alongside Wegovy."
main_gpt,GLP1-031__AETNA_WEGOVY_4774C_2026_08_20,GLP1-031,AETNA_WEGOVY_4774C_2026_08_20,gpt,program_6_months,semantic_temporal,ambiguous,infer_duration_from_dates,PASS,PASS,True,gpt,0.87,,,DocumentReference/GLP1-031-PCP-001;DocumentReference/GLP1-031-PCP-002;DocumentReference/GLP1-031-PT-001,DocumentReference/GLP1-031-PCP-001;DocumentReference/GLP1-031-PCP-002,True,,13704.1,736.6,178.8,0.003261,False,,,,Start 01/20 and continuation 07/28 (no interruption documented); duration computed. 2026-01-20 -> 2026-07-28 = 6 whole months (min 6).,"The documented lifestyle plan and enrollment in a program with monthly coaching began January 20; participation and coaching were ongoing July 28, more than six whole calendar months later. A brief exercise pause after an ankle sprain does not document a stop or lapse in program participation."
main_gpt,GLP1-031__AETNA_WEGOVY_4774C_2026_08_20,GLP1-031,AETNA_WEGOVY_4774C_2026_08_20,gpt,bmi_threshold,deterministic,ambiguous,infer_duration_from_dates,PASS,PASS,True,gpt,1.0,,,,Observation/GLP1-031-BMI-2026-07-28,,,13704.1,736.6,178.8,0.003261,False,,,,Latest structured BMI 33.8 (2026-07-28).,"The latest structured BMI before the request was 33.8 kg/m², above the 30 kg/m² threshold."
main_gpt,GLP1-031__BCBS_FEP_WEGOVY_2026_07_01,GLP1-031,BCBS_FEP_WEGOVY_2026_07_01,gpt,age,deterministic,ambiguous,infer_duration_from_dates,PASS,PASS,True,gpt,1.0,,,,Patient/GLP1-031,,,10509.5,699.0,117.333333,0.002571,False,,,,Age 35 on 2026-09-01 (min 18).,"Born 1991-03-10, the patient is 35 on the 2026-09-01 request date."
main_gpt,GLP1-031__BCBS_FEP_WEGOVY_2026_07_01,GLP1-031,BCBS_FEP_WEGOVY_2026_07_01,gpt,indication,deterministic,ambiguous,infer_duration_from_dates,PASS,PASS,True,gpt,1.0,,,,MedicationRequest/GLP1-031-WEGOVY-REQ,,,10509.5,699.0,117.333333,0.002571,False,,,,Initial Wegovy request for chronic weight management.,The PA request is for Wegovy for chronic weight management.
main_gpt,GLP1-031__BCBS_FEP_WEGOVY_2026_07_01,GLP1-031,BCBS_FEP_WEGOVY_2026_07_01,gpt,bmi_threshold,deterministic,ambiguous,infer_duration_from_dates,PASS,PASS,True,gpt,1.0,,,,Observation/GLP1-031-BMI-2026-07-28,,,10509.5,699.0,117.333333,0.002571,False,,,,Latest structured BMI 33.8 (2026-07-28).,"The latest structured BMI before the request is 33.8 kg/m², exceeding the 30 kg/m² threshold."
main_gpt,GLP1-031__BCBS_FEP_WEGOVY_2026_07_01,GLP1-031,BCBS_FEP_WEGOVY_2026_07_01,gpt,weight_management_program,semantic,ambiguous,infer_duration_from_dates,PASS,PASS,True,gpt,0.98,,,DocumentReference/GLP1-031-PCP-001;DocumentReference/GLP1-031-PCP-002;DocumentReference/GLP1-031-PT-001,DocumentReference/GLP1-031-PCP-001;DocumentReference/GLP1-031-PCP-002,True,,10509.5,699.0,117.333333,0.002571,False,,,,Enrolled in a comprehensive program with dietitian visits and follow-ups.,"The January plan included enrollment in an employer-sponsored program with coaching, a reduced-calorie diet, and exercise; the July note confirms coaching calls were ongoing and the patient continued the diet and exercise plan."
main_gpt,GLP1-031__BCBS_FEP_WEGOVY_2026_07_01,GLP1-031,BCBS_FEP_WEGOVY_2026_07_01,gpt,no_concurrent_glp1,medication_reconciliation,ambiguous,infer_duration_from_dates,PASS,PASS,True,gpt,0.94,,,DocumentReference/GLP1-031-APE-001;DocumentReference/GLP1-031-PCP-002;DocumentReference/GLP1-031-PHARM-001,MedicationStatement/GLP1-031-CETIRIZINE;MedicationStatement/GLP1-031-IBUPROFEN;DocumentReference/GLP1-031-PCP-002;MedicationRequest/GLP1-031-WEGOVY-REQ,,,10509.5,699.0,117.333333,0.002571,False,,,,No GLP-1 or anti-obesity medication in structured data or notes.,"The recorded active medications are not GLP-1 agonists, and the July note describes Wegovy as a new treatment. The draft Wegovy order is excluded from concurrent therapy."
main_gpt,GLP1-031__BCBS_FEP_WEGOVY_2026_07_01,GLP1-031,BCBS_FEP_WEGOVY_2026_07_01,gpt,no_concurrent_pa_weight_loss_med,medication_reconciliation,ambiguous,infer_duration_from_dates,PASS,PASS,True,gpt,0.94,,,DocumentReference/GLP1-031-APE-001;DocumentReference/GLP1-031-PCP-002;DocumentReference/GLP1-031-PHARM-001,MedicationStatement/GLP1-031-CETIRIZINE;MedicationStatement/GLP1-031-IBUPROFEN;DocumentReference/GLP1-031-PCP-002;MedicationRequest/GLP1-031-WEGOVY-REQ,,,10509.5,699.0,117.333333,0.002571,False,,,,No PA weight-loss medication in structured data or notes.,"Neither recorded active medication is on the policy’s PA weight-loss medication list; the July note describes starting Wegovy, whose draft order is excluded."
main_gpt,GLP1-031__UHC_WEGOVY_P1114_22_2026_09_01,GLP1-031,UHC_WEGOVY_P1114_22_2026_09_01,gpt,age,deterministic,ambiguous,infer_duration_from_dates,PASS,PASS,True,gpt,1.0,,,,Patient/GLP1-031,,,6182.8,834.75,97.5,0.002645,False,,,,Age 35 on 2026-09-01 (min 12).,"The patient was 35 on the 2026-09-01 request date, exceeding the minimum age of 12."
main_gpt,GLP1-031__UHC_WEGOVY_P1114_22_2026_09_01,GLP1-031,UHC_WEGOVY_P1114_22_2026_09_01,gpt,indication,deterministic,ambiguous,infer_duration_from_dates,PASS,PASS,True,gpt,1.0,,,,MedicationRequest/GLP1-031-WEGOVY-REQ;DocumentReference/GLP1-031-PCP-002,,,6182.8,834.75,97.5,0.002645,False,,,,Initial Wegovy request for chronic weight management.,"Wegovy is requested for chronic weight management, and the clinician documents treatment of obesity."
main_gpt,GLP1-031__UHC_WEGOVY_P1114_22_2026_09_01,GLP1-031,UHC_WEGOVY_P1114_22_2026_09_01,gpt,lifestyle_adjunct,semantic,ambiguous,infer_duration_from_dates,PASS,PASS,True,gpt,0.99,,,DocumentReference/GLP1-031-PCP-001;DocumentReference/GLP1-031-PCP-002;DocumentReference/GLP1-031-PT-001,DocumentReference/GLP1-031-PCP-002,True,,6182.8,834.75,97.5,0.002645,False,,,,Final note documents continued diet and exercise.,"The 2026-07-28 note documents ongoing dietary modification, gym exercise, and coaching, with a plan to continue diet and exercise alongside Wegovy."
main_gpt,GLP1-031__UHC_WEGOVY_P1114_22_2026_09_01,GLP1-031,UHC_WEGOVY_P1114_22_2026_09_01,gpt,bmi_threshold,deterministic,ambiguous,infer_duration_from_dates,PASS,PASS,True,gpt,1.0,,,,Observation/GLP1-031-BMI-2026-07-28,,,6182.8,834.75,97.5,0.002645,False,,,,Latest structured BMI 33.8 (2026-07-28).,"The latest structured BMI is 33.8 kg/m², meeting the BMI ≥30 threshold without a comorbidity requirement."
main_gpt,GLP1-032__AETNA_WEGOVY_4774C_2026_08_20,GLP1-032,AETNA_WEGOVY_4774C_2026_08_20,gpt,age,deterministic,ambiguous,evidence_aggregation,PASS,PASS,True,gpt,0.99,,,,Patient/GLP1-032,,,14112.4,887.0,199.2,0.003766,False,,,,Age 42 on 2026-09-01 (min 18).,"Born August 30, 1984, the patient was 42 on the September 1, 2026 request date."
main_gpt,GLP1-032__AETNA_WEGOVY_4774C_2026_08_20,GLP1-032,AETNA_WEGOVY_4774C_2026_08_20,gpt,indication,deterministic,ambiguous,evidence_aggregation,PASS,PASS,True,gpt,0.99,,,,MedicationRequest/GLP1-032-WEGOVY-REQ;DocumentReference/GLP1-032-PCP-002,,,14112.4,887.0,199.2,0.003766,False,,,,Initial Wegovy request for chronic weight management.,"The request is for chronic weight management, and the prescribing note plans Wegovy for obesity."
main_gpt,GLP1-032__AETNA_WEGOVY_4774C_2026_08_20,GLP1-032,AETNA_WEGOVY_4774C_2026_08_20,gpt,adjunct_diet_and_activity,semantic,ambiguous,evidence_aggregation,PASS,PASS,True,gpt,0.93,,,DocumentReference/GLP1-032-MSG-001;DocumentReference/GLP1-032-NUTR-001;DocumentReference/GLP1-032-ORTH-001;DocumentReference/GLP1-032-PCP-001;DocumentReference/GLP1-032-PCP-002;DocumentReference/GLP1-032-TEL-003,DocumentReference/GLP1-032-NUTR-001;DocumentReference/GLP1-032-TEL-003,True,,14112.4,887.0,199.2,0.003766,False,,,,RN check-in 06/14 documents ongoing meal plan and exercise.,"Within 180 days of the request, the June 14 check-in documents that the patient was still following the dietitian’s reduced-calorie meal plan and exercising most weeks."
main_gpt,GLP1-032__AETNA_WEGOVY_4774C_2026_08_20,GLP1-032,AETNA_WEGOVY_4774C_2026_08_20,gpt,program_6_months,semantic_temporal,ambiguous,evidence_aggregation,PASS,INSUFFICIENT,False,gpt,0.98,,,DocumentReference/GLP1-032-MSG-001;DocumentReference/GLP1-032-NUTR-001;DocumentReference/GLP1-032-ORTH-001;DocumentReference/GLP1-032-PCP-001;DocumentReference/GLP1-032-PCP-002;DocumentReference/GLP1-032-TEL-003,DocumentReference/GLP1-032-PCP-001;DocumentReference/GLP1-032-NUTR-001;DocumentReference/GLP1-032-MSG-001;DocumentReference/GLP1-032-TEL-003;DocumentReference/GLP1-032-PCP-002,True,,14112.4,887.0,199.2,0.003766,False,,TEMPORAL_REASONING,MODEL_OVERCONFIDENCE,"Referral, dietitian plan, exercise update and RN follow-up across notes; duration computed. 2025-12-14 -> 2026-06-14 = 6 whole months (min 6).","The December referral does not establish participation; the first dietitian visit was January 2, and the last documented participation was June 14—less than six whole calendar months later. The August visit does not document continued program participation."
main_gpt,GLP1-032__AETNA_WEGOVY_4774C_2026_08_20,GLP1-032,AETNA_WEGOVY_4774C_2026_08_20,gpt,bmi_threshold,deterministic,ambiguous,evidence_aggregation,PASS,PASS,True,gpt,0.99,,,,Observation/GLP1-032-BMI-2026-08-14,,,14112.4,887.0,199.2,0.003766,False,,,,Latest structured BMI 34.6 (2026-08-14).,"The latest structured BMI before the request was 34.6 kg/m², exceeding the primary threshold of 30."
main_gpt,GLP1-032__BCBS_FEP_WEGOVY_2026_07_01,GLP1-032,BCBS_FEP_WEGOVY_2026_07_01,gpt,age,deterministic,ambiguous,evidence_aggregation,PASS,PASS,True,gpt,1.0,,,,Patient/GLP1-032,,,12829.4,807.833333,144.333333,0.003059,False,,,,Age 42 on 2026-09-01 (min 18).,The patient was 42 on the 2026-09-01 request date.
main_gpt,GLP1-032__BCBS_FEP_WEGOVY_2026_07_01,GLP1-032,BCBS_FEP_WEGOVY_2026_07_01,gpt,indication,deterministic,ambiguous,evidence_aggregation,PASS,PASS,True,gpt,1.0,,,,MedicationRequest/GLP1-032-WEGOVY-REQ;DocumentReference/GLP1-032-PCP-002,,,12829.4,807.833333,144.333333,0.003059,False,,,,Initial Wegovy request for chronic weight management.,Wegovy is requested for chronic weight management in the setting of obesity.
main_gpt,GLP1-032__BCBS_FEP_WEGOVY_2026_07_01,GLP1-032,BCBS_FEP_WEGOVY_2026_07_01,gpt,bmi_threshold,deterministic,ambiguous,evidence_aggregation,PASS,PASS,True,gpt,1.0,,,,Observation/GLP1-032-BMI-2026-08-14,,,12829.4,807.833333,144.333333,0.003059,False,,,,Latest structured BMI 34.6 (2026-08-14).,"The latest structured BMI before the request was 34.6, exceeding the threshold of 30."
main_gpt,GLP1-032__BCBS_FEP_WEGOVY_2026_07_01,GLP1-032,BCBS_FEP_WEGOVY_2026_07_01,gpt,weight_management_program,semantic,ambiguous,evidence_aggregation,PASS,PASS,True,gpt,0.96,,,DocumentReference/GLP1-032-MSG-001;DocumentReference/GLP1-032-NUTR-001;DocumentReference/GLP1-032-ORTH-001;DocumentReference/GLP1-032-PCP-001;DocumentReference/GLP1-032-TEL-003,DocumentReference/GLP1-032-NUTR-001;DocumentReference/GLP1-032-MSG-001;DocumentReference/GLP1-032-TEL-003,True,,12829.4,807.833333,144.333333,0.003059,False,,,,Enrolled in a comprehensive program with dietitian visits and follow-ups.,"Documented dietitian participation included a reduced-calorie meal plan and food diary, alongside regular swimming; the June check-in confirmed continued participation."
main_gpt,GLP1-032__BCBS_FEP_WEGOVY_2026_07_01,GLP1-032,BCBS_FEP_WEGOVY_2026_07_01,gpt,no_concurrent_glp1,medication_reconciliation,ambiguous,evidence_aggregation,PASS,PASS,True,gpt,0.97,,,DocumentReference/GLP1-032-MSG-001;DocumentReference/GLP1-032-ORTH-001;DocumentReference/GLP1-032-PCP-002,DocumentReference/GLP1-032-PCP-002;MedicationRequest/GLP1-032-WEGOVY-REQ;MedicationRequest/GLP1-032-AMLODIPINE;MedicationRequest/GLP1-032-OMEPRAZOLE,,,12829.4,807.833333,144.333333,0.003059,False,,,,No GLP-1 or anti-obesity medication in structured data or notes.,The available medication record and recent PCP plan show no other concurrent GLP-1 therapy. The draft Wegovy order is excluded.
main_gpt,GLP1-032__BCBS_FEP_WEGOVY_2026_07_01,GLP1-032,BCBS_FEP_WEGOVY_2026_07_01,gpt,no_concurrent_pa_weight_loss_med,medication_reconciliation,ambiguous,evidence_aggregation,PASS,PASS,True,gpt,0.97,,,DocumentReference/GLP1-032-MSG-001;DocumentReference/GLP1-032-ORTH-001;DocumentReference/GLP1-032-PCP-002,DocumentReference/GLP1-032-PCP-002;MedicationRequest/GLP1-032-WEGOVY-REQ;MedicationRequest/GLP1-032-AMLODIPINE;MedicationRequest/GLP1-032-OMEPRAZOLE,,,12829.4,807.833333,144.333333,0.003059,False,,,,No PA weight-loss medication in structured data or notes.,The available medication record and recent PCP plan show no concurrent Appendix 2 weight-loss medication other than the excluded draft Wegovy order.
main_gpt,GLP1-032__UHC_WEGOVY_P1114_22_2026_09_01,GLP1-032,UHC_WEGOVY_P1114_22_2026_09_01,gpt,age,deterministic,ambiguous,evidence_aggregation,PASS,PASS,True,gpt,1.0,,,,Patient/GLP1-032,,,6970.9,1020.75,101.75,0.003059,False,,,,Age 42 on 2026-09-01 (min 12).,"The patient was 42 on the September 1, 2026 request date, exceeding the minimum age of 12."
main_gpt,GLP1-032__UHC_WEGOVY_P1114_22_2026_09_01,GLP1-032,UHC_WEGOVY_P1114_22_2026_09_01,gpt,indication,deterministic,ambiguous,evidence_aggregation,PASS,PASS,True,gpt,1.0,,,,MedicationRequest/GLP1-032-WEGOVY-REQ;DocumentReference/GLP1-032-PCP-002,,,6970.9,1020.75,101.75,0.003059,False,,,,Initial Wegovy request for chronic weight management.,"The request is for chronic weight management, and the prescriber plans Wegovy for obesity."
main_gpt,GLP1-032__UHC_WEGOVY_P1114_22_2026_09_01,GLP1-032,UHC_WEGOVY_P1114_22_2026_09_01,gpt,lifestyle_adjunct,semantic,ambiguous,evidence_aggregation,PASS,PASS,True,gpt,0.98,,,DocumentReference/GLP1-032-MSG-001;DocumentReference/GLP1-032-NUTR-001;DocumentReference/GLP1-032-ORTH-001;DocumentReference/GLP1-032-PCP-001;DocumentReference/GLP1-032-PCP-002;DocumentReference/GLP1-032-TEL-003,DocumentReference/GLP1-032-TEL-003,True,,6970.9,1020.75,101.75,0.003059,False,,,,RN check-in 06/14 documents ongoing meal plan and exercise (~2 months before request).,"On June 14, 2026, the patient reported still following the dietitian’s meal plan and swimming most weeks. This documents ongoing lifestyle modification within 180 days of the request."
main_gpt,GLP1-032__UHC_WEGOVY_P1114_22_2026_09_01,GLP1-032,UHC_WEGOVY_P1114_22_2026_09_01,gpt,bmi_threshold,deterministic,ambiguous,evidence_aggregation,PASS,PASS,True,gpt,1.0,,,,Observation/GLP1-032-BMI-2026-08-14,,,6970.9,1020.75,101.75,0.003059,False,,,,Latest structured BMI 34.6 (2026-08-14).,"The latest structured BMI is 34.6 kg/m², meeting the BMI ≥30 pathway without requiring a comorbidity."
main_gpt,GLP1-033__AETNA_WEGOVY_4774C_2026_08_20,GLP1-033,AETNA_WEGOVY_4774C_2026_08_20,gpt,age,deterministic,ambiguous,continuity,PASS,PASS,True,gpt,1.0,,,,Patient/GLP1-033,,,10535.3,748.2,147.2,0.002968,False,,,,Age 49 on 2026-09-01 (min 18).,"The patient was 49 on the September 1, 2026 request date."
main_gpt,GLP1-033__AETNA_WEGOVY_4774C_2026_08_20,GLP1-033,AETNA_WEGOVY_4774C_2026_08_20,gpt,indication,deterministic,ambiguous,continuity,PASS,PASS,True,gpt,1.0,,,,MedicationRequest/GLP1-033-WEGOVY-REQ;DocumentReference/GLP1-033-PCP-002,,,10535.3,748.2,147.2,0.002968,False,,,,Initial Wegovy request for chronic weight management.,"The request is for Wegovy for chronic weight management, and the prescribing note identifies obesity as the treatment indication."
main_gpt,GLP1-033__AETNA_WEGOVY_4774C_2026_08_20,GLP1-033,AETNA_WEGOVY_4774C_2026_08_20,gpt,adjunct_diet_and_activity,semantic,ambiguous,continuity,PASS,PASS,True,gpt,0.98,,,DocumentReference/GLP1-033-NUTR-001;DocumentReference/GLP1-033-PCP-001;DocumentReference/GLP1-033-PCP-002;DocumentReference/GLP1-033-TEL-001,DocumentReference/GLP1-033-NUTR-001;DocumentReference/GLP1-033-PCP-002,True,True,10535.3,748.2,147.2,0.002968,False,,,,Meal plan and exercise documented at the request.,"The August 17 note documents current meal-plan use and exercise 3–4 times weekly, with a plan to continue both alongside Wegovy. The March dietitian note specifies the reduced-calorie meal plan."
main_gpt,GLP1-033__AETNA_WEGOVY_4774C_2026_08_20,GLP1-033,AETNA_WEGOVY_4774C_2026_08_20,gpt,program_6_months,semantic_temporal,ambiguous,continuity,CONFLICT,FAIL,False,gpt,0.98,,,DocumentReference/GLP1-033-NUTR-001;DocumentReference/GLP1-033-PCP-001;DocumentReference/GLP1-033-PCP-002;DocumentReference/GLP1-033-TEL-001,DocumentReference/GLP1-033-PCP-001;DocumentReference/GLP1-033-TEL-001;DocumentReference/GLP1-033-NUTR-001;DocumentReference/GLP1-033-PCP-002,True,True,10535.3,748.2,147.2,0.002968,False,,TEMPORAL_REASONING,MODEL_OVERCONFIDENCE,"Oct start, lapse Nov/Dec–Mar, restart Mar: ~7 months total but only ~5 continuous; whether an interrupted program meets 'at least 6 months' is genuinely ambiguous.","The patient stopped the meal and activity plans over the holidays and restarted on March 13, 2026. Through the last documented participation on August 17, the continuous period is fewer than six whole calendar months."
main_gpt,GLP1-033__AETNA_WEGOVY_4774C_2026_08_20,GLP1-033,AETNA_WEGOVY_4774C_2026_08_20,gpt,bmi_threshold,deterministic,ambiguous,continuity,PASS,PASS,True,gpt,1.0,,,,Observation/GLP1-033-BMI-2026-08-17,,,10535.3,748.2,147.2,0.002968,False,,,,Latest structured BMI 37.3 (2026-08-17).,"The latest structured BMI before the request is 37.3 kg/m², exceeding the 30 kg/m² threshold without a comorbidity requirement."
main_gpt,GLP1-033__BCBS_FEP_WEGOVY_2026_07_01,GLP1-033,BCBS_FEP_WEGOVY_2026_07_01,gpt,age,deterministic,ambiguous,continuity,PASS,PASS,True,gpt,1.0,,,,Patient/GLP1-033,,,11174.6,694.166667,122.166667,0.00261,False,,,,Age 49 on 2026-09-01 (min 18).,"Born December 11, 1976, the patient was 49 on the September 1, 2026 request date."
main_gpt,GLP1-033__BCBS_FEP_WEGOVY_2026_07_01,GLP1-033,BCBS_FEP_WEGOVY_2026_07_01,gpt,indication,deterministic,ambiguous,continuity,PASS,PASS,True,gpt,1.0,,,,MedicationRequest/GLP1-033-WEGOVY-REQ;DocumentReference/GLP1-033-PCP-002,,,11174.6,694.166667,122.166667,0.00261,False,,,,Initial Wegovy request for chronic weight management.,"The request is for chronic weight management, and the clinician plans Wegovy for obesity."
main_gpt,GLP1-033__BCBS_FEP_WEGOVY_2026_07_01,GLP1-033,BCBS_FEP_WEGOVY_2026_07_01,gpt,bmi_threshold,deterministic,ambiguous,continuity,PASS,PASS,True,gpt,1.0,,,,Observation/GLP1-033-BMI-2026-08-17,,,11174.6,694.166667,122.166667,0.00261,False,,,,Latest structured BMI 37.3 (2026-08-17).,"The latest structured BMI before the request is 37.3 kg/m², exceeding the 30 kg/m² threshold without a comorbidity requirement."
main_gpt,GLP1-033__BCBS_FEP_WEGOVY_2026_07_01,GLP1-033,BCBS_FEP_WEGOVY_2026_07_01,gpt,weight_management_program,semantic,ambiguous,continuity,PASS,PASS,True,gpt,0.91,,,DocumentReference/GLP1-033-NUTR-001;DocumentReference/GLP1-033-PCP-001;DocumentReference/GLP1-033-PCP-002;DocumentReference/GLP1-033-TEL-001,DocumentReference/GLP1-033-PCP-001;DocumentReference/GLP1-033-TEL-001;DocumentReference/GLP1-033-NUTR-001;DocumentReference/GLP1-033-PCP-002,True,True,11174.6,694.166667,122.166667,0.00261,False,,,,Enrolled in a dietitian-led program in October.,"The dietitian follow-up documents participation in a plan addressing food choices, a food diary, and physical activity; the later primary care note confirms she restarted after a holiday break."
main_gpt,GLP1-033__BCBS_FEP_WEGOVY_2026_07_01,GLP1-033,BCBS_FEP_WEGOVY_2026_07_01,gpt,no_concurrent_glp1,medication_reconciliation,ambiguous,continuity,PASS,PASS,True,gpt,0.96,,,DocumentReference/GLP1-033-NUTR-001;DocumentReference/GLP1-033-PCP-002;DocumentReference/GLP1-033-PHARM-001,MedicationRequest/GLP1-033-SERTRALINE;MedicationStatement/GLP1-033-CETIRIZINE;MedicationRequest/GLP1-033-WEGOVY-REQ;DocumentReference/GLP1-033-PCP-002,,,11174.6,694.166667,122.166667,0.00261,False,,,,No GLP-1 or anti-obesity medication in structured data or notes.,No other GLP-1 therapy is documented as current. The draft Wegovy order under review is excluded from the concurrent-therapy assessment.
main_gpt,GLP1-033__BCBS_FEP_WEGOVY_2026_07_01,GLP1-033,BCBS_FEP_WEGOVY_2026_07_01,gpt,no_concurrent_pa_weight_loss_med,medication_reconciliation,ambiguous,continuity,PASS,PASS,True,gpt,0.96,,,DocumentReference/GLP1-033-NUTR-001;DocumentReference/GLP1-033-PCP-002;DocumentReference/GLP1-033-PHARM-001,MedicationRequest/GLP1-033-SERTRALINE;MedicationStatement/GLP1-033-CETIRIZINE;MedicationRequest/GLP1-033-WEGOVY-REQ;DocumentReference/GLP1-033-PCP-002,,,11174.6,694.166667,122.166667,0.00261,False,,,,No PA weight-loss medication in structured data or notes.,No other Appendix 2 PA weight-loss medication is documented as current; the draft Wegovy order is excluded.
main_gpt,GLP1-033__UHC_WEGOVY_P1114_22_2026_09_01,GLP1-033,UHC_WEGOVY_P1114_22_2026_09_01,gpt,age,deterministic,ambiguous,continuity,PASS,PASS,True,gpt,1.0,,,,Patient/GLP1-033,,,7005.9,849.25,93.5,0.002633,False,,,,Age 49 on 2026-09-01 (min 12).,"The patient is 49 on the request date, exceeding the minimum age of 12."
main_gpt,GLP1-033__UHC_WEGOVY_P1114_22_2026_09_01,GLP1-033,UHC_WEGOVY_P1114_22_2026_09_01,gpt,indication,deterministic,ambiguous,continuity,PASS,PASS,True,gpt,1.0,,,,MedicationRequest/GLP1-033-WEGOVY-REQ;DocumentReference/GLP1-033-PCP-002,,,7005.9,849.25,93.5,0.002633,False,,,,Initial Wegovy request for chronic weight management.,"The request is for chronic weight management, and the prescribing note identifies obesity as the reason for starting Wegovy."
main_gpt,GLP1-033__UHC_WEGOVY_P1114_22_2026_09_01,GLP1-033,UHC_WEGOVY_P1114_22_2026_09_01,gpt,lifestyle_adjunct,semantic,ambiguous,continuity,PASS,PASS,True,gpt,0.99,,,DocumentReference/GLP1-033-NUTR-001;DocumentReference/GLP1-033-PCP-001;DocumentReference/GLP1-033-PCP-002;DocumentReference/GLP1-033-TEL-001,DocumentReference/GLP1-033-PCP-002,True,True,7005.9,849.25,93.5,0.002633,False,,,,More consistent with meal plan and exercise since spring.,The August 17 note documents ongoing food-diary and exercise efforts and directs the patient to continue the meal plan and exercise with Wegovy.
main_gpt,GLP1-033__UHC_WEGOVY_P1114_22_2026_09_01,GLP1-033,UHC_WEGOVY_P1114_22_2026_09_01,gpt,bmi_threshold,deterministic,ambiguous,continuity,PASS,PASS,True,gpt,1.0,,,,Observation/GLP1-033-BMI-2026-08-17,,,7005.9,849.25,93.5,0.002633,False,,,,Latest structured BMI 37.3 (2026-08-17).,"The latest structured BMI is 37.3 kg/m², above the threshold of 30; a comorbidity is not required."
main_gpt,GLP1-034__AETNA_WEGOVY_4774C_2026_08_20,GLP1-034,AETNA_WEGOVY_4774C_2026_08_20,gpt,age,deterministic,ambiguous,semantic_comorbidity,PASS,PASS,True,gpt,1.0,,,,Patient/GLP1-034,,,10773.7,900.4,151.4,0.003315,False,,,,Age 56 on 2026-09-01 (min 18).,"The patient was 56 years old on the September 1, 2026 request date."
main_gpt,GLP1-034__AETNA_WEGOVY_4774C_2026_08_20,GLP1-034,AETNA_WEGOVY_4774C_2026_08_20,gpt,indication,deterministic,ambiguous,semantic_comorbidity,PASS,PASS,True,gpt,1.0,,,,MedicationRequest/GLP1-034-WEGOVY-REQ,,,10773.7,900.4,151.4,0.003315,False,,,,Initial Wegovy request for chronic weight management.,The PA request is for Wegovy for chronic weight management.
main_gpt,GLP1-034__AETNA_WEGOVY_4774C_2026_08_20,GLP1-034,AETNA_WEGOVY_4774C_2026_08_20,gpt,adjunct_diet_and_activity,semantic,ambiguous,semantic_comorbidity,PASS,PASS,True,gpt,0.99,,,DocumentReference/GLP1-034-NUTR-001;DocumentReference/GLP1-034-NUTR-002;DocumentReference/GLP1-034-PCP-001;DocumentReference/GLP1-034-PCP-002;DocumentReference/GLP1-034-PCP-003,DocumentReference/GLP1-034-PCP-003;DocumentReference/GLP1-034-NUTR-002,True,,10773.7,900.4,151.4,0.003315,False,,,,Final note documents continued diet AND exercise.,"The August 20 note documents continued diet and exercise and directs the patient to continue the plan with Wegovy. The May 28 follow-up specifies an approximately 1,800-kcal diet and continued gym routine."
main_gpt,GLP1-034__AETNA_WEGOVY_4774C_2026_08_20,GLP1-034,AETNA_WEGOVY_4774C_2026_08_20,gpt,program_6_months,semantic_temporal,ambiguous,semantic_comorbidity,PASS,PASS,True,gpt,0.99,,,DocumentReference/GLP1-034-NUTR-001;DocumentReference/GLP1-034-NUTR-002;DocumentReference/GLP1-034-PCP-001;DocumentReference/GLP1-034-PCP-002;DocumentReference/GLP1-034-PCP-003;DocumentReference/GLP1-034-PHARM-001,DocumentReference/GLP1-034-PCP-001;DocumentReference/GLP1-034-NUTR-001;DocumentReference/GLP1-034-PCP-002;DocumentReference/GLP1-034-NUTR-002;DocumentReference/GLP1-034-PCP-003,True,,10773.7,900.4,151.4,0.003315,False,,,,"Continuous program with diet, activity and follow-up; duration computed from dated events. 2025-12-20 -> 2026-08-20 = 8 whole months (min 6).","The structured lifestyle program began December 20, 2025, with calorie reduction, exercise, and planned follow-up. Subsequent visits document continued participation through August 20, 2026—eight whole calendar months without a documented interruption."
main_gpt,GLP1-034__AETNA_WEGOVY_4774C_2026_08_20,GLP1-034,AETNA_WEGOVY_4774C_2026_08_20,gpt,bmi_threshold,deterministic,ambiguous,semantic_comorbidity,PASS,PASS,True,gpt,0.99,,,,Observation/GLP1-034-BMI-2026-08-20;DocumentReference/GLP1-034-PCP-003;MedicationRequest/GLP1-034-ROSUVASTATIN,,,10773.7,900.4,151.4,0.003315,False,,,,"Latest structured BMI 28.0 (2026-08-20). In 27–30 band; comorbidity: PASS — dyslipidemia documented (narrative only, no structured Condition).","The latest structured BMI is 28.0, meeting the ≥27 threshold. The documented high cholesterol, elevated LDL, and ongoing rosuvastatin treatment establish a qualifying weight-related lipid condition."
main_gpt,GLP1-034__BCBS_FEP_WEGOVY_2026_07_01,GLP1-034,BCBS_FEP_WEGOVY_2026_07_01,gpt,age,deterministic,ambiguous,semantic_comorbidity,PASS,PASS,True,gpt,1.0,,,,Patient/GLP1-034,,,15307.9,820.0,166.166667,0.003302,False,,,,Age 56 on 2026-09-01 (min 18).,"Born August 28, 1970, the patient was 56 on the September 1, 2026 request date."
main_gpt,GLP1-034__BCBS_FEP_WEGOVY_2026_07_01,GLP1-034,BCBS_FEP_WEGOVY_2026_07_01,gpt,indication,deterministic,ambiguous,semantic_comorbidity,PASS,PASS,True,gpt,1.0,,,,MedicationRequest/GLP1-034-WEGOVY-REQ;DocumentReference/GLP1-034-PCP-003,,,15307.9,820.0,166.166667,0.003302,False,,,,Initial Wegovy request for chronic weight management.,"The request is for initial Wegovy treatment for chronic weight management, consistent with the clinician’s plan to treat overweight."
main_gpt,GLP1-034__BCBS_FEP_WEGOVY_2026_07_01,GLP1-034,BCBS_FEP_WEGOVY_2026_07_01,gpt,bmi_threshold,deterministic,ambiguous,semantic_comorbidity,PASS,PASS,True,gpt,0.99,,,,Observation/GLP1-034-BMI-2026-08-20;DocumentReference/GLP1-034-PCP-003;MedicationRequest/GLP1-034-ROSUVASTATIN,,,15307.9,820.0,166.166667,0.003302,False,,,,"Latest structured BMI 28.0 (2026-08-20). In 27–30 band; comorbidity: PASS — dyslipidemia documented (narrative only, no structured Condition).","The latest structured BMI is 28.0. The clinician documents high cholesterol treated with rosuvastatin, establishing a weight-related comorbid condition for the BMI ≥27 pathway."
main_gpt,GLP1-034__BCBS_FEP_WEGOVY_2026_07_01,GLP1-034,BCBS_FEP_WEGOVY_2026_07_01,gpt,weight_management_program,semantic,ambiguous,semantic_comorbidity,PASS,PASS,True,gpt,1.0,,,DocumentReference/GLP1-034-NUTR-001;DocumentReference/GLP1-034-NUTR-002;DocumentReference/GLP1-034-PCP-001;DocumentReference/GLP1-034-PCP-002;DocumentReference/GLP1-034-PCP-003,DocumentReference/GLP1-034-PCP-001;DocumentReference/GLP1-034-NUTR-001;DocumentReference/GLP1-034-NUTR-002;DocumentReference/GLP1-034-PCP-003,True,,15307.9,820.0,166.166667,0.003302,False,,,,Enrolled in a comprehensive program with dietitian visits and follow-ups.,"The patient enrolled in a lifestyle modification program and participated in diet, activity, and behavioral changes, with ongoing program visits documented through August 2026."
main_gpt,GLP1-034__BCBS_FEP_WEGOVY_2026_07_01,GLP1-034,BCBS_FEP_WEGOVY_2026_07_01,gpt,no_concurrent_glp1,medication_reconciliation,ambiguous,semantic_comorbidity,PASS,PASS,True,gpt,0.97,,,DocumentReference/GLP1-034-NUTR-002;DocumentReference/GLP1-034-PCP-003;DocumentReference/GLP1-034-PHARM-001,MedicationRequest/GLP1-034-ROSUVASTATIN;MedicationRequest/GLP1-034-SUMATRIPTAN;MedicationRequest/GLP1-034-SERTRALINE;MedicationRequest/GLP1-034-TRIAMCINOLON;MedicationRequest/GLP1-034-OMEPRAZOLE;MedicationStatement/GLP1-034-CETIRIZINE;MedicationStatement/GLP1-034-IBUPROFEN;MedicationStatement/GLP1-034-VITAMIN;MedicationRequest/GLP1-034-WEGOVY-REQ,,,15307.9,820.0,166.166667,0.003302,False,,,,No GLP-1 or anti-obesity medication in structured data or notes.,No other GLP-1 appears among the documented current medications. The draft Wegovy order is the requested therapy and is excluded from the concurrent-use assessment.
main_gpt,GLP1-034__BCBS_FEP_WEGOVY_2026_07_01,GLP1-034,BCBS_FEP_WEGOVY_2026_07_01,gpt,no_concurrent_pa_weight_loss_med,medication_reconciliation,ambiguous,semantic_comorbidity,PASS,PASS,True,gpt,0.97,,,DocumentReference/GLP1-034-NUTR-002;DocumentReference/GLP1-034-PCP-003;DocumentReference/GLP1-034-PHARM-001,MedicationRequest/GLP1-034-ROSUVASTATIN;MedicationRequest/GLP1-034-SUMATRIPTAN;MedicationRequest/GLP1-034-SERTRALINE;MedicationRequest/GLP1-034-TRIAMCINOLON;MedicationRequest/GLP1-034-OMEPRAZOLE;MedicationStatement/GLP1-034-CETIRIZINE;MedicationStatement/GLP1-034-IBUPROFEN;MedicationStatement/GLP1-034-VITAMIN;MedicationRequest/GLP1-034-WEGOVY-REQ,,,15307.9,820.0,166.166667,0.003302,False,,,,No PA weight-loss medication in structured data or notes.,No other Appendix 2 weight-loss medication appears among the documented current medications. The draft Wegovy order is excluded.
main_gpt,GLP1-034__UHC_WEGOVY_P1114_22_2026_09_01,GLP1-034,UHC_WEGOVY_P1114_22_2026_09_01,gpt,age,deterministic,ambiguous,semantic_comorbidity,PASS,PASS,True,gpt,1.0,,,,Patient/GLP1-034,,,6514.2,1039.0,103.75,0.003116,False,,,,Age 56 on 2026-09-01 (min 12).,"The patient was 56 on the request date, exceeding the minimum age of 12."
main_gpt,GLP1-034__UHC_WEGOVY_P1114_22_2026_09_01,GLP1-034,UHC_WEGOVY_P1114_22_2026_09_01,gpt,indication,deterministic,ambiguous,semantic_comorbidity,PASS,PASS,True,gpt,1.0,,,,MedicationRequest/GLP1-034-WEGOVY-REQ;DocumentReference/GLP1-034-PCP-003,,,6514.2,1039.0,103.75,0.003116,False,,,,Initial Wegovy request for chronic weight management.,Wegovy is requested for chronic weight management following a documented weight-loss plateau.
main_gpt,GLP1-034__UHC_WEGOVY_P1114_22_2026_09_01,GLP1-034,UHC_WEGOVY_P1114_22_2026_09_01,gpt,lifestyle_adjunct,semantic,ambiguous,semantic_comorbidity,PASS,PASS,True,gpt,0.99,,,DocumentReference/GLP1-034-NUTR-001;DocumentReference/GLP1-034-NUTR-002;DocumentReference/GLP1-034-PCP-001;DocumentReference/GLP1-034-PCP-002;DocumentReference/GLP1-034-PCP-003;DocumentReference/GLP1-034-PHARM-001,DocumentReference/GLP1-034-PCP-003;DocumentReference/GLP1-034-NUTR-002,True,,6514.2,1039.0,103.75,0.003116,False,,,,Final note documents continued diet and exercise.,"The August note documents continued diet, exercise, and program visits, with a plan to continue alongside Wegovy."
main_gpt,GLP1-034__UHC_WEGOVY_P1114_22_2026_09_01,GLP1-034,UHC_WEGOVY_P1114_22_2026_09_01,gpt,bmi_threshold,deterministic,ambiguous,semantic_comorbidity,PASS,PASS,True,gpt,0.99,,,,Observation/GLP1-034-BMI-2026-08-20;DocumentReference/GLP1-034-PCP-003;MedicationRequest/GLP1-034-ROSUVASTATIN,,,6514.2,1039.0,103.75,0.003116,False,,,,"Latest structured BMI 28.0 (2026-08-20). In 27–30 band; comorbidity: PASS — dyslipidemia documented (narrative only, no structured Condition).","The latest structured BMI is 28.0. The August note documents high cholesterol treated with rosuvastatin, satisfying the weight-related comorbidity requirement for BMI ≥27."
main_gpt,GLP1-035__AETNA_WEGOVY_4774C_2026_08_20,GLP1-035,AETNA_WEGOVY_4774C_2026_08_20,gpt,age,deterministic,ambiguous,response_semantics,PASS,PASS,True,gpt,1.0,,,,Patient/GLP1-035,,,9514.1,784.6,120.8,0.002777,False,,,,Age 28 on 2026-09-01 (min 18).,"The patient was 28 on the 2026-09-01 request date, exceeding the minimum age of 18."
main_gpt,GLP1-035__AETNA_WEGOVY_4774C_2026_08_20,GLP1-035,AETNA_WEGOVY_4774C_2026_08_20,gpt,indication,deterministic,ambiguous,response_semantics,PASS,PASS,True,gpt,0.99,,,,MedicationRequest/GLP1-035-WEGOVY-REQ;DocumentReference/GLP1-035-PCP-003,,,9514.1,784.6,120.8,0.002777,False,,,,Initial Wegovy request for chronic weight management.,"The request is for chronic weight management, and the recent visit documents the patient's desire for additional weight loss."
main_gpt,GLP1-035__AETNA_WEGOVY_4774C_2026_08_20,GLP1-035,AETNA_WEGOVY_4774C_2026_08_20,gpt,adjunct_diet_and_activity,semantic,ambiguous,response_semantics,PASS,PASS,True,gpt,0.98,,,DocumentReference/GLP1-035-NUTR-001;DocumentReference/GLP1-035-NUTR-002;DocumentReference/GLP1-035-OPH-001;DocumentReference/GLP1-035-PCP-001;DocumentReference/GLP1-035-PCP-002;DocumentReference/GLP1-035-PCP-003,DocumentReference/GLP1-035-PCP-003;DocumentReference/GLP1-035-NUTR-002;DocumentReference/GLP1-035-NUTR-001,True,,9514.1,784.6,120.8,0.002777,False,,,,Final note documents continued diet AND exercise.,"Within 180 days of the request, follow-up notes document continued adherence to the reduced-calorie diet and gym activity plan."
main_gpt,GLP1-035__AETNA_WEGOVY_4774C_2026_08_20,GLP1-035,AETNA_WEGOVY_4774C_2026_08_20,gpt,program_6_months,semantic_temporal,ambiguous,response_semantics,PASS,PASS,True,gpt,0.99,,,DocumentReference/GLP1-035-NUTR-001;DocumentReference/GLP1-035-NUTR-002;DocumentReference/GLP1-035-OPH-001;DocumentReference/GLP1-035-PCP-001;DocumentReference/GLP1-035-PCP-002;DocumentReference/GLP1-035-PCP-003,DocumentReference/GLP1-035-PCP-001;DocumentReference/GLP1-035-NUTR-001;DocumentReference/GLP1-035-PCP-002;DocumentReference/GLP1-035-NUTR-002;DocumentReference/GLP1-035-PCP-003,True,,9514.1,784.6,120.8,0.002777,False,,,,"Continuous program with diet, activity and follow-up; duration computed from dated events. 2025-12-10 -> 2026-08-10 = 8 whole months (min 6).","The structured lifestyle program began 2025-12-10 and was documented as continuing through 2026-08-10—eight whole calendar months—with diet, activity, and follow-up."
main_gpt,GLP1-035__AETNA_WEGOVY_4774C_2026_08_20,GLP1-035,AETNA_WEGOVY_4774C_2026_08_20,gpt,bmi_threshold,deterministic,ambiguous,response_semantics,PASS,PASS,True,gpt,1.0,,,,Observation/GLP1-035-BMI-2026-08-10,,,9514.1,784.6,120.8,0.002777,False,,,,Latest structured BMI 35.9 (2026-08-10).,"The latest structured BMI before the request was 35.9 kg/m², exceeding the 30 kg/m² threshold without requiring a comorbidity."
main_gpt,GLP1-035__BCBS_FEP_WEGOVY_2026_07_01,GLP1-035,BCBS_FEP_WEGOVY_2026_07_01,gpt,age,deterministic,ambiguous,response_semantics,PASS,PASS,True,gpt,1.0,,,,Patient/GLP1-035,,,11465.1,741.666667,129.666667,0.00278,False,,,,Age 28 on 2026-09-01 (min 18).,"Born 1998-06-02, the patient was 28 on the 2026-09-01 request date."
main_gpt,GLP1-035__BCBS_FEP_WEGOVY_2026_07_01,GLP1-035,BCBS_FEP_WEGOVY_2026_07_01,gpt,indication,deterministic,ambiguous,response_semantics,PASS,PASS,True,gpt,1.0,,,,MedicationRequest/GLP1-035-WEGOVY-REQ;DocumentReference/GLP1-035-PCP-003,,,11465.1,741.666667,129.666667,0.00278,False,,,,Initial Wegovy request for chronic weight management.,"The request is for Wegovy for chronic weight management, consistent with the obesity treatment plan."
main_gpt,GLP1-035__BCBS_FEP_WEGOVY_2026_07_01,GLP1-035,BCBS_FEP_WEGOVY_2026_07_01,gpt,bmi_threshold,deterministic,ambiguous,response_semantics,PASS,PASS,True,gpt,1.0,,,,Observation/GLP1-035-BMI-2026-08-10,,,11465.1,741.666667,129.666667,0.00278,False,,,,Latest structured BMI 35.9 (2026-08-10).,"The latest structured BMI before the request was 35.9, exceeding the threshold of 30."
main_gpt,GLP1-035__BCBS_FEP_WEGOVY_2026_07_01,GLP1-035,BCBS_FEP_WEGOVY_2026_07_01,gpt,weight_management_program,semantic,ambiguous,response_semantics,PASS,PASS,True,gpt,0.99,,,DocumentReference/GLP1-035-NUTR-001;DocumentReference/GLP1-035-NUTR-002;DocumentReference/GLP1-035-PCP-001;DocumentReference/GLP1-035-PCP-002;DocumentReference/GLP1-035-PCP-003,DocumentReference/GLP1-035-PCP-001;DocumentReference/GLP1-035-NUTR-001;DocumentReference/GLP1-035-PCP-002;DocumentReference/GLP1-035-NUTR-002;DocumentReference/GLP1-035-PCP-003,True,,11465.1,741.666667,129.666667,0.00278,False,,,,Enrolled in a comprehensive program with dietitian visits and follow-ups.,"The patient enrolled in a lifestyle modification program with calorie reduction, exercise, dietitian visits, and documented follow-up participation."
main_gpt,GLP1-035__BCBS_FEP_WEGOVY_2026_07_01,GLP1-035,BCBS_FEP_WEGOVY_2026_07_01,gpt,no_concurrent_glp1,medication_reconciliation,ambiguous,response_semantics,PASS,PASS,True,gpt,0.97,,,DocumentReference/GLP1-035-LAB-002;DocumentReference/GLP1-035-NUTR-002;DocumentReference/GLP1-035-ORTH-001;DocumentReference/GLP1-035-PCP-003,MedicationRequest/GLP1-035-TRIAMCINOLON;MedicationRequest/GLP1-035-OMEPRAZOLE;MedicationStatement/GLP1-035-VITAMIN;MedicationRequest/GLP1-035-WEGOVY-REQ;DocumentReference/GLP1-035-PCP-003,,,11465.1,741.666667,129.666667,0.00278,False,,,,No GLP-1 or anti-obesity medication in structured data or notes.,"No other GLP-1 therapy is documented among the active medications. The draft Wegovy order is the requested therapy, not concurrent treatment."
main_gpt,GLP1-035__BCBS_FEP_WEGOVY_2026_07_01,GLP1-035,BCBS_FEP_WEGOVY_2026_07_01,gpt,no_concurrent_pa_weight_loss_med,medication_reconciliation,ambiguous,response_semantics,PASS,PASS,True,gpt,0.97,,,DocumentReference/GLP1-035-LAB-002;DocumentReference/GLP1-035-NUTR-002;DocumentReference/GLP1-035-ORTH-001;DocumentReference/GLP1-035-PCP-003,MedicationRequest/GLP1-035-TRIAMCINOLON;MedicationRequest/GLP1-035-OMEPRAZOLE;MedicationStatement/GLP1-035-VITAMIN;MedicationRequest/GLP1-035-WEGOVY-REQ;DocumentReference/GLP1-035-PCP-003,,,11465.1,741.666667,129.666667,0.00278,False,,,,No PA weight-loss medication in structured data or notes.,No other Appendix 2 weight-loss medication is documented among the active medications. The draft Wegovy order is excluded from the concurrent-therapy assessment.
main_gpt,GLP1-035__UHC_WEGOVY_P1114_22_2026_09_01,GLP1-035,UHC_WEGOVY_P1114_22_2026_09_01,gpt,age,deterministic,ambiguous,response_semantics,PASS,PASS,True,gpt,1.0,,,,Patient/GLP1-035,,,6418.3,892.75,105.5,0.002841,False,,,,Age 28 on 2026-09-01 (min 12).,"The patient was 28 years old on the request date, exceeding the minimum age of 12."
main_gpt,GLP1-035__UHC_WEGOVY_P1114_22_2026_09_01,GLP1-035,UHC_WEGOVY_P1114_22_2026_09_01,gpt,indication,deterministic,ambiguous,response_semantics,PASS,PASS,True,gpt,1.0,,,,MedicationRequest/GLP1-035-WEGOVY-REQ;DocumentReference/GLP1-035-PCP-003,,,6418.3,892.75,105.5,0.002841,False,,,,Initial Wegovy request for chronic weight management.,"The request is for chronic weight management, and the patient requested medication for additional weight loss."
main_gpt,GLP1-035__UHC_WEGOVY_P1114_22_2026_09_01,GLP1-035,UHC_WEGOVY_P1114_22_2026_09_01,gpt,lifestyle_adjunct,semantic,ambiguous,response_semantics,PASS,PASS,True,gpt,0.99,,,DocumentReference/GLP1-035-NUTR-001;DocumentReference/GLP1-035-NUTR-002;DocumentReference/GLP1-035-OPH-001;DocumentReference/GLP1-035-PCP-001;DocumentReference/GLP1-035-PCP-002;DocumentReference/GLP1-035-PCP-003,DocumentReference/GLP1-035-PCP-003,True,,6418.3,892.75,105.5,0.002841,False,,,,Final note documents continued diet and exercise.,"The August 10 note documents ongoing diet, exercise, and lifestyle-program follow-ups within 180 days of the request."
main_gpt,GLP1-035__UHC_WEGOVY_P1114_22_2026_09_01,GLP1-035,UHC_WEGOVY_P1114_22_2026_09_01,gpt,bmi_threshold,deterministic,ambiguous,response_semantics,PASS,PASS,True,gpt,1.0,,,,Observation/GLP1-035-BMI-2026-08-10,,,6418.3,892.75,105.5,0.002841,False,,,,Latest structured BMI 35.9 (2026-08-10).,"The latest structured BMI is 35.9 kg/m², meeting the BMI ≥ 30 threshold without a comorbidity requirement."
main_gpt,GLP1-036__AETNA_WEGOVY_4774C_2026_08_20,GLP1-036,AETNA_WEGOVY_4774C_2026_08_20,gpt,age,deterministic,hard,program_discontinuation,PASS,PASS,True,gpt,1.0,,,,Patient/GLP1-036,,,10866.9,880.2,164.4,0.003404,False,,,,Age 35 on 2026-09-01 (min 18).,"The patient was 35 on the September 1, 2026 request date."
main_gpt,GLP1-036__AETNA_WEGOVY_4774C_2026_08_20,GLP1-036,AETNA_WEGOVY_4774C_2026_08_20,gpt,indication,deterministic,hard,program_discontinuation,PASS,PASS,True,gpt,0.99,,,,MedicationRequest/GLP1-036-WEGOVY-REQ;DocumentReference/GLP1-036-PCP-002,,,10866.9,880.2,164.4,0.003404,False,,,,Initial Wegovy request for chronic weight management.,Wegovy was requested for chronic weight management in the setting of obesity.
main_gpt,GLP1-036__AETNA_WEGOVY_4774C_2026_08_20,GLP1-036,AETNA_WEGOVY_4774C_2026_08_20,gpt,adjunct_diet_and_activity,semantic,hard,program_discontinuation,INSUFFICIENT,INSUFFICIENT,True,gpt,0.96,,,DocumentReference/GLP1-036-NUTR-001;DocumentReference/GLP1-036-PCP-001;DocumentReference/GLP1-036-PCP-002;DocumentReference/GLP1-036-TEL-003,DocumentReference/GLP1-036-PCP-002;DocumentReference/GLP1-036-TEL-003,True,True,10866.9,880.2,164.4,0.003404,False,,,,No current diet/exercise documented.,"The August 8 note does not document a current or planned reduced-calorie diet and increased physical activity alongside Wegovy. The documented cessation of both plans was in February, outside the 180-day recency window."
main_gpt,GLP1-036__AETNA_WEGOVY_4774C_2026_08_20,GLP1-036,AETNA_WEGOVY_4774C_2026_08_20,gpt,program_6_months,semantic_temporal,hard,program_discontinuation,FAIL,FAIL,True,gpt,0.99,,,DocumentReference/GLP1-036-NUTR-001;DocumentReference/GLP1-036-PCP-001;DocumentReference/GLP1-036-PCP-002;DocumentReference/GLP1-036-TEL-003,DocumentReference/GLP1-036-PCP-001;DocumentReference/GLP1-036-NUTR-001;DocumentReference/GLP1-036-TEL-003;DocumentReference/GLP1-036-PCP-002,True,True,10866.9,880.2,164.4,0.003404,False,,,,Stopped the meal plan and exercise ~6 weeks after starting; never resumed.,"The program began in January, but the patient reported stopping the meal and gym plans and canceling follow-up in February. This interruption prevents six months of continuous documented participation; no restart is documented."
main_gpt,GLP1-036__AETNA_WEGOVY_4774C_2026_08_20,GLP1-036,AETNA_WEGOVY_4774C_2026_08_20,gpt,bmi_threshold,deterministic,hard,program_discontinuation,PASS,PASS,True,gpt,1.0,,,,Observation/GLP1-036-BMI-2026-08-08,,,10866.9,880.2,164.4,0.003404,False,,,,Latest structured BMI 36.1 (2026-08-08).,"The latest structured BMI before the request was 36.1 kg/m², exceeding the 30 kg/m² threshold."
main_gpt,GLP1-036__BCBS_FEP_WEGOVY_2026_07_01,GLP1-036,BCBS_FEP_WEGOVY_2026_07_01,gpt,age,deterministic,hard,program_discontinuation,PASS,PASS,True,gpt,1.0,,,,Patient/GLP1-036,,,14074.3,827.5,165.166667,0.003307,False,,,,Age 35 on 2026-09-01 (min 18).,The patient was 35 years old on the 2026-09-01 request date.
main_gpt,GLP1-036__BCBS_FEP_WEGOVY_2026_07_01,GLP1-036,BCBS_FEP_WEGOVY_2026_07_01,gpt,indication,deterministic,hard,program_discontinuation,PASS,PASS,True,gpt,1.0,,,,MedicationRequest/GLP1-036-WEGOVY-REQ;DocumentReference/GLP1-036-PCP-002,,,14074.3,827.5,165.166667,0.003307,False,,,,Initial Wegovy request for chronic weight management.,The request is for Wegovy for chronic weight management.
main_gpt,GLP1-036__BCBS_FEP_WEGOVY_2026_07_01,GLP1-036,BCBS_FEP_WEGOVY_2026_07_01,gpt,bmi_threshold,deterministic,hard,program_discontinuation,PASS,PASS,True,gpt,1.0,,,,Observation/GLP1-036-BMI-2026-08-08,,,14074.3,827.5,165.166667,0.003307,False,,,,Latest structured BMI 36.1 (2026-08-08).,"The latest structured BMI before the request is 36.1, exceeding the threshold of 30."
main_gpt,GLP1-036__BCBS_FEP_WEGOVY_2026_07_01,GLP1-036,BCBS_FEP_WEGOVY_2026_07_01,gpt,weight_management_program,semantic,hard,program_discontinuation,PASS,PASS,True,gpt,0.99,,,DocumentReference/GLP1-036-NUTR-001;DocumentReference/GLP1-036-PCP-001;DocumentReference/GLP1-036-PCP-002;DocumentReference/GLP1-036-TEL-003,DocumentReference/GLP1-036-PCP-001;DocumentReference/GLP1-036-NUTR-001;DocumentReference/GLP1-036-TEL-003,True,True,14074.3,827.5,165.166667,0.003307,False,,,,"Enrolled in the Healthy Weight program in January (participation, later abandoned; literal reading).","The patient enrolled in the Healthy Weight program and attended a dietitian intake covering food logging, a reduced-calorie diet, and physical activity. He later stopped participating, but the policy accepts documented past participation."
main_gpt,GLP1-036__BCBS_FEP_WEGOVY_2026_07_01,GLP1-036,BCBS_FEP_WEGOVY_2026_07_01,gpt,no_concurrent_glp1,medication_reconciliation,hard,program_discontinuation,PASS,PASS,True,gpt,0.97,,,DocumentReference/GLP1-036-ORTH-001;DocumentReference/GLP1-036-PCP-002;DocumentReference/GLP1-036-PHARM-001;DocumentReference/GLP1-036-TEL-003,MedicationRequest/GLP1-036-AMLODIPINE;MedicationRequest/GLP1-036-SUMATRIPTAN;MedicationRequest/GLP1-036-SERTRALINE;MedicationRequest/GLP1-036-OMEPRAZOLE;MedicationStatement/GLP1-036-CETIRIZINE;MedicationStatement/GLP1-036-IBUPROFEN;MedicationStatement/GLP1-036-VITAMIN;MedicationRequest/GLP1-036-WEGOVY-REQ,,,14074.3,827.5,165.166667,0.003307,False,,,,No GLP-1 or anti-obesity medication in structured data or notes.,"No other GLP-1 appears among the recorded active medications. The draft Wegovy order is the requested therapy, not concurrent therapy."
main_gpt,GLP1-036__BCBS_FEP_WEGOVY_2026_07_01,GLP1-036,BCBS_FEP_WEGOVY_2026_07_01,gpt,no_concurrent_pa_weight_loss_med,medication_reconciliation,hard,program_discontinuation,PASS,PASS,True,gpt,0.97,,,DocumentReference/GLP1-036-ORTH-001;DocumentReference/GLP1-036-PCP-002;DocumentReference/GLP1-036-PHARM-001;DocumentReference/GLP1-036-TEL-003,MedicationRequest/GLP1-036-AMLODIPINE;MedicationRequest/GLP1-036-SUMATRIPTAN;MedicationRequest/GLP1-036-SERTRALINE;MedicationRequest/GLP1-036-OMEPRAZOLE;MedicationStatement/GLP1-036-CETIRIZINE;MedicationStatement/GLP1-036-IBUPROFEN;MedicationStatement/GLP1-036-VITAMIN;MedicationRequest/GLP1-036-WEGOVY-REQ,,,14074.3,827.5,165.166667,0.003307,False,,,,No PA weight-loss medication in structured data or notes.,No other Appendix 2 PA weight-loss medication appears among the recorded active medications. The draft Wegovy order is excluded.
main_gpt,GLP1-036__UHC_WEGOVY_P1114_22_2026_09_01,GLP1-036,UHC_WEGOVY_P1114_22_2026_09_01,gpt,age,deterministic,hard,program_discontinuation,PASS,PASS,True,gpt,1.0,,,,Patient/GLP1-036,,,15064.3,1014.25,209.25,0.004121,False,,,,Age 35 on 2026-09-01 (min 12).,"The patient was 35 on the September 1, 2026 request date, exceeding the minimum age of 12."
main_gpt,GLP1-036__UHC_WEGOVY_P1114_22_2026_09_01,GLP1-036,UHC_WEGOVY_P1114_22_2026_09_01,gpt,indication,deterministic,hard,program_discontinuation,PASS,PASS,True,gpt,1.0,,,,MedicationRequest/GLP1-036-WEGOVY-REQ;DocumentReference/GLP1-036-PCP-002,,,15064.3,1014.25,209.25,0.004121,False,,,,Initial Wegovy request for chronic weight management.,"Wegovy is requested for chronic weight management, and the recent visit documents a request for treatment of obesity."
main_gpt,GLP1-036__UHC_WEGOVY_P1114_22_2026_09_01,GLP1-036,UHC_WEGOVY_P1114_22_2026_09_01,gpt,lifestyle_adjunct,semantic,hard,program_discontinuation,INSUFFICIENT,INSUFFICIENT,True,gpt,0.91,,,DocumentReference/GLP1-036-NUTR-001;DocumentReference/GLP1-036-PCP-001;DocumentReference/GLP1-036-PCP-002;DocumentReference/GLP1-036-TEL-003,DocumentReference/GLP1-036-PCP-001;DocumentReference/GLP1-036-NUTR-001;DocumentReference/GLP1-036-TEL-003;DocumentReference/GLP1-036-PCP-002,True,True,15064.3,1014.25,209.25,0.004121,False,,,,Final note only says diet/exercise was tried 'earlier this year'; no current modification documented.,The documented lifestyle plan was stopped in February. The August note describes diet and exercise as earlier efforts but does not document an ongoing or planned lifestyle modification within 180 days of the request.
main_gpt,GLP1-036__UHC_WEGOVY_P1114_22_2026_09_01,GLP1-036,UHC_WEGOVY_P1114_22_2026_09_01,gpt,bmi_threshold,deterministic,hard,program_discontinuation,PASS,PASS,True,gpt,1.0,,,,Observation/GLP1-036-BMI-2026-08-08,,,15064.3,1014.25,209.25,0.004121,False,,,,Latest structured BMI 36.1 (2026-08-08).,"The latest structured BMI is 36.1 kg/m², exceeding the threshold of 30 without requiring a comorbidity."
main_gpt,GLP1-037__AETNA_WEGOVY_4774C_2026_08_20,GLP1-037,AETNA_WEGOVY_4774C_2026_08_20,gpt,age,deterministic,hard,noncontinuous_duration,PASS,PASS,True,gpt,1.0,,,,Patient/GLP1-037,,,8935.9,733.0,134.0,0.002806,False,,,,Age 42 on 2026-09-01 (min 18).,"The patient was 42 on the request date, exceeding the minimum age of 18."
main_gpt,GLP1-037__AETNA_WEGOVY_4774C_2026_08_20,GLP1-037,AETNA_WEGOVY_4774C_2026_08_20,gpt,indication,deterministic,hard,noncontinuous_duration,PASS,PASS,True,gpt,1.0,,,,MedicationRequest/GLP1-037-WEGOVY-REQ;DocumentReference/GLP1-037-PCP-003,,,8935.9,733.0,134.0,0.002806,False,,,,Initial Wegovy request for chronic weight management.,"The request is for chronic weight management, and the recent visit documents a request for medication after limited weight loss."
main_gpt,GLP1-037__AETNA_WEGOVY_4774C_2026_08_20,GLP1-037,AETNA_WEGOVY_4774C_2026_08_20,gpt,adjunct_diet_and_activity,semantic,hard,noncontinuous_duration,PASS,PASS,True,gpt,0.97,,,DocumentReference/GLP1-037-MSG-002;DocumentReference/GLP1-037-ORTH-001;DocumentReference/GLP1-037-PCP-001;DocumentReference/GLP1-037-PCP-002;DocumentReference/GLP1-037-PCP-003,DocumentReference/GLP1-037-PCP-003;DocumentReference/GLP1-037-PCP-002,True,True,8935.9,733.0,134.0,0.002806,False,,,,Diet and walking documented at the request.,The August 28 note documents that the patient is back on a calorie-tracking diet and walking plan since July.
main_gpt,GLP1-037__AETNA_WEGOVY_4774C_2026_08_20,GLP1-037,AETNA_WEGOVY_4774C_2026_08_20,gpt,program_6_months,semantic_temporal,hard,noncontinuous_duration,FAIL,FAIL,True,gpt,0.99,,,DocumentReference/GLP1-037-MSG-002;DocumentReference/GLP1-037-ORTH-001;DocumentReference/GLP1-037-PCP-001;DocumentReference/GLP1-037-PCP-002;DocumentReference/GLP1-037-PCP-003,DocumentReference/GLP1-037-PCP-001;DocumentReference/GLP1-037-MSG-002;DocumentReference/GLP1-037-PCP-002;DocumentReference/GLP1-037-PCP-003,True,True,8935.9,733.0,134.0,0.002806,False,,,,Longest continuous period ~3 months (Jan–Mar); restarted July; total ~5 months.,The patient stopped the program in March and resumed the plan and coaching in July. Neither documented period establishes six continuous months of participation before drug therapy.
main_gpt,GLP1-037__AETNA_WEGOVY_4774C_2026_08_20,GLP1-037,AETNA_WEGOVY_4774C_2026_08_20,gpt,bmi_threshold,deterministic,hard,noncontinuous_duration,PASS,PASS,True,gpt,1.0,,,,Observation/GLP1-037-BMI-2026-08-28,,,8935.9,733.0,134.0,0.002806,False,,,,Latest structured BMI 34.9 (2026-08-28).,"The latest structured BMI before the request is 34.9 kg/m², above the threshold of 30."
main_gpt,GLP1-037__BCBS_FEP_WEGOVY_2026_07_01,GLP1-037,BCBS_FEP_WEGOVY_2026_07_01,gpt,age,deterministic,hard,noncontinuous_duration,PASS,PASS,True,gpt,1.0,,,,Patient/GLP1-037,,,10398.5,697.666667,116.5,0.00256,False,,,,Age 42 on 2026-09-01 (min 18).,"Born 1983-12-08, the patient was 42 on the 2026-09-01 request date."
main_gpt,GLP1-037__BCBS_FEP_WEGOVY_2026_07_01,GLP1-037,BCBS_FEP_WEGOVY_2026_07_01,gpt,indication,deterministic,hard,noncontinuous_duration,PASS,PASS,True,gpt,1.0,,,,MedicationRequest/GLP1-037-WEGOVY-REQ;DocumentReference/GLP1-037-PCP-003,,,10398.5,697.666667,116.5,0.00256,False,,,,Initial Wegovy request for chronic weight management.,"The request is for Wegovy for chronic weight management, and the clinician plans treatment for obesity."
main_gpt,GLP1-037__BCBS_FEP_WEGOVY_2026_07_01,GLP1-037,BCBS_FEP_WEGOVY_2026_07_01,gpt,bmi_threshold,deterministic,hard,noncontinuous_duration,PASS,PASS,True,gpt,1.0,,,,Observation/GLP1-037-BMI-2026-08-28,,,10398.5,697.666667,116.5,0.00256,False,,,,Latest structured BMI 34.9 (2026-08-28).,"The latest structured BMI before the request was 34.9, exceeding the threshold of 30."
main_gpt,GLP1-037__BCBS_FEP_WEGOVY_2026_07_01,GLP1-037,BCBS_FEP_WEGOVY_2026_07_01,gpt,weight_management_program,semantic,hard,noncontinuous_duration,PASS,PASS,True,gpt,0.98,,,DocumentReference/GLP1-037-MSG-002;DocumentReference/GLP1-037-PCP-001;DocumentReference/GLP1-037-PCP-002;DocumentReference/GLP1-037-PCP-003,DocumentReference/GLP1-037-PCP-001;DocumentReference/GLP1-037-MSG-002;DocumentReference/GLP1-037-PCP-002;DocumentReference/GLP1-037-PCP-003,True,True,10398.5,697.666667,116.5,0.00256,False,,,,Enrolled in employer program in January (literal reading).,The patient reported stopping attendance at a weight program in March and was back in program coaching by August. The documented plan also included calorie reduction and physical activity; the interruption does not negate past participation.
main_gpt,GLP1-037__BCBS_FEP_WEGOVY_2026_07_01,GLP1-037,BCBS_FEP_WEGOVY_2026_07_01,gpt,no_concurrent_glp1,medication_reconciliation,hard,noncontinuous_duration,PASS,PASS,True,gpt,0.96,,,DocumentReference/GLP1-037-MSG-002;DocumentReference/GLP1-037-ORTH-001;DocumentReference/GLP1-037-PCP-003;DocumentReference/GLP1-037-PHARM-001,MedicationRequest/GLP1-037-OMEPRAZOLE;MedicationRequest/GLP1-037-SERTRALINE;MedicationRequest/GLP1-037-WEGOVY-REQ;DocumentReference/GLP1-037-PCP-003,,,10398.5,697.666667,116.5,0.00256,False,,,,No GLP-1 or anti-obesity medication in structured data or notes.,No other GLP-1 therapy is documented among the active medications or in the latest treatment note. The draft Wegovy order is excluded from concurrent therapy.
main_gpt,GLP1-037__BCBS_FEP_WEGOVY_2026_07_01,GLP1-037,BCBS_FEP_WEGOVY_2026_07_01,gpt,no_concurrent_pa_weight_loss_med,medication_reconciliation,hard,noncontinuous_duration,PASS,PASS,True,gpt,0.96,,,DocumentReference/GLP1-037-MSG-002;DocumentReference/GLP1-037-ORTH-001;DocumentReference/GLP1-037-PCP-003;DocumentReference/GLP1-037-PHARM-001,MedicationRequest/GLP1-037-OMEPRAZOLE;MedicationRequest/GLP1-037-SERTRALINE;MedicationRequest/GLP1-037-WEGOVY-REQ;DocumentReference/GLP1-037-PCP-003,,,10398.5,697.666667,116.5,0.00256,False,,,,No PA weight-loss medication in structured data or notes.,No other Appendix 2 weight-loss medication is documented among the active medications or in the latest treatment note. The draft Wegovy order is excluded from concurrent therapy.
main_gpt,GLP1-037__UHC_WEGOVY_P1114_22_2026_09_01,GLP1-037,UHC_WEGOVY_P1114_22_2026_09_01,gpt,age,deterministic,hard,noncontinuous_duration,PASS,PASS,True,gpt,1.0,,,,Patient/GLP1-037,,,7094.0,828.25,117.5,0.002831,False,,,,Age 42 on 2026-09-01 (min 12).,"Born December 8, 1983, the patient was 42 on the September 1, 2026 request date."
main_gpt,GLP1-037__UHC_WEGOVY_P1114_22_2026_09_01,GLP1-037,UHC_WEGOVY_P1114_22_2026_09_01,gpt,indication,deterministic,hard,noncontinuous_duration,PASS,PASS,True,gpt,1.0,,,,MedicationRequest/GLP1-037-WEGOVY-REQ,,,7094.0,828.25,117.5,0.002831,False,,,,Initial Wegovy request for chronic weight management.,"The PA request specifies chronic weight management, and the requested order is for Wegovy."
main_gpt,GLP1-037__UHC_WEGOVY_P1114_22_2026_09_01,GLP1-037,UHC_WEGOVY_P1114_22_2026_09_01,gpt,lifestyle_adjunct,semantic,hard,noncontinuous_duration,PASS,PASS,True,gpt,0.99,,,DocumentReference/GLP1-037-MSG-002;DocumentReference/GLP1-037-ORTH-001;DocumentReference/GLP1-037-PCP-001;DocumentReference/GLP1-037-PCP-002;DocumentReference/GLP1-037-PCP-003,DocumentReference/GLP1-037-PCP-003,True,True,7094.0,828.25,117.5,0.002831,False,,,,Back on diet and walking plan since July.,The August 28 note documents that the patient has been following a diet and walking plan since July and is back in program coaching.
main_gpt,GLP1-037__UHC_WEGOVY_P1114_22_2026_09_01,GLP1-037,UHC_WEGOVY_P1114_22_2026_09_01,gpt,bmi_threshold,deterministic,hard,noncontinuous_duration,PASS,PASS,True,gpt,1.0,,,,Observation/GLP1-037-BMI-2026-08-28,,,7094.0,828.25,117.5,0.002831,False,,,,Latest structured BMI 34.9 (2026-08-28).,"The latest structured BMI is 34.9, exceeding the threshold of 30 without requiring a comorbidity."
main_gpt,GLP1-038__AETNA_WEGOVY_4774C_2026_08_20,GLP1-038,AETNA_WEGOVY_4774C_2026_08_20,gpt,age,deterministic,hard,contradiction;medication_reconciliation,PASS,PASS,True,gpt,1.0,,,,Patient/GLP1-038,,,8956.3,730.2,114.0,0.0026,False,,,,Age 49 on 2026-09-01 (min 18).,"The patient was 49 on the September 1, 2026 request date."
main_gpt,GLP1-038__AETNA_WEGOVY_4774C_2026_08_20,GLP1-038,AETNA_WEGOVY_4774C_2026_08_20,gpt,indication,deterministic,hard,contradiction;medication_reconciliation,PASS,PASS,True,gpt,1.0,,,,MedicationRequest/GLP1-038-WEGOVY-REQ,,,8956.3,730.2,114.0,0.0026,False,,,,Initial Wegovy request for chronic weight management.,The PA requests Wegovy for chronic weight management.
main_gpt,GLP1-038__AETNA_WEGOVY_4774C_2026_08_20,GLP1-038,AETNA_WEGOVY_4774C_2026_08_20,gpt,adjunct_diet_and_activity,semantic,hard,contradiction;medication_reconciliation,PASS,PASS,True,gpt,0.99,,,DocumentReference/GLP1-038-LAB-003;DocumentReference/GLP1-038-NUTR-001;DocumentReference/GLP1-038-NUTR-002;DocumentReference/GLP1-038-PCP-001;DocumentReference/GLP1-038-PCP-002;DocumentReference/GLP1-038-PCP-003,DocumentReference/GLP1-038-PCP-001;DocumentReference/GLP1-038-PCP-003,True,,8956.3,730.2,114.0,0.0026,False,,,,Final note documents continued diet AND exercise.,"The August 12 note, within 180 days of the request, documents continued adherence to the reduced-calorie diet and exercise plan alongside the proposed Wegovy treatment."
main_gpt,GLP1-038__AETNA_WEGOVY_4774C_2026_08_20,GLP1-038,AETNA_WEGOVY_4774C_2026_08_20,gpt,program_6_months,semantic_temporal,hard,contradiction;medication_reconciliation,PASS,PASS,True,gpt,0.98,,,DocumentReference/GLP1-038-LAB-003;DocumentReference/GLP1-038-NUTR-001;DocumentReference/GLP1-038-NUTR-002;DocumentReference/GLP1-038-PCP-001;DocumentReference/GLP1-038-PCP-002;DocumentReference/GLP1-038-PCP-003,DocumentReference/GLP1-038-PCP-001;DocumentReference/GLP1-038-NUTR-001;DocumentReference/GLP1-038-PCP-002;DocumentReference/GLP1-038-NUTR-002;DocumentReference/GLP1-038-PCP-003,True,,8956.3,730.2,114.0,0.0026,False,,,,"Continuous program with diet, activity and follow-up; duration computed from dated events. 2025-12-12 -> 2026-08-12 = 8 whole months (min 6).","Dietitian-led program participation is documented from January 5 through August 12, exceeding six whole calendar months. Notes document a reduced-calorie diet, walking, and continuing follow-up, with no documented interruption."
main_gpt,GLP1-038__AETNA_WEGOVY_4774C_2026_08_20,GLP1-038,AETNA_WEGOVY_4774C_2026_08_20,gpt,bmi_threshold,deterministic,hard,contradiction;medication_reconciliation,PASS,PASS,True,gpt,1.0,,,,Observation/GLP1-038-BMI-2026-08-12,,,8956.3,730.2,114.0,0.0026,False,,,,Latest structured BMI 31.5 (2026-08-12).,"The latest structured BMI before the request is 31.5 kg/m², meeting the threshold of 30 without requiring a comorbidity."
main_gpt,GLP1-038__BCBS_FEP_WEGOVY_2026_07_01,GLP1-038,BCBS_FEP_WEGOVY_2026_07_01,gpt,age,deterministic,hard,contradiction;medication_reconciliation,PASS,PASS,True,gpt,1.0,,,,Patient/GLP1-038,,,11439.8,708.5,117.0,0.002587,False,,,,Age 49 on 2026-09-01 (min 18).,The patient was 49 years old on the 2026-09-01 request date.
main_gpt,GLP1-038__BCBS_FEP_WEGOVY_2026_07_01,GLP1-038,BCBS_FEP_WEGOVY_2026_07_01,gpt,indication,deterministic,hard,contradiction;medication_reconciliation,PASS,PASS,True,gpt,1.0,,,,MedicationRequest/GLP1-038-WEGOVY-REQ,,,11439.8,708.5,117.0,0.002587,False,,,,Initial Wegovy request for chronic weight management.,The request is for Wegovy for chronic weight management.
main_gpt,GLP1-038__BCBS_FEP_WEGOVY_2026_07_01,GLP1-038,BCBS_FEP_WEGOVY_2026_07_01,gpt,bmi_threshold,deterministic,hard,contradiction;medication_reconciliation,PASS,PASS,True,gpt,1.0,,,,Observation/GLP1-038-BMI-2026-08-12,,,11439.8,708.5,117.0,0.002587,False,,,,Latest structured BMI 31.5 (2026-08-12).,"The latest structured BMI before the request date is 31.5 kg/m², meeting the BMI ≥30 threshold."
main_gpt,GLP1-038__BCBS_FEP_WEGOVY_2026_07_01,GLP1-038,BCBS_FEP_WEGOVY_2026_07_01,gpt,weight_management_program,semantic,hard,contradiction;medication_reconciliation,PASS,PASS,True,gpt,0.99,,,DocumentReference/GLP1-038-NUTR-001;DocumentReference/GLP1-038-NUTR-002;DocumentReference/GLP1-038-PCP-001;DocumentReference/GLP1-038-PCP-003,DocumentReference/GLP1-038-NUTR-001;DocumentReference/GLP1-038-NUTR-002;DocumentReference/GLP1-038-PCP-003,True,,11439.8,708.5,117.0,0.002587,False,,,,Enrolled in a comprehensive program with dietitian visits and follow-ups.,"Dietitian-led program intake and follow-up document participation in a reduced-calorie eating plan, food logging, and walking."
main_gpt,GLP1-038__BCBS_FEP_WEGOVY_2026_07_01,GLP1-038,BCBS_FEP_WEGOVY_2026_07_01,gpt,no_concurrent_glp1,medication_reconciliation,hard,contradiction;medication_reconciliation,PASS,PASS,True,gpt,0.98,,,DocumentReference/GLP1-038-NUTR-002;DocumentReference/GLP1-038-PCP-003;DocumentReference/GLP1-038-PHARM-001;DocumentReference/GLP1-038-TEL-001,MedicationRequest/GLP1-038-OZEMPIC;DocumentReference/GLP1-038-PCP-003;MedicationRequest/GLP1-038-WEGOVY-REQ,True,,11439.8,708.5,117.0,0.002587,False,,,,Structured Ozempic order still 'active' (2025-10) but newer explicit note (2026-08) says stopped ~2 months ago; newer explicit evidence wins.,"Although an older Ozempic order remains marked active, the newer clinical note explicitly says it was stopped about two months earlier and is not currently taken. The draft Wegovy order is excluded from concurrent therapy."
main_gpt,GLP1-038__BCBS_FEP_WEGOVY_2026_07_01,GLP1-038,BCBS_FEP_WEGOVY_2026_07_01,gpt,no_concurrent_pa_weight_loss_med,medication_reconciliation,hard,contradiction;medication_reconciliation,PASS,PASS,True,gpt,0.97,,,DocumentReference/GLP1-038-NUTR-002;DocumentReference/GLP1-038-PCP-003;DocumentReference/GLP1-038-PHARM-001;DocumentReference/GLP1-038-TEL-001,MedicationRequest/GLP1-038-OZEMPIC;DocumentReference/GLP1-038-PCP-003;MedicationRequest/GLP1-038-WEGOVY-REQ,True,,11439.8,708.5,117.0,0.002587,False,,,,Ozempic is not on the PA weight-loss list; no other agents.,No concurrent medication from the policy's Appendix 2 weight-loss list is documented; Ozempic is not on that list and was also reported stopped. The draft Wegovy order is excluded.
main_gpt,GLP1-038__UHC_WEGOVY_P1114_22_2026_09_01,GLP1-038,UHC_WEGOVY_P1114_22_2026_09_01,gpt,age,deterministic,hard,contradiction;medication_reconciliation,PASS,PASS,True,gpt,1.0,,,,Patient/GLP1-038,,,6955.6,824.75,96.25,0.002612,False,,,,Age 49 on 2026-09-01 (min 12).,"Born 1977-06-23, the patient was 49 on the 2026-09-01 request date, exceeding the minimum age of 12."
main_gpt,GLP1-038__UHC_WEGOVY_P1114_22_2026_09_01,GLP1-038,UHC_WEGOVY_P1114_22_2026_09_01,gpt,indication,deterministic,hard,contradiction;medication_reconciliation,PASS,PASS,True,gpt,1.0,,,,MedicationRequest/GLP1-038-WEGOVY-REQ,,,6955.6,824.75,96.25,0.002612,False,,,,Initial Wegovy request for chronic weight management.,The PA request identifies chronic weight management as the indication for Wegovy.
main_gpt,GLP1-038__UHC_WEGOVY_P1114_22_2026_09_01,GLP1-038,UHC_WEGOVY_P1114_22_2026_09_01,gpt,lifestyle_adjunct,semantic,hard,contradiction;medication_reconciliation,PASS,PASS,True,gpt,0.99,,,DocumentReference/GLP1-038-LAB-003;DocumentReference/GLP1-038-NUTR-001;DocumentReference/GLP1-038-NUTR-002;DocumentReference/GLP1-038-PCP-001;DocumentReference/GLP1-038-PCP-002;DocumentReference/GLP1-038-PCP-003,DocumentReference/GLP1-038-PCP-003,True,,6955.6,824.75,96.25,0.002612,False,,,,Final note documents continued diet and exercise.,"The 2026-08-12 note documents that the patient continues a diet and exercise plan and dietitian follow-ups, within 180 days of the request."
main_gpt,GLP1-038__UHC_WEGOVY_P1114_22_2026_09_01,GLP1-038,UHC_WEGOVY_P1114_22_2026_09_01,gpt,bmi_threshold,deterministic,hard,contradiction;medication_reconciliation,PASS,PASS,True,gpt,1.0,,,,Observation/GLP1-038-BMI-2026-08-12,,,6955.6,824.75,96.25,0.002612,False,,,,Latest structured BMI 31.5 (2026-08-12).,"The latest structured BMI is 31.5 kg/m², meeting the BMI ≥30 pathway without a comorbidity requirement."
main_gpt,GLP1-039__AETNA_WEGOVY_4774C_2026_08_20,GLP1-039,AETNA_WEGOVY_4774C_2026_08_20,gpt,age,deterministic,hard,stale_medication,PASS,PASS,True,gpt,1.0,,,,Patient/GLP1-039,,,16800.7,884.2,237.8,0.004146,False,,,,Age 56 on 2026-09-01 (min 18).,"The patient was 56 on the request date, exceeding the minimum age of 18."
main_gpt,GLP1-039__AETNA_WEGOVY_4774C_2026_08_20,GLP1-039,AETNA_WEGOVY_4774C_2026_08_20,gpt,indication,deterministic,hard,stale_medication,PASS,PASS,True,gpt,1.0,,,,MedicationRequest/GLP1-039-WEGOVY-REQ;DocumentReference/GLP1-039-PCP-003,,,16800.7,884.2,237.8,0.004146,False,,,,Initial Wegovy request for chronic weight management.,"The request is for chronic weight management, and the clinician plans Wegovy for obesity."
main_gpt,GLP1-039__AETNA_WEGOVY_4774C_2026_08_20,GLP1-039,AETNA_WEGOVY_4774C_2026_08_20,gpt,adjunct_diet_and_activity,semantic,hard,stale_medication,PASS,PASS,True,gpt,0.98,,,DocumentReference/GLP1-039-NUTR-001;DocumentReference/GLP1-039-NUTR-002;DocumentReference/GLP1-039-ORTH-001;DocumentReference/GLP1-039-PCP-001;DocumentReference/GLP1-039-PCP-002;DocumentReference/GLP1-039-PCP-003,DocumentReference/GLP1-039-NUTR-002;DocumentReference/GLP1-039-PCP-003,True,,16800.7,884.2,237.8,0.004146,False,,,,Final note documents continued diet AND exercise.,"Within 180 days of the request, notes document continued adherence to the reduced-calorie diet and walking plan. The clinician plans to continue that plan with Wegovy."
main_gpt,GLP1-039__AETNA_WEGOVY_4774C_2026_08_20,GLP1-039,AETNA_WEGOVY_4774C_2026_08_20,gpt,program_6_months,semantic_temporal,hard,stale_medication,PASS,CONFLICT,False,gpt,0.94,,,DocumentReference/GLP1-039-NUTR-001;DocumentReference/GLP1-039-NUTR-002;DocumentReference/GLP1-039-ORTH-001;DocumentReference/GLP1-039-PCP-001;DocumentReference/GLP1-039-PCP-003,DocumentReference/GLP1-039-PCP-001;DocumentReference/GLP1-039-NUTR-001;DocumentReference/GLP1-039-PCP-002;DocumentReference/GLP1-039-NUTR-002;DocumentReference/GLP1-039-PCP-003;MedicationStatement/GLP1-039-WEGOVY-2023,True,,16800.7,884.2,237.8,0.004146,False,,SEMANTIC_INTERPRETATION,MODEL_OVERCONFIDENCE,"Continuous program with diet, activity and follow-up; duration computed from dated events. 2025-11-09 -> 2026-08-09 = 9 whole months (min 6).","Notes document continuous diet, activity, and program follow-up from November 2025 through August 2026. However, an active Wegovy statement dating to 2024 conflicts with the August 2026 medication review reporting no other injections, leaving it unclear whether the program preceded drug therapy."
main_gpt,GLP1-039__AETNA_WEGOVY_4774C_2026_08_20,GLP1-039,AETNA_WEGOVY_4774C_2026_08_20,gpt,bmi_threshold,deterministic,hard,stale_medication,PASS,PASS,True,gpt,1.0,,,,Observation/GLP1-039-BMI-2026-08-09,,,16800.7,884.2,237.8,0.004146,False,,,,Latest structured BMI 33.0 (2026-08-09).,"The latest structured BMI before the request is 33.0 kg/m², meeting the threshold of 30 without a comorbidity requirement."
main_gpt,GLP1-039__BCBS_FEP_WEGOVY_2026_07_01,GLP1-039,BCBS_FEP_WEGOVY_2026_07_01,gpt,age,deterministic,hard,stale_medication,PASS,PASS,True,gpt,1.0,,,,Patient/GLP1-039,,,12108.0,822.666667,146.833333,0.003114,False,,,,Age 56 on 2026-09-01 (min 18).,"The patient was 56 years old on the request date, meeting the adult age requirement."
main_gpt,GLP1-039__BCBS_FEP_WEGOVY_2026_07_01,GLP1-039,BCBS_FEP_WEGOVY_2026_07_01,gpt,indication,deterministic,hard,stale_medication,PASS,PASS,True,gpt,1.0,,,,MedicationRequest/GLP1-039-WEGOVY-REQ;DocumentReference/GLP1-039-PCP-003,,,12108.0,822.666667,146.833333,0.003114,False,,,,Initial Wegovy request for chronic weight management.,"The request is for initial Wegovy treatment for chronic weight management, consistent with the documented obesity treatment plan."
main_gpt,GLP1-039__BCBS_FEP_WEGOVY_2026_07_01,GLP1-039,BCBS_FEP_WEGOVY_2026_07_01,gpt,bmi_threshold,deterministic,hard,stale_medication,PASS,PASS,True,gpt,1.0,,,,Observation/GLP1-039-BMI-2026-08-09,,,12108.0,822.666667,146.833333,0.003114,False,,,,Latest structured BMI 33.0 (2026-08-09).,"The latest structured BMI before the request is 33.0 kg/m², exceeding the 30 kg/m² threshold without requiring a comorbidity."
main_gpt,GLP1-039__BCBS_FEP_WEGOVY_2026_07_01,GLP1-039,BCBS_FEP_WEGOVY_2026_07_01,gpt,weight_management_program,semantic,hard,stale_medication,PASS,PASS,True,gpt,0.99,,,DocumentReference/GLP1-039-NUTR-001;DocumentReference/GLP1-039-NUTR-002;DocumentReference/GLP1-039-PCP-001;DocumentReference/GLP1-039-PCP-003,DocumentReference/GLP1-039-PCP-001;DocumentReference/GLP1-039-NUTR-001;DocumentReference/GLP1-039-NUTR-002;DocumentReference/GLP1-039-PCP-003,True,,12108.0,822.666667,146.833333,0.003114,False,,,,Enrolled in a comprehensive program with dietitian visits and follow-ups.,"The patient enrolled in a lifestyle modification program in November 2025, with documented dietary changes, walking, dietitian follow-up, and continued program visits."
main_gpt,GLP1-039__BCBS_FEP_WEGOVY_2026_07_01,GLP1-039,BCBS_FEP_WEGOVY_2026_07_01,gpt,no_concurrent_glp1,medication_reconciliation,hard,stale_medication,PASS,PASS,True,gpt,0.96,,,DocumentReference/GLP1-039-NUTR-002;DocumentReference/GLP1-039-ORTH-001;DocumentReference/GLP1-039-PCP-003;DocumentReference/GLP1-039-PHARM-001,MedicationStatement/GLP1-039-WEGOVY-2023;DocumentReference/GLP1-039-PCP-003;MedicationRequest/GLP1-039-WEGOVY-REQ,True,,12108.0,822.666667,146.833333,0.003114,False,,,,Stale 2023 Wegovy statement never closed; current (2026-08) medication review lists no GLP-1; newer explicit evidence wins.,"Although an older Wegovy medication statement remains marked active, the newer patient-reviewed medication list states there are no other prescriptions or injections. The draft Wegovy order under review is excluded."
main_gpt,GLP1-039__BCBS_FEP_WEGOVY_2026_07_01,GLP1-039,BCBS_FEP_WEGOVY_2026_07_01,gpt,no_concurrent_pa_weight_loss_med,medication_reconciliation,hard,stale_medication,PASS,PASS,True,gpt,0.96,,,DocumentReference/GLP1-039-NUTR-002;DocumentReference/GLP1-039-ORTH-001;DocumentReference/GLP1-039-PCP-003;DocumentReference/GLP1-039-PHARM-001,MedicationStatement/GLP1-039-WEGOVY-2023;DocumentReference/GLP1-039-PCP-003;MedicationRequest/GLP1-039-WEGOVY-REQ,True,,12108.0,822.666667,146.833333,0.003114,False,,,,Same: current reconciliation lists no weight-loss medication.,"The newer patient-reviewed medication list, including the statement of no other prescriptions or injections, supersedes the older active Wegovy statement. The requested draft order is excluded, and no concurrent Appendix 2 medication is documented."
main_gpt,GLP1-039__UHC_WEGOVY_P1114_22_2026_09_01,GLP1-039,UHC_WEGOVY_P1114_22_2026_09_01,gpt,age,deterministic,hard,stale_medication,PASS,PASS,True,gpt,1.0,,,,Patient/GLP1-039,,,7171.7,1017.25,128.25,0.003317,False,,,,Age 56 on 2026-09-01 (min 12).,"The recorded birth date is June 29, 1970, making the patient 56 on the request date."
main_gpt,GLP1-039__UHC_WEGOVY_P1114_22_2026_09_01,GLP1-039,UHC_WEGOVY_P1114_22_2026_09_01,gpt,indication,deterministic,hard,stale_medication,PASS,PASS,True,gpt,1.0,,,,MedicationRequest/GLP1-039-WEGOVY-REQ;DocumentReference/GLP1-039-PCP-003,,,7171.7,1017.25,128.25,0.003317,False,,,,Initial Wegovy request for chronic weight management.,"The request is for chronic weight management, and the prescribing note plans Wegovy for obesity."
main_gpt,GLP1-039__UHC_WEGOVY_P1114_22_2026_09_01,GLP1-039,UHC_WEGOVY_P1114_22_2026_09_01,gpt,lifestyle_adjunct,semantic,hard,stale_medication,PASS,PASS,True,gpt,0.99,,,DocumentReference/GLP1-039-NUTR-001;DocumentReference/GLP1-039-NUTR-002;DocumentReference/GLP1-039-ORTH-001;DocumentReference/GLP1-039-PCP-001;DocumentReference/GLP1-039-PCP-003,DocumentReference/GLP1-039-PCP-003;DocumentReference/GLP1-039-NUTR-002,True,,7171.7,1017.25,128.25,0.003317,False,,,,Final note documents continued diet and exercise.,"The August 9 note documents continued diet, exercise, and program visits and directs the patient to continue the plan with Wegovy. This documentation is within 180 days of the request."
main_gpt,GLP1-039__UHC_WEGOVY_P1114_22_2026_09_01,GLP1-039,UHC_WEGOVY_P1114_22_2026_09_01,gpt,bmi_threshold,deterministic,hard,stale_medication,PASS,PASS,True,gpt,1.0,,,,Observation/GLP1-039-BMI-2026-08-09,,,7171.7,1017.25,128.25,0.003317,False,,,,Latest structured BMI 33.0 (2026-08-09).,"The latest structured BMI is 33.0 kg/m², meeting the BMI ≥30 threshold without requiring a comorbidity."
main_gpt,GLP1-040__AETNA_WEGOVY_4774C_2026_08_20,GLP1-040,AETNA_WEGOVY_4774C_2026_08_20,gpt,age,deterministic,hard,structured_narrative_conflict,PASS,PASS,True,gpt,1.0,,,,Patient/GLP1-040,,,11867.5,721.4,174.8,0.003191,False,,,,Age 28 on 2026-09-01 (min 18).,The patient was 28 on the 2026-09-01 request date.
main_gpt,GLP1-040__AETNA_WEGOVY_4774C_2026_08_20,GLP1-040,AETNA_WEGOVY_4774C_2026_08_20,gpt,indication,deterministic,hard,structured_narrative_conflict,PASS,PASS,True,gpt,1.0,,,,MedicationRequest/GLP1-040-WEGOVY-REQ;DocumentReference/GLP1-040-PCP-003,,,11867.5,721.4,174.8,0.003191,False,,,,Initial Wegovy request for chronic weight management.,"Wegovy is requested for chronic weight management, and the recent visit documents a request for weight-loss medication."
main_gpt,GLP1-040__AETNA_WEGOVY_4774C_2026_08_20,GLP1-040,AETNA_WEGOVY_4774C_2026_08_20,gpt,adjunct_diet_and_activity,semantic,hard,structured_narrative_conflict,PASS,PASS,True,gpt,0.98,,,DocumentReference/GLP1-040-NUTR-001;DocumentReference/GLP1-040-NUTR-002;DocumentReference/GLP1-040-PCP-001;DocumentReference/GLP1-040-PCP-002;DocumentReference/GLP1-040-PCP-003,DocumentReference/GLP1-040-PCP-003;DocumentReference/GLP1-040-NUTR-002;DocumentReference/GLP1-040-NUTR-001,True,,11867.5,721.4,174.8,0.003191,False,,,,Final note documents continued diet AND exercise.,The August 11 note reports continued adherence to the diet and exercise plan; the nutrition notes describe its reduced-calorie diet and gym routine.
main_gpt,GLP1-040__AETNA_WEGOVY_4774C_2026_08_20,GLP1-040,AETNA_WEGOVY_4774C_2026_08_20,gpt,program_6_months,semantic_temporal,hard,structured_narrative_conflict,PASS,PASS,True,gpt,0.98,,,DocumentReference/GLP1-040-NUTR-001;DocumentReference/GLP1-040-NUTR-002;DocumentReference/GLP1-040-PCP-001;DocumentReference/GLP1-040-PCP-002;DocumentReference/GLP1-040-PCP-003,DocumentReference/GLP1-040-PCP-001;DocumentReference/GLP1-040-NUTR-001;DocumentReference/GLP1-040-PCP-002;DocumentReference/GLP1-040-NUTR-002;DocumentReference/GLP1-040-PCP-003,True,,11867.5,721.4,174.8,0.003191,False,,,,"Continuous program with diet, activity and follow-up; duration computed from dated events. 2025-12-11 -> 2026-08-11 = 8 whole months (min 6).","The structured program began in December 2025 and included diet, activity, and coaching or follow-up; participation remained documented through August 11, 2026, exceeding six continuous calendar months."
main_gpt,GLP1-040__AETNA_WEGOVY_4774C_2026_08_20,GLP1-040,AETNA_WEGOVY_4774C_2026_08_20,gpt,bmi_threshold,deterministic,hard,structured_narrative_conflict,FAIL,INSUFFICIENT,False,gpt,0.96,,,,Observation/GLP1-040-BMI-2026-08-11;Condition/GLP1-040-ALLERGY;Condition/GLP1-040-ANX;Condition/GLP1-040-MIGRAINE;Condition/GLP1-040-OVERWT,,,11867.5,721.4,174.8,0.003191,False,,MISSING_NOT_NEGATIVE,MODEL_OVERCONFIDENCE,Latest structured BMI 29.7 (2026-08-11). In 27–30 band; comorbidity: FAIL — No weight-related comorbidity.,"The latest structured BMI is 29.7, below 30. The alternative BMI ≥27 pathway requires a documented weight-related comorbidity, which the supplied conditions do not establish."
main_gpt,GLP1-040__BCBS_FEP_WEGOVY_2026_07_01,GLP1-040,BCBS_FEP_WEGOVY_2026_07_01,gpt,age,deterministic,hard,structured_narrative_conflict,PASS,PASS,True,gpt,1.0,,,,Patient/GLP1-040,,,16197.0,722.666667,168.166667,0.003127,False,,,,Age 28 on 2026-09-01 (min 18).,"Born May 19, 1998, the patient is 28 on the September 1, 2026 request date."
main_gpt,GLP1-040__BCBS_FEP_WEGOVY_2026_07_01,GLP1-040,BCBS_FEP_WEGOVY_2026_07_01,gpt,indication,deterministic,hard,structured_narrative_conflict,PASS,PASS,True,gpt,1.0,,,,MedicationRequest/GLP1-040-WEGOVY-REQ;DocumentReference/GLP1-040-PCP-003,,,16197.0,722.666667,168.166667,0.003127,False,,,,Initial Wegovy request for chronic weight management.,"The request is for Wegovy for chronic weight management, consistent with the PCP's plan to treat overweight."
main_gpt,GLP1-040__BCBS_FEP_WEGOVY_2026_07_01,GLP1-040,BCBS_FEP_WEGOVY_2026_07_01,gpt,bmi_threshold,deterministic,hard,structured_narrative_conflict,FAIL,INSUFFICIENT,False,gpt,0.93,,,,Observation/GLP1-040-BMI-2026-08-11;Condition/GLP1-040-OVERWT;DocumentReference/GLP1-040-PCP-003,,,16197.0,722.666667,168.166667,0.003127,False,,MISSING_NOT_NEGATIVE,MODEL_OVERCONFIDENCE,Latest structured BMI 29.7 (2026-08-11). In 27–30 band; comorbidity: FAIL — No weight-related comorbidity.,"The latest structured BMI is 29.7, so a qualifying cardiovascular or weight-related condition is required. None is documented in the provided active conditions or notes; the outside clinic's higher BMI does not replace the latest structured observation."
main_gpt,GLP1-040__BCBS_FEP_WEGOVY_2026_07_01,GLP1-040,BCBS_FEP_WEGOVY_2026_07_01,gpt,weight_management_program,semantic,hard,structured_narrative_conflict,PASS,PASS,True,gpt,0.99,,,DocumentReference/GLP1-040-NUTR-001;DocumentReference/GLP1-040-NUTR-002;DocumentReference/GLP1-040-PCP-001;DocumentReference/GLP1-040-PCP-002;DocumentReference/GLP1-040-PCP-003,DocumentReference/GLP1-040-PCP-001;DocumentReference/GLP1-040-NUTR-001;DocumentReference/GLP1-040-PCP-002;DocumentReference/GLP1-040-NUTR-002;DocumentReference/GLP1-040-PCP-003,True,,16197.0,722.666667,168.166667,0.003127,False,,,,Enrolled in a comprehensive program with dietitian visits and follow-ups.,"The employer program's dietitian intake, coaching, food diary, reduced-calorie plan, and exercise plan document participation in a comprehensive program, with subsequent follow-up confirming continuation."
main_gpt,GLP1-040__BCBS_FEP_WEGOVY_2026_07_01,GLP1-040,BCBS_FEP_WEGOVY_2026_07_01,gpt,no_concurrent_glp1,medication_reconciliation,hard,structured_narrative_conflict,PASS,PASS,True,gpt,0.98,,,DocumentReference/GLP1-040-NUTR-002;DocumentReference/GLP1-040-OSR-003;DocumentReference/GLP1-040-PCP-003;DocumentReference/GLP1-040-PHARM-001,DocumentReference/GLP1-040-OSR-003;DocumentReference/GLP1-040-PCP-003;MedicationRequest/GLP1-040-WEGOVY-REQ,,,16197.0,722.666667,168.166667,0.003127,False,,,,No GLP-1 use.,"The outside consultation prescribed no medication, and the PCP describes Wegovy as a new start. The draft Wegovy order is excluded from concurrent therapy."
main_gpt,GLP1-040__BCBS_FEP_WEGOVY_2026_07_01,GLP1-040,BCBS_FEP_WEGOVY_2026_07_01,gpt,no_concurrent_pa_weight_loss_med,medication_reconciliation,hard,structured_narrative_conflict,PASS,PASS,True,gpt,0.98,,,DocumentReference/GLP1-040-NUTR-002;DocumentReference/GLP1-040-OSR-003;DocumentReference/GLP1-040-PCP-003;DocumentReference/GLP1-040-PHARM-001,DocumentReference/GLP1-040-OSR-003;DocumentReference/GLP1-040-PCP-003;MedicationRequest/GLP1-040-WEGOVY-REQ,,,16197.0,722.666667,168.166667,0.003127,False,,,,No weight-loss medication.,"The outside consultation prescribed no medication, and no other Appendix 2 weight-loss medication is documented as current. The draft Wegovy order is excluded."
main_gpt,GLP1-040__UHC_WEGOVY_P1114_22_2026_09_01,GLP1-040,UHC_WEGOVY_P1114_22_2026_09_01,gpt,age,deterministic,hard,structured_narrative_conflict,PASS,PASS,True,gpt,1.0,,,,Patient/GLP1-040,,,12662.9,815.75,234.75,0.003979,False,,,,Age 28 on 2026-09-01 (min 12).,"The patient was 28 years old on the request date, exceeding the minimum age of 12."
main_gpt,GLP1-040__UHC_WEGOVY_P1114_22_2026_09_01,GLP1-040,UHC_WEGOVY_P1114_22_2026_09_01,gpt,indication,deterministic,hard,structured_narrative_conflict,PASS,PASS,True,gpt,1.0,,,,MedicationRequest/GLP1-040-WEGOVY-REQ,,,12662.9,815.75,234.75,0.003979,False,,,,Initial Wegovy request for chronic weight management.,"The PA request identifies chronic weight management as the indication, and the requested Wegovy order is for that treatment."
main_gpt,GLP1-040__UHC_WEGOVY_P1114_22_2026_09_01,GLP1-040,UHC_WEGOVY_P1114_22_2026_09_01,gpt,lifestyle_adjunct,semantic,hard,structured_narrative_conflict,PASS,PASS,True,gpt,0.99,,,DocumentReference/GLP1-040-NUTR-001;DocumentReference/GLP1-040-NUTR-002;DocumentReference/GLP1-040-PCP-001;DocumentReference/GLP1-040-PCP-002;DocumentReference/GLP1-040-PCP-003,DocumentReference/GLP1-040-PCP-003;DocumentReference/GLP1-040-NUTR-002,True,,12662.9,815.75,234.75,0.003979,False,,,,Final note documents continued diet and exercise.,"The August 11 note documents continued diet, exercise, and program coaching. It is within 180 days of the request."
main_gpt,GLP1-040__UHC_WEGOVY_P1114_22_2026_09_01,GLP1-040,UHC_WEGOVY_P1114_22_2026_09_01,gpt,bmi_threshold,deterministic,hard,structured_narrative_conflict,FAIL,INSUFFICIENT,False,gpt,0.89,,,,Observation/GLP1-040-BMI-2026-08-11;Condition/GLP1-040-OVERWT;DocumentReference/GLP1-040-PCP-003,,,12662.9,815.75,234.75,0.003979,False,,MISSING_NOT_NEGATIVE,,Latest structured BMI 29.7 (2026-08-11). In 27–30 band; comorbidity: FAIL — No weight-related comorbidity.,"The latest structured BMI is 29.7, below 30 but above the alternative cutoff of 27. No qualifying weight-related comorbidity is documented to establish eligibility under that alternative."
main_gpt,GLP1-041__AETNA_WEGOVY_4774C_2026_08_20,GLP1-041,AETNA_WEGOVY_4774C_2026_08_20,gpt,age,deterministic,hard,longitudinal_bmi_conflict,PASS,PASS,True,gpt,1.0,,,,Patient/GLP1-041,,,14499.1,816.6,204.2,0.003675,False,,,,Age 35 on 2026-09-01 (min 18).,"The patient was 35 on the September 1, 2026 request date."
main_gpt,GLP1-041__AETNA_WEGOVY_4774C_2026_08_20,GLP1-041,AETNA_WEGOVY_4774C_2026_08_20,gpt,indication,deterministic,hard,longitudinal_bmi_conflict,PASS,PASS,True,gpt,1.0,,,,MedicationRequest/GLP1-041-WEGOVY-REQ,,,14499.1,816.6,204.2,0.003675,False,,,,Initial Wegovy request for chronic weight management.,The request is for Wegovy for chronic weight management.
main_gpt,GLP1-041__AETNA_WEGOVY_4774C_2026_08_20,GLP1-041,AETNA_WEGOVY_4774C_2026_08_20,gpt,adjunct_diet_and_activity,semantic,hard,longitudinal_bmi_conflict,PASS,PASS,True,gpt,0.97,,,DocumentReference/GLP1-041-NUTR-001;DocumentReference/GLP1-041-NUTR-002;DocumentReference/GLP1-041-PCP-001;DocumentReference/GLP1-041-PCP-002;DocumentReference/GLP1-041-PCP-003,DocumentReference/GLP1-041-PCP-001;DocumentReference/GLP1-041-NUTR-002;DocumentReference/GLP1-041-PCP-003,True,,14499.1,816.6,204.2,0.003675,False,,,,Final note documents continued diet AND exercise.,The August 19 note says the patient continues the diet and exercise plan; earlier notes identify it as an approximately 1600-kcal/day diet and a four-day-per-week bike routine.
main_gpt,GLP1-041__AETNA_WEGOVY_4774C_2026_08_20,GLP1-041,AETNA_WEGOVY_4774C_2026_08_20,gpt,program_6_months,semantic_temporal,hard,longitudinal_bmi_conflict,PASS,PASS,True,gpt,0.98,,,DocumentReference/GLP1-041-NUTR-001;DocumentReference/GLP1-041-NUTR-002;DocumentReference/GLP1-041-PCP-001;DocumentReference/GLP1-041-PCP-002;DocumentReference/GLP1-041-PCP-003,DocumentReference/GLP1-041-PCP-001;DocumentReference/GLP1-041-NUTR-001;DocumentReference/GLP1-041-PCP-002;DocumentReference/GLP1-041-NUTR-002;DocumentReference/GLP1-041-PCP-003,True,,14499.1,816.6,204.2,0.003675,False,,,,"Continuous program with diet, activity and follow-up; duration computed from dated events. 2025-12-19 -> 2026-08-19 = 8 whole months (min 6).","The diet-and-activity plan began December 19, 2025, with dietitian-led program intake January 8 and documented continuation and follow-up through August 19, 2026. Even measured from intake, documented participation exceeds six whole calendar months."
main_gpt,GLP1-041__AETNA_WEGOVY_4774C_2026_08_20,GLP1-041,AETNA_WEGOVY_4774C_2026_08_20,gpt,bmi_threshold,deterministic,hard,longitudinal_bmi_conflict,FAIL,INSUFFICIENT,False,gpt,0.96,,,,Observation/GLP1-041-BMI-2026-08-19;DocumentReference/GLP1-041-PCP-003;DocumentReference/GLP1-041-LAB-003,,,14499.1,816.6,204.2,0.003675,False,,MISSING_NOT_NEGATIVE,MODEL_OVERCONFIDENCE,Latest structured BMI 29.8 (2026-08-19). In 27–30 band; comorbidity: FAIL — No weight-related comorbidity.,"The latest structured BMI is 29.8, below 30. Approval under the BMI ≥27 pathway requires a documented weight-related comorbid condition, which the provided evidence does not establish."
main_gpt,GLP1-041__BCBS_FEP_WEGOVY_2026_07_01,GLP1-041,BCBS_FEP_WEGOVY_2026_07_01,gpt,age,deterministic,hard,longitudinal_bmi_conflict,PASS,PASS,True,gpt,1.0,,,,Patient/GLP1-041,,,23892.3,782.666667,260.333333,0.004169,False,,,,Age 35 on 2026-09-01 (min 18).,The patient was 35 on the request date.
main_gpt,GLP1-041__BCBS_FEP_WEGOVY_2026_07_01,GLP1-041,BCBS_FEP_WEGOVY_2026_07_01,gpt,indication,deterministic,hard,longitudinal_bmi_conflict,PASS,PASS,True,gpt,1.0,,,,MedicationRequest/GLP1-041-WEGOVY-REQ;DocumentReference/GLP1-041-PCP-003,,,23892.3,782.666667,260.333333,0.004169,False,,,,Initial Wegovy request for chronic weight management.,The request is for Wegovy for chronic weight management.
main_gpt,GLP1-041__BCBS_FEP_WEGOVY_2026_07_01,GLP1-041,BCBS_FEP_WEGOVY_2026_07_01,gpt,bmi_threshold,deterministic,hard,longitudinal_bmi_conflict,FAIL,PASS,False,gpt,0.86,,,,Observation/GLP1-041-BMI-2026-08-19;Condition/GLP1-041-GERD;Condition/GLP1-041-LBP;DocumentReference/GLP1-041-PCP-001,,,23892.3,782.666667,260.333333,0.004169,False,,CONTRADICTION,,Latest structured BMI 29.8 (2026-08-19). In 27–30 band; comorbidity: FAIL — No weight-related comorbidity.,"The latest structured BMI is 29.8. The clinician documented that the patient's active reflux and back pain worsened with weight gain, supporting a weight-related comorbid condition under the policy's non-exhaustive examples."
main_gpt,GLP1-041__BCBS_FEP_WEGOVY_2026_07_01,GLP1-041,BCBS_FEP_WEGOVY_2026_07_01,gpt,weight_management_program,semantic,hard,longitudinal_bmi_conflict,PASS,PASS,True,gpt,0.99,,,DocumentReference/GLP1-041-NUTR-001;DocumentReference/GLP1-041-NUTR-002;DocumentReference/GLP1-041-PCP-001;DocumentReference/GLP1-041-PCP-002;DocumentReference/GLP1-041-PCP-003,DocumentReference/GLP1-041-NUTR-001;DocumentReference/GLP1-041-PCP-002;DocumentReference/GLP1-041-NUTR-002;DocumentReference/GLP1-041-PCP-003,True,,23892.3,782.666667,260.333333,0.004169,False,,,,Enrolled in a comprehensive program with dietitian visits and follow-ups.,"Dietitian-led program intake and subsequent follow-ups document participation in dietary, behavioral, and physical-activity components."
main_gpt,GLP1-041__BCBS_FEP_WEGOVY_2026_07_01,GLP1-041,BCBS_FEP_WEGOVY_2026_07_01,gpt,no_concurrent_glp1,medication_reconciliation,hard,longitudinal_bmi_conflict,PASS,PASS,True,gpt,0.93,,,DocumentReference/GLP1-041-LAB-003;DocumentReference/GLP1-041-NUTR-002;DocumentReference/GLP1-041-PCP-003;DocumentReference/GLP1-041-PHARM-001,MedicationRequest/GLP1-041-OMEPRAZOLE;MedicationRequest/GLP1-041-SERTRALINE;MedicationRequest/GLP1-041-SUMATRIPTAN;MedicationStatement/GLP1-041-CETIRIZINE;MedicationStatement/GLP1-041-IBUPROFEN;MedicationStatement/GLP1-041-VITAMIN;MedicationRequest/GLP1-041-WEGOVY-REQ,,,23892.3,782.666667,260.333333,0.004169,False,,,,No GLP-1 use.,No other GLP-1 therapy appears among the documented active medications; the draft Wegovy order is excluded.
main_gpt,GLP1-041__BCBS_FEP_WEGOVY_2026_07_01,GLP1-041,BCBS_FEP_WEGOVY_2026_07_01,gpt,no_concurrent_pa_weight_loss_med,medication_reconciliation,hard,longitudinal_bmi_conflict,PASS,PASS,True,gpt,0.93,,,DocumentReference/GLP1-041-LAB-003;DocumentReference/GLP1-041-NUTR-002;DocumentReference/GLP1-041-PCP-003;DocumentReference/GLP1-041-PHARM-001,MedicationRequest/GLP1-041-OMEPRAZOLE;MedicationRequest/GLP1-041-SERTRALINE;MedicationRequest/GLP1-041-SUMATRIPTAN;MedicationStatement/GLP1-041-CETIRIZINE;MedicationStatement/GLP1-041-IBUPROFEN;MedicationStatement/GLP1-041-VITAMIN;MedicationRequest/GLP1-041-WEGOVY-REQ,,,23892.3,782.666667,260.333333,0.004169,False,,,,No weight-loss medication.,No other Appendix 2 weight-loss medication appears among the documented active medications; the draft Wegovy order is excluded.
main_gpt,GLP1-041__UHC_WEGOVY_P1114_22_2026_09_01,GLP1-041,UHC_WEGOVY_P1114_22_2026_09_01,gpt,age,deterministic,hard,longitudinal_bmi_conflict,PASS,PASS,True,gpt,1.0,,,,Patient/GLP1-041,,,19790.3,934.75,335.25,0.005222,False,,,,Age 35 on 2026-09-01 (min 12).,"The patient was 35 on the request date, exceeding the minimum age of 12."
main_gpt,GLP1-041__UHC_WEGOVY_P1114_22_2026_09_01,GLP1-041,UHC_WEGOVY_P1114_22_2026_09_01,gpt,indication,deterministic,hard,longitudinal_bmi_conflict,PASS,PASS,True,gpt,1.0,,,,MedicationRequest/GLP1-041-WEGOVY-REQ,,,19790.3,934.75,335.25,0.005222,False,,,,Initial Wegovy request for chronic weight management.,The request is for Wegovy for chronic weight management.
main_gpt,GLP1-041__UHC_WEGOVY_P1114_22_2026_09_01,GLP1-041,UHC_WEGOVY_P1114_22_2026_09_01,gpt,lifestyle_adjunct,semantic,hard,longitudinal_bmi_conflict,PASS,PASS,True,gpt,0.99,,,DocumentReference/GLP1-041-NUTR-001;DocumentReference/GLP1-041-NUTR-002;DocumentReference/GLP1-041-PCP-001;DocumentReference/GLP1-041-PCP-002;DocumentReference/GLP1-041-PCP-003,DocumentReference/GLP1-041-PCP-003,True,,19790.3,934.75,335.25,0.005222,False,,,,Final note documents continued diet and exercise.,The August 19 note documents that the patient continues a diet and exercise plan and dietitian follow-ups.
main_gpt,GLP1-041__UHC_WEGOVY_P1114_22_2026_09_01,GLP1-041,UHC_WEGOVY_P1114_22_2026_09_01,gpt,bmi_threshold,deterministic,hard,longitudinal_bmi_conflict,FAIL,CONFLICT,False,gpt,0.78,,,,Observation/GLP1-041-BMI-2026-08-19;Condition/GLP1-041-GERD;Condition/GLP1-041-LBP;DocumentReference/GLP1-041-PCP-001,,,19790.3,934.75,335.25,0.005222,False,,CONTRADICTION,,Latest structured BMI 29.8 (2026-08-19). In 27–30 band; comorbidity: FAIL — No weight-related comorbidity.,"The latest structured BMI is 29.8, so a weight-related comorbidity is required. GERD and low back pain are marked not weight-related in structured data, but the PCP documents that both worsened with weight gain; whether either qualifies needs review."
main_gpt,GLP1-042__AETNA_WEGOVY_4774C_2026_08_20,GLP1-042,AETNA_WEGOVY_4774C_2026_08_20,gpt,age,deterministic,hard,source_contradiction,PASS,PASS,True,gpt,1.0,,,,Patient/GLP1-042,,,12527.6,775.0,178.2,0.003332,False,,,,Age 42 on 2026-09-01 (min 18).,"The patient was 42 on the September 1, 2026 request date."
main_gpt,GLP1-042__AETNA_WEGOVY_4774C_2026_08_20,GLP1-042,AETNA_WEGOVY_4774C_2026_08_20,gpt,indication,deterministic,hard,source_contradiction,PASS,PASS,True,gpt,1.0,,,,MedicationRequest/GLP1-042-WEGOVY-REQ;DocumentReference/GLP1-042-PCP-002,,,12527.6,775.0,178.2,0.003332,False,,,,Initial Wegovy request for chronic weight management.,"The request is for Wegovy for chronic weight management, and the prescribing note identifies obesity as the treatment indication."
main_gpt,GLP1-042__AETNA_WEGOVY_4774C_2026_08_20,GLP1-042,AETNA_WEGOVY_4774C_2026_08_20,gpt,adjunct_diet_and_activity,semantic,hard,source_contradiction,PASS,PASS,True,gpt,0.94,,,DocumentReference/GLP1-042-NUTR-001;DocumentReference/GLP1-042-NUTR-002;DocumentReference/GLP1-042-PCP-001;DocumentReference/GLP1-042-PCP-002,DocumentReference/GLP1-042-NUTR-001;DocumentReference/GLP1-042-NUTR-002,True,,12527.6,775.0,178.2,0.003332,False,,,,Ongoing diet and exercise documented.,"Within 180 days of the request, the dietitian documented a reduced-calorie diet and swimming or water aerobics, then documented adherence and instructed the patient to continue the plan."
main_gpt,GLP1-042__AETNA_WEGOVY_4774C_2026_08_20,GLP1-042,AETNA_WEGOVY_4774C_2026_08_20,gpt,program_6_months,semantic_temporal,hard,source_contradiction,CONFLICT,FAIL,False,gpt,0.96,,,DocumentReference/GLP1-042-NUTR-001;DocumentReference/GLP1-042-NUTR-002;DocumentReference/GLP1-042-PCP-001;DocumentReference/GLP1-042-PCP-002,DocumentReference/GLP1-042-PCP-001;DocumentReference/GLP1-042-NUTR-001;DocumentReference/GLP1-042-NUTR-002;DocumentReference/GLP1-042-PCP-002,True,True,12527.6,775.0,178.2,0.003332,False,,CONTRADICTION,MODEL_OVERCONFIDENCE,PCP states 8 months of dedicated efforts; dietitian intake (May) states no prior structured plan — contradictory sources.,"The May 20 initial nutrition consult explicitly states this was the patient's first formal counseling and that he had no prior structured diet or exercise plan. Although the August note describes eight months of personal efforts, documented structured counseling and follow-up began less than six months before the request."
main_gpt,GLP1-042__AETNA_WEGOVY_4774C_2026_08_20,GLP1-042,AETNA_WEGOVY_4774C_2026_08_20,gpt,bmi_threshold,deterministic,hard,source_contradiction,PASS,PASS,True,gpt,1.0,,,,Observation/GLP1-042-BMI-2026-08-10,,,12527.6,775.0,178.2,0.003332,False,,,,Latest structured BMI 35.5 (2026-08-10).,"The latest structured BMI before the request was 35.5 kg/m², meeting the BMI ≥30 threshold without needing a comorbidity."
main_gpt,GLP1-042__BCBS_FEP_WEGOVY_2026_07_01,GLP1-042,BCBS_FEP_WEGOVY_2026_07_01,gpt,age,deterministic,hard,source_contradiction,PASS,PASS,True,gpt,1.0,,,,Patient/GLP1-042,,,13939.7,724.833333,149.833333,0.002948,False,,,,Age 42 on 2026-09-01 (min 18).,The patient was 42 on the 2026-09-01 request date.
main_gpt,GLP1-042__BCBS_FEP_WEGOVY_2026_07_01,GLP1-042,BCBS_FEP_WEGOVY_2026_07_01,gpt,indication,deterministic,hard,source_contradiction,PASS,PASS,True,gpt,1.0,,,,MedicationRequest/GLP1-042-WEGOVY-REQ,,,13939.7,724.833333,149.833333,0.002948,False,,,,Initial Wegovy request for chronic weight management.,The PA request specifies chronic weight management as the indication for Wegovy.
main_gpt,GLP1-042__BCBS_FEP_WEGOVY_2026_07_01,GLP1-042,BCBS_FEP_WEGOVY_2026_07_01,gpt,bmi_threshold,deterministic,hard,source_contradiction,PASS,PASS,True,gpt,1.0,,,,Observation/GLP1-042-BMI-2026-08-10,,,13939.7,724.833333,149.833333,0.002948,False,,,,Latest structured BMI 35.5 (2026-08-10).,"The latest structured BMI before the request is 35.5 kg/m², exceeding the 30 kg/m² threshold."
main_gpt,GLP1-042__BCBS_FEP_WEGOVY_2026_07_01,GLP1-042,BCBS_FEP_WEGOVY_2026_07_01,gpt,weight_management_program,semantic,hard,source_contradiction,PASS,PASS,True,gpt,0.9,,,DocumentReference/GLP1-042-NUTR-001;DocumentReference/GLP1-042-NUTR-002;DocumentReference/GLP1-042-PCP-001,DocumentReference/GLP1-042-NUTR-001;DocumentReference/GLP1-042-NUTR-002,True,,13939.7,724.833333,149.833333,0.002948,False,,,,Dietitian-led program since May.,"The dietitian documented a reduced-calorie diet and physical-activity plan, then reviewed the patient's food log and adherence at follow-up. This establishes participation in a structured plan addressing diet, activity, and behavioral changes."
main_gpt,GLP1-042__BCBS_FEP_WEGOVY_2026_07_01,GLP1-042,BCBS_FEP_WEGOVY_2026_07_01,gpt,no_concurrent_glp1,medication_reconciliation,hard,source_contradiction,PASS,PASS,True,gpt,0.96,,,DocumentReference/GLP1-042-LAB-001;DocumentReference/GLP1-042-NUTR-002;DocumentReference/GLP1-042-ORTH-002;DocumentReference/GLP1-042-PCP-002;DocumentReference/GLP1-042-TEL-001,MedicationRequest/GLP1-042-SERTRALINE;MedicationRequest/GLP1-042-LISINOPRIL;MedicationStatement/GLP1-042-IBUPROFEN;MedicationRequest/GLP1-042-WEGOVY-REQ,,,13939.7,724.833333,149.833333,0.002948,False,,,,No GLP-1 or anti-obesity medication in structured data or notes.,"No other GLP-1 therapy is listed among the current medications. The draft Wegovy order is the request under review, not concurrent therapy."
main_gpt,GLP1-042__BCBS_FEP_WEGOVY_2026_07_01,GLP1-042,BCBS_FEP_WEGOVY_2026_07_01,gpt,no_concurrent_pa_weight_loss_med,medication_reconciliation,hard,source_contradiction,PASS,PASS,True,gpt,0.96,,,DocumentReference/GLP1-042-LAB-001;DocumentReference/GLP1-042-NUTR-002;DocumentReference/GLP1-042-ORTH-002;DocumentReference/GLP1-042-PCP-002;DocumentReference/GLP1-042-TEL-001,MedicationRequest/GLP1-042-SERTRALINE;MedicationRequest/GLP1-042-LISINOPRIL;MedicationStatement/GLP1-042-IBUPROFEN;MedicationRequest/GLP1-042-WEGOVY-REQ,,,13939.7,724.833333,149.833333,0.002948,False,,,,No PA weight-loss medication in structured data or notes.,No other Appendix 2 weight-loss medication is listed among the current medications. The draft Wegovy order is excluded from the concurrent-therapy assessment.
main_gpt,GLP1-042__UHC_WEGOVY_P1114_22_2026_09_01,GLP1-042,UHC_WEGOVY_P1114_22_2026_09_01,gpt,age,deterministic,hard,source_contradiction,PASS,PASS,True,gpt,1.0,,,,Patient/GLP1-042,,,7455.3,882.75,105.0,0.002815,False,,,,Age 42 on 2026-09-01 (min 12).,"The recorded birth date is 1984-08-26, making the patient 42 on the request date, above the minimum age of 12."
main_gpt,GLP1-042__UHC_WEGOVY_P1114_22_2026_09_01,GLP1-042,UHC_WEGOVY_P1114_22_2026_09_01,gpt,indication,deterministic,hard,source_contradiction,PASS,PASS,True,gpt,1.0,,,,MedicationRequest/GLP1-042-WEGOVY-REQ,,,7455.3,882.75,105.0,0.002815,False,,,,Initial Wegovy request for chronic weight management.,"The PA request specifies chronic weight management, and the draft order is for Wegovy."
main_gpt,GLP1-042__UHC_WEGOVY_P1114_22_2026_09_01,GLP1-042,UHC_WEGOVY_P1114_22_2026_09_01,gpt,lifestyle_adjunct,semantic,hard,source_contradiction,PASS,PASS,True,gpt,0.99,,,DocumentReference/GLP1-042-NUTR-001;DocumentReference/GLP1-042-NUTR-002;DocumentReference/GLP1-042-PCP-001;DocumentReference/GLP1-042-PCP-002,DocumentReference/GLP1-042-NUTR-002;DocumentReference/GLP1-042-PCP-002,True,,7455.3,882.75,105.0,0.002815,False,,,,Ongoing diet and swimming documented.,"The July 15 nutrition follow-up documents ongoing dietary adherence and swimming, within 180 days of the request. The differing accounts of how long these efforts have continued do not affect this criterion, which has no minimum duration."
main_gpt,GLP1-042__UHC_WEGOVY_P1114_22_2026_09_01,GLP1-042,UHC_WEGOVY_P1114_22_2026_09_01,gpt,bmi_threshold,deterministic,hard,source_contradiction,PASS,PASS,True,gpt,1.0,,,,Observation/GLP1-042-BMI-2026-08-10,,,7455.3,882.75,105.0,0.002815,False,,,,Latest structured BMI 35.5 (2026-08-10).,"The latest structured BMI is 35.5 kg/m², exceeding the threshold of 30; a comorbidity is not required."
main_gpt,GLP1-043__AETNA_WEGOVY_4774C_2026_08_20,GLP1-043,AETNA_WEGOVY_4774C_2026_08_20,gpt,age,deterministic,hard,negation;retrieval_trap,PASS,PASS,True,gpt,1.0,,,,Patient/GLP1-043,,,9431.0,813.8,134.4,0.002972,False,,,,Age 49 on 2026-09-01 (min 18).,The patient was 49 on the 2026-09-01 request date.
main_gpt,GLP1-043__AETNA_WEGOVY_4774C_2026_08_20,GLP1-043,AETNA_WEGOVY_4774C_2026_08_20,gpt,indication,deterministic,hard,negation;retrieval_trap,PASS,PASS,True,gpt,1.0,,,,MedicationRequest/GLP1-043-WEGOVY-REQ;DocumentReference/GLP1-043-PCP-003,,,9431.0,813.8,134.4,0.002972,False,,,,Initial Wegovy request for chronic weight management.,"The request is for chronic weight management, and the prescribing note discusses Wegovy for obesity."
main_gpt,GLP1-043__AETNA_WEGOVY_4774C_2026_08_20,GLP1-043,AETNA_WEGOVY_4774C_2026_08_20,gpt,adjunct_diet_and_activity,semantic,hard,negation;retrieval_trap,FAIL,FAIL,True,gpt,0.94,,,DocumentReference/GLP1-043-PCP-001;DocumentReference/GLP1-043-PCP-002;DocumentReference/GLP1-043-PCP-003;DocumentReference/GLP1-043-TEL-002,DocumentReference/GLP1-043-PCP-002;DocumentReference/GLP1-043-PCP-003,,True,9431.0,813.8,134.4,0.002972,False,,,,Final note: still no structured diet or exercise program.,"The May note documents no formal diet or exercise regimen, and the August note says there is still no structured diet or exercise program. Neither documents a plan to use Wegovy with both a reduced-calorie diet and increased physical activity."
main_gpt,GLP1-043__AETNA_WEGOVY_4774C_2026_08_20,GLP1-043,AETNA_WEGOVY_4774C_2026_08_20,gpt,program_6_months,semantic_temporal,hard,negation;retrieval_trap,FAIL,FAIL,True,gpt,0.99,,,DocumentReference/GLP1-043-PCP-001;DocumentReference/GLP1-043-PCP-002;DocumentReference/GLP1-043-PCP-003;DocumentReference/GLP1-043-TEL-002,DocumentReference/GLP1-043-PCP-001;DocumentReference/GLP1-043-TEL-002;DocumentReference/GLP1-043-PCP-002;DocumentReference/GLP1-043-PCP-003,,True,9431.0,813.8,134.4,0.002972,False,,,,Never enrolled; no formal diet or exercise regimen.,"The patient declined program enrollment in December, was confirmed not enrolled in March, and had no structured program documented in August. Six months of continuous participation is not established."
main_gpt,GLP1-043__AETNA_WEGOVY_4774C_2026_08_20,GLP1-043,AETNA_WEGOVY_4774C_2026_08_20,gpt,bmi_threshold,deterministic,hard,negation;retrieval_trap,PASS,PASS,True,gpt,1.0,,,,Observation/GLP1-043-BMI-2026-08-08,,,9431.0,813.8,134.4,0.002972,False,,,,Latest structured BMI 32.8 (2026-08-08).,"The latest structured BMI before the request was 32.8 kg/m², exceeding the 30 kg/m² threshold."
main_gpt,GLP1-043__BCBS_FEP_WEGOVY_2026_07_01,GLP1-043,BCBS_FEP_WEGOVY_2026_07_01,gpt,age,deterministic,hard,negation;retrieval_trap,PASS,PASS,True,gpt,1.0,,,,Patient/GLP1-043,,,13310.6,795.333333,152.666667,0.003117,False,,,,Age 49 on 2026-09-01 (min 18).,"The patient was 49 on the 2026-09-01 request date, meeting the age-18 requirement."
main_gpt,GLP1-043__BCBS_FEP_WEGOVY_2026_07_01,GLP1-043,BCBS_FEP_WEGOVY_2026_07_01,gpt,indication,deterministic,hard,negation;retrieval_trap,PASS,PASS,True,gpt,1.0,,,,MedicationRequest/GLP1-043-WEGOVY-REQ;DocumentReference/GLP1-043-PCP-003,,,13310.6,795.333333,152.666667,0.003117,False,,,,Initial Wegovy request for chronic weight management.,"The request is for Wegovy for chronic weight management, consistent with the documented obesity treatment plan."
main_gpt,GLP1-043__BCBS_FEP_WEGOVY_2026_07_01,GLP1-043,BCBS_FEP_WEGOVY_2026_07_01,gpt,bmi_threshold,deterministic,hard,negation;retrieval_trap,PASS,PASS,True,gpt,1.0,,,,Observation/GLP1-043-BMI-2026-08-08,,,13310.6,795.333333,152.666667,0.003117,False,,,,Latest structured BMI 32.8 (2026-08-08).,"The latest structured BMI before the request was 32.8, exceeding the threshold of 30 without requiring a comorbidity."
main_gpt,GLP1-043__BCBS_FEP_WEGOVY_2026_07_01,GLP1-043,BCBS_FEP_WEGOVY_2026_07_01,gpt,weight_management_program,semantic,hard,negation;retrieval_trap,FAIL,FAIL,True,gpt,0.99,,,DocumentReference/GLP1-043-GI-001;DocumentReference/GLP1-043-PCP-001;DocumentReference/GLP1-043-PCP-002;DocumentReference/GLP1-043-PCP-003;DocumentReference/GLP1-043-TEL-002,DocumentReference/GLP1-043-PCP-001;DocumentReference/GLP1-043-TEL-002;DocumentReference/GLP1-043-PCP-002;DocumentReference/GLP1-043-PCP-003,,True,13310.6,795.333333,152.666667,0.003117,False,,,,"Declined the structured program and dietitian referral; referral closed, never enrolled.","The patient declined program enrollment, was subsequently documented as not enrolled, and still had no structured diet or exercise program in August 2026. Participation in a comprehensive program is not established."
main_gpt,GLP1-043__BCBS_FEP_WEGOVY_2026_07_01,GLP1-043,BCBS_FEP_WEGOVY_2026_07_01,gpt,no_concurrent_glp1,medication_reconciliation,hard,negation;retrieval_trap,PASS,PASS,True,gpt,0.97,,,DocumentReference/GLP1-043-MSG-001;DocumentReference/GLP1-043-PCP-002;DocumentReference/GLP1-043-PCP-003;DocumentReference/GLP1-043-PHARM-001,MedicationRequest/GLP1-043-TRIAMCINOLON;MedicationRequest/GLP1-043-SUMATRIPTAN;MedicationRequest/GLP1-043-OMEPRAZOLE;MedicationRequest/GLP1-043-SERTRALINE;MedicationStatement/GLP1-043-CETIRIZINE;MedicationStatement/GLP1-043-IBUPROFEN;MedicationStatement/GLP1-043-VITAMIN;MedicationRequest/GLP1-043-WEGOVY-REQ,,,13310.6,795.333333,152.666667,0.003117,False,,,,No GLP-1 or anti-obesity medication in structured data or notes.,"No other GLP-1 receptor agonist appears among the documented active medications. The draft Wegovy order is the request under review, not concurrent therapy."
main_gpt,GLP1-043__BCBS_FEP_WEGOVY_2026_07_01,GLP1-043,BCBS_FEP_WEGOVY_2026_07_01,gpt,no_concurrent_pa_weight_loss_med,medication_reconciliation,hard,negation;retrieval_trap,PASS,PASS,True,gpt,0.97,,,DocumentReference/GLP1-043-MSG-001;DocumentReference/GLP1-043-PCP-002;DocumentReference/GLP1-043-PCP-003;DocumentReference/GLP1-043-PHARM-001,MedicationRequest/GLP1-043-TRIAMCINOLON;MedicationRequest/GLP1-043-SUMATRIPTAN;MedicationRequest/GLP1-043-OMEPRAZOLE;MedicationRequest/GLP1-043-SERTRALINE;MedicationStatement/GLP1-043-CETIRIZINE;MedicationStatement/GLP1-043-IBUPROFEN;MedicationStatement/GLP1-043-VITAMIN;MedicationRequest/GLP1-043-WEGOVY-REQ,,,13310.6,795.333333,152.666667,0.003117,False,,,,No PA weight-loss medication in structured data or notes.,No other Appendix 2 PA weight-loss medication appears among the documented active medications. The draft Wegovy order is excluded from the concurrent-therapy assessment.
main_gpt,GLP1-043__UHC_WEGOVY_P1114_22_2026_09_01,GLP1-043,UHC_WEGOVY_P1114_22_2026_09_01,gpt,age,deterministic,hard,negation;retrieval_trap,PASS,PASS,True,gpt,1.0,,,,Patient/GLP1-043,,,8814.1,931.25,147.0,0.003332,False,,,,Age 49 on 2026-09-01 (min 12).,"The recorded birth date makes the patient 49 years old on the request date, exceeding the minimum age of 12."
main_gpt,GLP1-043__UHC_WEGOVY_P1114_22_2026_09_01,GLP1-043,UHC_WEGOVY_P1114_22_2026_09_01,gpt,indication,deterministic,hard,negation;retrieval_trap,PASS,PASS,True,gpt,1.0,,,,MedicationRequest/GLP1-043-WEGOVY-REQ,,,8814.1,931.25,147.0,0.003332,False,,,,Initial Wegovy request for chronic weight management.,The PA request identifies chronic weight management as the indication for Wegovy.
main_gpt,GLP1-043__UHC_WEGOVY_P1114_22_2026_09_01,GLP1-043,UHC_WEGOVY_P1114_22_2026_09_01,gpt,lifestyle_adjunct,semantic,hard,negation;retrieval_trap,FAIL,FAIL,True,gpt,0.95,,,DocumentReference/GLP1-043-PCP-001;DocumentReference/GLP1-043-PCP-002;DocumentReference/GLP1-043-PCP-003;DocumentReference/GLP1-043-TEL-002,DocumentReference/GLP1-043-PCP-002;DocumentReference/GLP1-043-PCP-003,,True,8814.1,931.25,147.0,0.003332,False,,,,Final note: still no structured diet or exercise program.,"The May note documents no diet or exercise regimen, and the more recent August note says the patient still has no structured diet or exercise program. No ongoing or planned lifestyle modification is documented alongside the medication plan."
main_gpt,GLP1-043__UHC_WEGOVY_P1114_22_2026_09_01,GLP1-043,UHC_WEGOVY_P1114_22_2026_09_01,gpt,bmi_threshold,deterministic,hard,negation;retrieval_trap,PASS,PASS,True,gpt,1.0,,,,Observation/GLP1-043-BMI-2026-08-08,,,8814.1,931.25,147.0,0.003332,False,,,,Latest structured BMI 32.8 (2026-08-08).,"The latest structured BMI is 32.8 kg/m², meeting the BMI ≥30 threshold without requiring a comorbidity."
main_gpt,GLP1-044__AETNA_WEGOVY_4774C_2026_08_20,GLP1-044,AETNA_WEGOVY_4774C_2026_08_20,gpt,age,deterministic,hard,later_evidence_reversal,PASS,PASS,True,gpt,1.0,,,,Patient/GLP1-044,,,11992.3,778.4,144.8,0.003005,False,,,,Age 56 on 2026-09-01 (min 18).,"The patient was 56 on the September 1, 2026 request date."
main_gpt,GLP1-044__AETNA_WEGOVY_4774C_2026_08_20,GLP1-044,AETNA_WEGOVY_4774C_2026_08_20,gpt,indication,deterministic,hard,later_evidence_reversal,PASS,PASS,True,gpt,1.0,,,,MedicationRequest/GLP1-044-WEGOVY-REQ;DocumentReference/GLP1-044-PCP-003,,,11992.3,778.4,144.8,0.003005,False,,,,Initial Wegovy request for chronic weight management.,Wegovy was requested for chronic weight management in the setting of obesity.
main_gpt,GLP1-044__AETNA_WEGOVY_4774C_2026_08_20,GLP1-044,AETNA_WEGOVY_4774C_2026_08_20,gpt,adjunct_diet_and_activity,semantic,hard,later_evidence_reversal,FAIL,FAIL,True,gpt,0.99,,,DocumentReference/GLP1-044-NUTR-001;DocumentReference/GLP1-044-PCP-001;DocumentReference/GLP1-044-PCP-002;DocumentReference/GLP1-044-PCP-003,DocumentReference/GLP1-044-PCP-003,True,True,11992.3,778.4,144.8,0.003005,False,,,,Final note: not currently following a diet or exercise plan.,The August 17 note explicitly states the patient is not currently following a diet or exercise plan; it does not document a plan to use both alongside Wegovy.
main_gpt,GLP1-044__AETNA_WEGOVY_4774C_2026_08_20,GLP1-044,AETNA_WEGOVY_4774C_2026_08_20,gpt,program_6_months,semantic_temporal,hard,later_evidence_reversal,FAIL,FAIL,True,gpt,0.99,,,DocumentReference/GLP1-044-NUTR-001;DocumentReference/GLP1-044-PCP-001;DocumentReference/GLP1-044-PCP-002;DocumentReference/GLP1-044-PCP-003,DocumentReference/GLP1-044-PCP-001;DocumentReference/GLP1-044-NUTR-001;DocumentReference/GLP1-044-PCP-002;DocumentReference/GLP1-044-PCP-003,True,True,11992.3,778.4,144.8,0.003005,False,,,,Stopped ~6 weeks in after ankle injury; not resumed.,"The program began in February, but the patient stopped after approximately six weeks, missed dietitian follow-up, and had not resumed by August. This does not meet six months of continuous participation."
main_gpt,GLP1-044__AETNA_WEGOVY_4774C_2026_08_20,GLP1-044,AETNA_WEGOVY_4774C_2026_08_20,gpt,bmi_threshold,deterministic,hard,later_evidence_reversal,PASS,PASS,True,gpt,1.0,,,,Observation/GLP1-044-BMI-2026-08-17,,,11992.3,778.4,144.8,0.003005,False,,,,Latest structured BMI 38.2 (2026-08-17).,"The latest structured BMI before the request was 38.2 kg/m², exceeding the 30 kg/m² threshold."
main_gpt,GLP1-044__BCBS_FEP_WEGOVY_2026_07_01,GLP1-044,BCBS_FEP_WEGOVY_2026_07_01,gpt,age,deterministic,hard,later_evidence_reversal,PASS,PASS,True,gpt,1.0,,,,Patient/GLP1-044,,,13004.7,716.166667,140.0,0.002832,False,,,,Age 56 on 2026-09-01 (min 18).,"The patient was 56 on the 2026-09-01 request date, meeting the age-18 minimum."
main_gpt,GLP1-044__BCBS_FEP_WEGOVY_2026_07_01,GLP1-044,BCBS_FEP_WEGOVY_2026_07_01,gpt,indication,deterministic,hard,later_evidence_reversal,PASS,PASS,True,gpt,1.0,,,,MedicationRequest/GLP1-044-WEGOVY-REQ;DocumentReference/GLP1-044-PCP-003,,,13004.7,716.166667,140.0,0.002832,False,,,,Initial Wegovy request for chronic weight management.,The request is for initial Wegovy treatment for chronic weight management.
main_gpt,GLP1-044__BCBS_FEP_WEGOVY_2026_07_01,GLP1-044,BCBS_FEP_WEGOVY_2026_07_01,gpt,bmi_threshold,deterministic,hard,later_evidence_reversal,PASS,PASS,True,gpt,1.0,,,,Observation/GLP1-044-BMI-2026-08-17,,,13004.7,716.166667,140.0,0.002832,False,,,,Latest structured BMI 38.2 (2026-08-17).,"The latest structured BMI before the request was 38.2 kg/m², above the 30 kg/m² threshold."
main_gpt,GLP1-044__BCBS_FEP_WEGOVY_2026_07_01,GLP1-044,BCBS_FEP_WEGOVY_2026_07_01,gpt,weight_management_program,semantic,hard,later_evidence_reversal,PASS,PASS,True,gpt,0.99,,,DocumentReference/GLP1-044-NUTR-001;DocumentReference/GLP1-044-PCP-001;DocumentReference/GLP1-044-PCP-002;DocumentReference/GLP1-044-PCP-003,DocumentReference/GLP1-044-PCP-001;DocumentReference/GLP1-044-NUTR-001;DocumentReference/GLP1-044-PCP-002;DocumentReference/GLP1-044-PCP-003,True,True,13004.7,716.166667,140.0,0.002832,False,,,,Enrolled and participated ~6 weeks (literal reading: past participation counts).,"The patient participated in a dietitian-led program involving food logging, calorie reduction, and walking. He later stopped and was not following a plan in August, but the policy accepts past participation without a minimum duration or ongoing-enrollment requirement."
main_gpt,GLP1-044__BCBS_FEP_WEGOVY_2026_07_01,GLP1-044,BCBS_FEP_WEGOVY_2026_07_01,gpt,no_concurrent_glp1,medication_reconciliation,hard,later_evidence_reversal,PASS,PASS,True,gpt,0.97,,,DocumentReference/GLP1-044-PCP-002;DocumentReference/GLP1-044-PCP-003,MedicationRequest/GLP1-044-LOSARTAN;MedicationRequest/GLP1-044-TRIAMCINOLON;MedicationRequest/GLP1-044-SERTRALINE;MedicationStatement/GLP1-044-IBUPROFEN;MedicationRequest/GLP1-044-WEGOVY-REQ;DocumentReference/GLP1-044-PCP-003,,,13004.7,716.166667,140.0,0.002832,False,,,,No GLP-1 or anti-obesity medication in structured data or notes.,"No other GLP-1 therapy is documented among the active medications. The draft Wegovy order is the treatment under review, not concurrent therapy."
main_gpt,GLP1-044__BCBS_FEP_WEGOVY_2026_07_01,GLP1-044,BCBS_FEP_WEGOVY_2026_07_01,gpt,no_concurrent_pa_weight_loss_med,medication_reconciliation,hard,later_evidence_reversal,PASS,PASS,True,gpt,0.97,,,DocumentReference/GLP1-044-PCP-002;DocumentReference/GLP1-044-PCP-003,MedicationRequest/GLP1-044-LOSARTAN;MedicationRequest/GLP1-044-TRIAMCINOLON;MedicationRequest/GLP1-044-SERTRALINE;MedicationStatement/GLP1-044-IBUPROFEN;MedicationRequest/GLP1-044-WEGOVY-REQ;DocumentReference/GLP1-044-PCP-003,,,13004.7,716.166667,140.0,0.002832,False,,,,No PA weight-loss medication in structured data or notes.,No other Appendix 2 PA weight-loss medication is documented among the active medications. The draft Wegovy order is excluded from the concurrent-therapy assessment.
main_gpt,GLP1-044__UHC_WEGOVY_P1114_22_2026_09_01,GLP1-044,UHC_WEGOVY_P1114_22_2026_09_01,gpt,age,deterministic,hard,later_evidence_reversal,PASS,PASS,True,gpt,1.0,,,,Patient/GLP1-044,,,7502.5,887.0,136.5,0.003139,False,,,,Age 56 on 2026-09-01 (min 12).,"The patient was 56 on the request date, exceeding the minimum age of 12."
main_gpt,GLP1-044__UHC_WEGOVY_P1114_22_2026_09_01,GLP1-044,UHC_WEGOVY_P1114_22_2026_09_01,gpt,indication,deterministic,hard,later_evidence_reversal,PASS,PASS,True,gpt,1.0,,,,MedicationRequest/GLP1-044-WEGOVY-REQ,,,7502.5,887.0,136.5,0.003139,False,,,,Initial Wegovy request for chronic weight management.,The PA request is for chronic weight management.
main_gpt,GLP1-044__UHC_WEGOVY_P1114_22_2026_09_01,GLP1-044,UHC_WEGOVY_P1114_22_2026_09_01,gpt,lifestyle_adjunct,semantic,hard,later_evidence_reversal,FAIL,FAIL,True,gpt,0.99,,,DocumentReference/GLP1-044-NUTR-001;DocumentReference/GLP1-044-PCP-001;DocumentReference/GLP1-044-PCP-002;DocumentReference/GLP1-044-PCP-003,DocumentReference/GLP1-044-PCP-002;DocumentReference/GLP1-044-PCP-003,True,True,7502.5,887.0,136.5,0.003139,False,,,,Final note: not currently following a diet or exercise plan.,"The patient stopped the diet and exercise program and, at the most recent visit, explicitly reported not following a diet or exercise plan. No other ongoing or planned lifestyle modification was documented with Wegovy."
main_gpt,GLP1-044__UHC_WEGOVY_P1114_22_2026_09_01,GLP1-044,UHC_WEGOVY_P1114_22_2026_09_01,gpt,bmi_threshold,deterministic,hard,later_evidence_reversal,PASS,PASS,True,gpt,1.0,,,,Observation/GLP1-044-BMI-2026-08-17,,,7502.5,887.0,136.5,0.003139,False,,,,Latest structured BMI 38.2 (2026-08-17).,"The latest structured BMI is 38.2 kg/m², above the 30 kg/m² threshold; a comorbidity is not required."
main_gpt,GLP1-045__AETNA_WEGOVY_4774C_2026_08_20,GLP1-045,AETNA_WEGOVY_4774C_2026_08_20,gpt,age,deterministic,hard,medication_reconciliation,PASS,PASS,True,gpt,1.0,,,,Patient/GLP1-045,,,13915.8,791.2,184.6,0.003428,False,,,,Age 28 on 2026-09-01 (min 18).,"The patient was 28 years old on the September 1, 2026 request date."
main_gpt,GLP1-045__AETNA_WEGOVY_4774C_2026_08_20,GLP1-045,AETNA_WEGOVY_4774C_2026_08_20,gpt,indication,deterministic,hard,medication_reconciliation,PASS,PASS,True,gpt,0.99,,,,MedicationRequest/GLP1-045-WEGOVY-REQ;DocumentReference/GLP1-045-PCP-003,,,13915.8,791.2,184.6,0.003428,False,,,,Initial Wegovy request for chronic weight management.,"The request is for chronic weight management, and the August visit documents that the patient asked about Wegovy for weight loss."
main_gpt,GLP1-045__AETNA_WEGOVY_4774C_2026_08_20,GLP1-045,AETNA_WEGOVY_4774C_2026_08_20,gpt,adjunct_diet_and_activity,semantic,hard,medication_reconciliation,PASS,PASS,True,gpt,0.98,,,DocumentReference/GLP1-045-NUTR-001;DocumentReference/GLP1-045-NUTR-002;DocumentReference/GLP1-045-PCP-001;DocumentReference/GLP1-045-PCP-002;DocumentReference/GLP1-045-PCP-003;DocumentReference/GLP1-045-PT-001,DocumentReference/GLP1-045-PCP-003;DocumentReference/GLP1-045-NUTR-002;DocumentReference/GLP1-045-NUTR-001,True,,13915.8,791.2,184.6,0.003428,False,,,,Final note documents continued diet AND exercise.,The August 6 note documents continued diet and exercise; the dietitian notes describe a reduced-calorie diet and regular brisk walks.
main_gpt,GLP1-045__AETNA_WEGOVY_4774C_2026_08_20,GLP1-045,AETNA_WEGOVY_4774C_2026_08_20,gpt,program_6_months,semantic_temporal,hard,medication_reconciliation,PASS,PASS,True,gpt,0.97,,,DocumentReference/GLP1-045-NUTR-001;DocumentReference/GLP1-045-NUTR-002;DocumentReference/GLP1-045-PCP-001;DocumentReference/GLP1-045-PCP-002;DocumentReference/GLP1-045-PCP-003;DocumentReference/GLP1-045-PT-001,DocumentReference/GLP1-045-PCP-001;DocumentReference/GLP1-045-NUTR-001;DocumentReference/GLP1-045-PCP-002;DocumentReference/GLP1-045-NUTR-002;DocumentReference/GLP1-045-PCP-003,True,,13915.8,791.2,184.6,0.003428,False,,,,"Continuous program with diet, activity and follow-up; duration computed from dated events. 2025-12-06 -> 2026-08-06 = 8 whole months (min 6).","The diet-and-activity plan began December 6, 2025, with dietitian-led program intake on December 19 and documented follow-up through August 6, 2026. The documented participation spans more than six whole calendar months without a recorded interruption."
main_gpt,GLP1-045__AETNA_WEGOVY_4774C_2026_08_20,GLP1-045,AETNA_WEGOVY_4774C_2026_08_20,gpt,bmi_threshold,deterministic,hard,medication_reconciliation,PASS,PASS,True,gpt,1.0,,,,Observation/GLP1-045-BMI-2026-08-06,,,13915.8,791.2,184.6,0.003428,False,,,,Latest structured BMI 31.1 (2026-08-06).,"The latest structured BMI before the request is 31.1 kg/m², meeting the threshold of 30 without requiring a comorbidity."
main_gpt,GLP1-045__BCBS_FEP_WEGOVY_2026_07_01,GLP1-045,BCBS_FEP_WEGOVY_2026_07_01,gpt,age,deterministic,hard,medication_reconciliation,PASS,PASS,True,gpt,1.0,,,,Patient/GLP1-045,,,13180.4,750.5,123.333333,0.002734,False,,,,Age 28 on 2026-09-01 (min 18).,"The patient was born February 2, 1998, and was 28 on the September 1, 2026 request date."
main_gpt,GLP1-045__BCBS_FEP_WEGOVY_2026_07_01,GLP1-045,BCBS_FEP_WEGOVY_2026_07_01,gpt,indication,deterministic,hard,medication_reconciliation,PASS,PASS,True,gpt,0.99,,,,MedicationRequest/GLP1-045-WEGOVY-REQ;DocumentReference/GLP1-045-PCP-003,,,13180.4,750.5,123.333333,0.002734,False,,,,Initial Wegovy request for chronic weight management.,"The request is for Wegovy for chronic weight management, consistent with the obesity treatment plan."
main_gpt,GLP1-045__BCBS_FEP_WEGOVY_2026_07_01,GLP1-045,BCBS_FEP_WEGOVY_2026_07_01,gpt,bmi_threshold,deterministic,hard,medication_reconciliation,PASS,PASS,True,gpt,1.0,,,,Observation/GLP1-045-BMI-2026-08-06,,,13180.4,750.5,123.333333,0.002734,False,,,,Latest structured BMI 31.1 (2026-08-06).,"The latest structured BMI before the request was 31.1, meeting the BMI ≥30 threshold without a comorbidity requirement."
main_gpt,GLP1-045__BCBS_FEP_WEGOVY_2026_07_01,GLP1-045,BCBS_FEP_WEGOVY_2026_07_01,gpt,weight_management_program,semantic,hard,medication_reconciliation,PASS,PASS,True,gpt,0.99,,,DocumentReference/GLP1-045-NUTR-001;DocumentReference/GLP1-045-NUTR-002;DocumentReference/GLP1-045-PCP-001;DocumentReference/GLP1-045-PCP-002;DocumentReference/GLP1-045-PCP-003,DocumentReference/GLP1-045-NUTR-001;DocumentReference/GLP1-045-NUTR-002;DocumentReference/GLP1-045-PCP-003,True,,13180.4,750.5,123.333333,0.002734,False,,,,Enrolled in a comprehensive program with dietitian visits and follow-ups.,"Dietitian-led program intake and follow-up document participation in dietary changes, food tracking, and physical activity."
main_gpt,GLP1-045__BCBS_FEP_WEGOVY_2026_07_01,GLP1-045,BCBS_FEP_WEGOVY_2026_07_01,gpt,no_concurrent_glp1,medication_reconciliation,hard,medication_reconciliation,CONFLICT,CONFLICT,True,gpt,0.96,,,DocumentReference/GLP1-045-NUTR-002;DocumentReference/GLP1-045-PCP-003;DocumentReference/GLP1-045-PHARM-001;DocumentReference/GLP1-045-TEL-001,MedicationRequest/GLP1-045-ZEPBOUND;DocumentReference/GLP1-045-TEL-001;MedicationDispense/GLP1-045-ZEPBOUND-FILL-2026-08-06,True,,13180.4,750.5,123.333333,0.002734,False,,,,"Phone note (2026-06) says Zepbound discontinued, but a pharmacy dispense on 2026-08-06 is newer — structured evidence newer than narrative.","Although the Zepbound order is marked stopped and the patient said in June she would discontinue it and not refill, an August 6 Zepbound dispense conflicts with that account. Concurrent use cannot be resolved safely."
main_gpt,GLP1-045__BCBS_FEP_WEGOVY_2026_07_01,GLP1-045,BCBS_FEP_WEGOVY_2026_07_01,gpt,no_concurrent_pa_weight_loss_med,medication_reconciliation,hard,medication_reconciliation,CONFLICT,CONFLICT,True,gpt,0.96,,,DocumentReference/GLP1-045-NUTR-002;DocumentReference/GLP1-045-PCP-003;DocumentReference/GLP1-045-PHARM-001;DocumentReference/GLP1-045-TEL-001,MedicationRequest/GLP1-045-ZEPBOUND;DocumentReference/GLP1-045-TEL-001;MedicationDispense/GLP1-045-ZEPBOUND-FILL-2026-08-06,True,,13180.4,750.5,123.333333,0.002734,False,,,,Same Zepbound conflict (Zepbound is on the PA weight-loss list).,"Zepbound is also an Appendix 2 PA weight-loss medication. Its August dispense conflicts with the earlier stopped order and stated plan not to refill, leaving concurrent use unresolved."
main_gpt,GLP1-045__UHC_WEGOVY_P1114_22_2026_09_01,GLP1-045,UHC_WEGOVY_P1114_22_2026_09_01,gpt,age,deterministic,hard,medication_reconciliation,PASS,PASS,True,gpt,1.0,,,,Patient/GLP1-045,,,5750.9,901.0,89.25,0.002694,False,,,,Age 28 on 2026-09-01 (min 12).,"The patient was 28 on the request date, exceeding the minimum age of 12."
main_gpt,GLP1-045__UHC_WEGOVY_P1114_22_2026_09_01,GLP1-045,UHC_WEGOVY_P1114_22_2026_09_01,gpt,indication,deterministic,hard,medication_reconciliation,PASS,PASS,True,gpt,1.0,,,,MedicationRequest/GLP1-045-WEGOVY-REQ;DocumentReference/GLP1-045-PCP-003,,,5750.9,901.0,89.25,0.002694,False,,,,Initial Wegovy request for chronic weight management.,"Wegovy is requested for chronic weight management, and the patient asked about it during an obesity follow-up."
main_gpt,GLP1-045__UHC_WEGOVY_P1114_22_2026_09_01,GLP1-045,UHC_WEGOVY_P1114_22_2026_09_01,gpt,lifestyle_adjunct,semantic,hard,medication_reconciliation,PASS,PASS,True,gpt,0.99,,,DocumentReference/GLP1-045-NUTR-001;DocumentReference/GLP1-045-NUTR-002;DocumentReference/GLP1-045-PCP-001;DocumentReference/GLP1-045-PCP-002;DocumentReference/GLP1-045-PCP-003;DocumentReference/GLP1-045-PT-001,DocumentReference/GLP1-045-PCP-003;DocumentReference/GLP1-045-NUTR-002,True,,5750.9,901.0,89.25,0.002694,False,,,,Final note documents continued diet and exercise.,Recent documentation states the patient continues a diet and exercise plan with dietitian follow-ups.
main_gpt,GLP1-045__UHC_WEGOVY_P1114_22_2026_09_01,GLP1-045,UHC_WEGOVY_P1114_22_2026_09_01,gpt,bmi_threshold,deterministic,hard,medication_reconciliation,PASS,PASS,True,gpt,1.0,,,,Observation/GLP1-045-BMI-2026-08-06,,,5750.9,901.0,89.25,0.002694,False,,,,Latest structured BMI 31.1 (2026-08-06).,"The latest structured BMI is 31.1 kg/m², meeting the BMI ≥30 threshold without requiring a comorbidity."
main_gpt,GLP1-046__AETNA_WEGOVY_4774C_2026_08_20,GLP1-046,AETNA_WEGOVY_4774C_2026_08_20,gpt,age,deterministic,hard,condition_status,PASS,PASS,True,gpt,1.0,,,,Patient/GLP1-046,,,10939.1,796.8,163.2,0.003226,False,,,,Age 35 on 2026-09-01 (min 18).,"The patient was 35 on the September 1, 2026 request date."
main_gpt,GLP1-046__AETNA_WEGOVY_4774C_2026_08_20,GLP1-046,AETNA_WEGOVY_4774C_2026_08_20,gpt,indication,deterministic,hard,condition_status,PASS,PASS,True,gpt,0.99,,,,MedicationRequest/GLP1-046-WEGOVY-REQ;DocumentReference/GLP1-046-PCP-003,,,10939.1,796.8,163.2,0.003226,False,,,,Initial Wegovy request for chronic weight management.,"The request is for chronic weight management, and the recent note plans Wegovy for excess weight."
main_gpt,GLP1-046__AETNA_WEGOVY_4774C_2026_08_20,GLP1-046,AETNA_WEGOVY_4774C_2026_08_20,gpt,adjunct_diet_and_activity,semantic,hard,condition_status,PASS,PASS,True,gpt,0.98,,,DocumentReference/GLP1-046-NUTR-001;DocumentReference/GLP1-046-NUTR-002;DocumentReference/GLP1-046-PCP-001;DocumentReference/GLP1-046-PCP-002;DocumentReference/GLP1-046-PCP-003,DocumentReference/GLP1-046-PCP-001;DocumentReference/GLP1-046-PCP-003,True,,10939.1,796.8,163.2,0.003226,False,,,,Final note documents continued diet AND exercise.,The August 19 note says the patient continues the diet and exercise plan and will continue it with Wegovy. The documented plan includes a reduced-calorie diet and brisk walking.
main_gpt,GLP1-046__AETNA_WEGOVY_4774C_2026_08_20,GLP1-046,AETNA_WEGOVY_4774C_2026_08_20,gpt,program_6_months,semantic_temporal,hard,condition_status,PASS,PASS,True,gpt,0.98,,,DocumentReference/GLP1-046-NUTR-001;DocumentReference/GLP1-046-NUTR-002;DocumentReference/GLP1-046-PCP-001;DocumentReference/GLP1-046-PCP-002;DocumentReference/GLP1-046-PCP-003,DocumentReference/GLP1-046-PCP-001;DocumentReference/GLP1-046-NUTR-001;DocumentReference/GLP1-046-PCP-002;DocumentReference/GLP1-046-NUTR-002;DocumentReference/GLP1-046-PCP-003,True,,10939.1,796.8,163.2,0.003226,False,,,,"Continuous program with diet, activity and follow-up; duration computed from dated events. 2025-12-19 -> 2026-08-19 = 8 whole months (min 6).","Program enrollment began December 19, 2025, with documented diet, activity, and continuing follow-up through August 19, 2026. This exceeds six continuous calendar months."
main_gpt,GLP1-046__AETNA_WEGOVY_4774C_2026_08_20,GLP1-046,AETNA_WEGOVY_4774C_2026_08_20,gpt,bmi_threshold,deterministic,hard,condition_status,FAIL,FAIL,True,gpt,0.96,,,,Observation/GLP1-046-BMI-2026-08-19;Condition/GLP1-046-HTN;DocumentReference/GLP1-046-PCP-003,,,10939.1,796.8,163.2,0.003226,False,,,,"Latest structured BMI 27.3 (2026-08-19). In 27–30 band; comorbidity: FAIL — hypertension documented as resolved (off treatment, normal BP).","The latest structured BMI is 27.3, so approval requires a documented weight-related comorbidity. Hypertension is explicitly resolved, and no other qualifying comorbidity is documented."
main_gpt,GLP1-046__BCBS_FEP_WEGOVY_2026_07_01,GLP1-046,BCBS_FEP_WEGOVY_2026_07_01,gpt,age,deterministic,hard,condition_status,PASS,PASS,True,gpt,1.0,,,,Patient/GLP1-046,,,13705.8,732.166667,153.5,0.002999,False,,,,Age 35 on 2026-09-01 (min 18).,"Born July 31, 1991, the patient was 35 on the September 1, 2026 request date."
main_gpt,GLP1-046__BCBS_FEP_WEGOVY_2026_07_01,GLP1-046,BCBS_FEP_WEGOVY_2026_07_01,gpt,indication,deterministic,hard,condition_status,PASS,PASS,True,gpt,1.0,,,,MedicationRequest/GLP1-046-WEGOVY-REQ,,,13705.8,732.166667,153.5,0.002999,False,,,,Initial Wegovy request for chronic weight management.,The PA request is for initial Wegovy treatment for chronic weight management.
main_gpt,GLP1-046__BCBS_FEP_WEGOVY_2026_07_01,GLP1-046,BCBS_FEP_WEGOVY_2026_07_01,gpt,bmi_threshold,deterministic,hard,condition_status,FAIL,FAIL,True,gpt,0.98,,,,Observation/GLP1-046-BMI-2026-08-19;Condition/GLP1-046-HTN;DocumentReference/GLP1-046-PCP-003,,,13705.8,732.166667,153.5,0.002999,False,,,,"Latest structured BMI 27.3 (2026-08-19). In 27–30 band; comorbidity: FAIL — hypertension documented as resolved (off treatment, normal BP).","The latest structured BMI is 27.3, which requires established cardiovascular disease or a weight-related comorbidity. Hypertension is documented as resolved, and no other qualifying condition is documented."
main_gpt,GLP1-046__BCBS_FEP_WEGOVY_2026_07_01,GLP1-046,BCBS_FEP_WEGOVY_2026_07_01,gpt,weight_management_program,semantic,hard,condition_status,PASS,PASS,True,gpt,0.99,,,DocumentReference/GLP1-046-NUTR-001;DocumentReference/GLP1-046-NUTR-002;DocumentReference/GLP1-046-PCP-001;DocumentReference/GLP1-046-PCP-002;DocumentReference/GLP1-046-PCP-003,DocumentReference/GLP1-046-PCP-001;DocumentReference/GLP1-046-NUTR-001;DocumentReference/GLP1-046-PCP-002;DocumentReference/GLP1-046-NUTR-002;DocumentReference/GLP1-046-PCP-003,True,,13705.8,732.166667,153.5,0.002999,False,,,,Enrolled in a comprehensive program with dietitian visits and follow-ups.,"The patient enrolled in a lifestyle modification program and participated in follow-ups addressing reduced-calorie eating, physical activity, and behavioral changes."
main_gpt,GLP1-046__BCBS_FEP_WEGOVY_2026_07_01,GLP1-046,BCBS_FEP_WEGOVY_2026_07_01,gpt,no_concurrent_glp1,medication_reconciliation,hard,condition_status,PASS,PASS,True,gpt,0.97,,,DocumentReference/GLP1-046-NUTR-002;DocumentReference/GLP1-046-PCP-003;DocumentReference/GLP1-046-PHARM-001,MedicationRequest/GLP1-046-WEGOVY-REQ;DocumentReference/GLP1-046-PCP-003;MedicationRequest/GLP1-046-TRIAMCINOLON;MedicationRequest/GLP1-046-SERTRALINE;MedicationStatement/GLP1-046-CETIRIZINE;MedicationStatement/GLP1-046-IBUPROFEN,,,13705.8,732.166667,153.5,0.002999,False,,,,No GLP-1 or anti-obesity medication in structured data or notes.,"No other GLP-1 therapy is documented among current medications. The draft Wegovy order is the requested therapy, not concurrent treatment."
main_gpt,GLP1-046__BCBS_FEP_WEGOVY_2026_07_01,GLP1-046,BCBS_FEP_WEGOVY_2026_07_01,gpt,no_concurrent_pa_weight_loss_med,medication_reconciliation,hard,condition_status,PASS,PASS,True,gpt,0.97,,,DocumentReference/GLP1-046-NUTR-002;DocumentReference/GLP1-046-PCP-003;DocumentReference/GLP1-046-PHARM-001,MedicationRequest/GLP1-046-WEGOVY-REQ;DocumentReference/GLP1-046-PCP-003;MedicationRequest/GLP1-046-TRIAMCINOLON;MedicationRequest/GLP1-046-SERTRALINE;MedicationStatement/GLP1-046-CETIRIZINE;MedicationStatement/GLP1-046-IBUPROFEN,,,13705.8,732.166667,153.5,0.002999,False,,,,No PA weight-loss medication in structured data or notes.,No other Appendix 2 PA weight-loss medication is documented among current medications. The draft Wegovy order is excluded from the concurrency assessment.
main_gpt,GLP1-046__UHC_WEGOVY_P1114_22_2026_09_01,GLP1-046,UHC_WEGOVY_P1114_22_2026_09_01,gpt,age,deterministic,hard,condition_status,PASS,PASS,True,gpt,1.0,,,,Patient/GLP1-046,,,7830.2,910.0,119.5,0.003015,False,,,,Age 35 on 2026-09-01 (min 12).,"The recorded birth date makes the patient 35 on the request date, above the minimum age of 12."
main_gpt,GLP1-046__UHC_WEGOVY_P1114_22_2026_09_01,GLP1-046,UHC_WEGOVY_P1114_22_2026_09_01,gpt,indication,deterministic,hard,condition_status,PASS,PASS,True,gpt,1.0,,,,MedicationRequest/GLP1-046-WEGOVY-REQ;DocumentReference/GLP1-046-PCP-003,,,7830.2,910.0,119.5,0.003015,False,,,,Initial Wegovy request for chronic weight management.,"The request is for chronic weight management, and the prescribing note documents Wegovy for overweight and a weight-loss plateau."
main_gpt,GLP1-046__UHC_WEGOVY_P1114_22_2026_09_01,GLP1-046,UHC_WEGOVY_P1114_22_2026_09_01,gpt,lifestyle_adjunct,semantic,hard,condition_status,PASS,PASS,True,gpt,0.99,,,DocumentReference/GLP1-046-NUTR-001;DocumentReference/GLP1-046-NUTR-002;DocumentReference/GLP1-046-PCP-001;DocumentReference/GLP1-046-PCP-002;DocumentReference/GLP1-046-PCP-003,DocumentReference/GLP1-046-PCP-003,True,,7830.2,910.0,119.5,0.003015,False,,,,Final note documents continued diet and exercise.,"The August 19 note documents that the patient continues his diet and exercise plan and program follow-ups, with a plan to continue alongside Wegovy."
main_gpt,GLP1-046__UHC_WEGOVY_P1114_22_2026_09_01,GLP1-046,UHC_WEGOVY_P1114_22_2026_09_01,gpt,bmi_threshold,deterministic,hard,condition_status,FAIL,FAIL,True,gpt,0.98,,,,Observation/GLP1-046-BMI-2026-08-19;Condition/GLP1-046-HTN;DocumentReference/GLP1-046-PCP-003,,,7830.2,910.0,119.5,0.003015,False,,,,"Latest structured BMI 27.3 (2026-08-19). In 27–30 band; comorbidity: FAIL — hypertension documented as resolved (off treatment, normal BP).","The latest structured BMI is 27.3, below 30. The documented hypertension is resolved, and the recent note confirms normal blood pressure off treatment; no current qualifying weight-related comorbidity is documented."
main_gpt,GLP1-047__AETNA_WEGOVY_4774C_2026_08_20,GLP1-047,AETNA_WEGOVY_4774C_2026_08_20,gpt,age,deterministic,hard,retrieval_stress;long_context,PASS,PASS,True,gpt,1.0,,,,Patient/GLP1-047,,,15862.0,1044.4,222.2,0.004311,False,,,,Age 42 on 2026-09-01 (min 18).,"The birth date of March 27, 1984 makes the patient 42 on the September 1, 2026 request date."
main_gpt,GLP1-047__AETNA_WEGOVY_4774C_2026_08_20,GLP1-047,AETNA_WEGOVY_4774C_2026_08_20,gpt,indication,deterministic,hard,retrieval_stress;long_context,PASS,PASS,True,gpt,1.0,,,,MedicationRequest/GLP1-047-WEGOVY-REQ,,,15862.0,1044.4,222.2,0.004311,False,,,,Initial Wegovy request for chronic weight management.,The PA request specifies chronic weight management as the indication for Wegovy.
main_gpt,GLP1-047__AETNA_WEGOVY_4774C_2026_08_20,GLP1-047,AETNA_WEGOVY_4774C_2026_08_20,gpt,adjunct_diet_and_activity,semantic,hard,retrieval_stress;long_context,PASS,PASS,True,gpt,0.83,,,DocumentReference/GLP1-047-GI-001;DocumentReference/GLP1-047-LAB-003;DocumentReference/GLP1-047-ORTH-002;DocumentReference/GLP1-047-PCP-001;DocumentReference/GLP1-047-UC-002,DocumentReference/GLP1-047-UC-002;DocumentReference/GLP1-047-ORTH-002;DocumentReference/GLP1-047-LAB-003;DocumentReference/GLP1-047-PCP-001,True,,15862.0,1044.4,222.2,0.004311,False,,,,Program meal plan and exercise documented as ongoing.,"The program began with calorie tracking and biking; the April note documents adherence to its meal plan, and the August note says she remains in the program and is doing home strengthening. These recent notes support continuing diet and activity alongside the planned medication."
main_gpt,GLP1-047__AETNA_WEGOVY_4774C_2026_08_20,GLP1-047,AETNA_WEGOVY_4774C_2026_08_20,gpt,program_6_months,semantic_temporal,hard,retrieval_stress;long_context,PASS,PASS,True,gpt,0.93,,,DocumentReference/GLP1-047-DERM-001;DocumentReference/GLP1-047-GI-001;DocumentReference/GLP1-047-ORTH-002;DocumentReference/GLP1-047-PCP-001;DocumentReference/GLP1-047-UC-002,DocumentReference/GLP1-047-UC-002;DocumentReference/GLP1-047-ORTH-002;DocumentReference/GLP1-047-LAB-003;DocumentReference/GLP1-047-PCP-001,True,,15862.0,1044.4,222.2,0.004311,False,,,,Program start (Dec) and continuation evidence scattered across notes; duration computed. 2025-12-04 -> 2026-08-04 = 8 whole months (min 6).,"The 12-month lifestyle program was starting by December 4, 2025, and participation was documented again in February, April, and August 2026, with no documented interruption. Its calorie-tracking, activity, and ongoing documented participation span eight whole calendar months."
main_gpt,GLP1-047__AETNA_WEGOVY_4774C_2026_08_20,GLP1-047,AETNA_WEGOVY_4774C_2026_08_20,gpt,bmi_threshold,deterministic,hard,retrieval_stress;long_context,PASS,PASS,True,gpt,1.0,,,,Observation/GLP1-047-BMI-2026-08-04,,,15862.0,1044.4,222.2,0.004311,False,,,,Latest structured BMI 34.4 (2026-08-04).,"The latest structured BMI before the request is 34.4 kg/m², meeting the ≥30 threshold without requiring a comorbidity."
main_gpt,GLP1-047__BCBS_FEP_WEGOVY_2026_07_01,GLP1-047,BCBS_FEP_WEGOVY_2026_07_01,gpt,age,deterministic,hard,retrieval_stress;long_context,PASS,PASS,True,gpt,1.0,,,,Patient/GLP1-047,,,14171.5,943.166667,158.333333,0.00347,False,,,,Age 42 on 2026-09-01 (min 18).,"Born 1984-03-27, the patient was 42 on the 2026-09-01 request date."
main_gpt,GLP1-047__BCBS_FEP_WEGOVY_2026_07_01,GLP1-047,BCBS_FEP_WEGOVY_2026_07_01,gpt,indication,deterministic,hard,retrieval_stress;long_context,PASS,PASS,True,gpt,1.0,,,,MedicationRequest/GLP1-047-WEGOVY-REQ;DocumentReference/GLP1-047-PCP-001,,,14171.5,943.166667,158.333333,0.00347,False,,,,Initial Wegovy request for chronic weight management.,"The PA request specifies chronic weight management, and the primary care note plans Wegovy treatment for obesity."
main_gpt,GLP1-047__BCBS_FEP_WEGOVY_2026_07_01,GLP1-047,BCBS_FEP_WEGOVY_2026_07_01,gpt,bmi_threshold,deterministic,hard,retrieval_stress;long_context,PASS,PASS,True,gpt,1.0,,,,Observation/GLP1-047-BMI-2026-08-04,,,14171.5,943.166667,158.333333,0.00347,False,,,,Latest structured BMI 34.4 (2026-08-04).,"The latest structured BMI before the request is 34.4, meeting the BMI ≥30 threshold without a comorbidity requirement."
main_gpt,GLP1-047__BCBS_FEP_WEGOVY_2026_07_01,GLP1-047,BCBS_FEP_WEGOVY_2026_07_01,gpt,weight_management_program,semantic,hard,retrieval_stress;long_context,PASS,PASS,True,gpt,0.99,,,DocumentReference/GLP1-047-LAB-003;DocumentReference/GLP1-047-ORTH-002;DocumentReference/GLP1-047-PCP-001;DocumentReference/GLP1-047-UC-002,DocumentReference/GLP1-047-UC-002;DocumentReference/GLP1-047-ORTH-002;DocumentReference/GLP1-047-LAB-003;DocumentReference/GLP1-047-PCP-001,True,,14171.5,943.166667,158.333333,0.00347,False,,,,Enrolled in a comprehensive program with dietitian visits and follow-ups.,"The patient reported starting a lifestyle modification program with calorie tracking, dietary changes, and exercise in December 2025. Subsequent notes document continued participation and adherence to its meal plan."
main_gpt,GLP1-047__BCBS_FEP_WEGOVY_2026_07_01,GLP1-047,BCBS_FEP_WEGOVY_2026_07_01,gpt,no_concurrent_glp1,medication_reconciliation,hard,retrieval_stress;long_context,PASS,PASS,True,gpt,0.97,,,DocumentReference/GLP1-047-LAB-002;DocumentReference/GLP1-047-LAB-003;DocumentReference/GLP1-047-ORTH-001;DocumentReference/GLP1-047-OSR-001;DocumentReference/GLP1-047-PCP-001,MedicationRequest/GLP1-047-TRIAMCINOLON;MedicationRequest/GLP1-047-SERTRALINE;MedicationRequest/GLP1-047-SUMATRIPTAN;MedicationStatement/GLP1-047-IBUPROFEN;MedicationStatement/GLP1-047-VITAMIN;MedicationRequest/GLP1-047-WEGOVY-REQ,,,14171.5,943.166667,158.333333,0.00347,False,,,,No GLP-1 or anti-obesity medication in structured data or notes.,"The listed active medications include no other GLP-1 receptor agonist. The draft Wegovy order is the request under review, not concurrent therapy."
main_gpt,GLP1-047__BCBS_FEP_WEGOVY_2026_07_01,GLP1-047,BCBS_FEP_WEGOVY_2026_07_01,gpt,no_concurrent_pa_weight_loss_med,medication_reconciliation,hard,retrieval_stress;long_context,PASS,PASS,True,gpt,0.97,,,DocumentReference/GLP1-047-LAB-002;DocumentReference/GLP1-047-LAB-003;DocumentReference/GLP1-047-ORTH-001;DocumentReference/GLP1-047-OSR-001;DocumentReference/GLP1-047-PCP-001,MedicationRequest/GLP1-047-TRIAMCINOLON;MedicationRequest/GLP1-047-SERTRALINE;MedicationRequest/GLP1-047-SUMATRIPTAN;MedicationStatement/GLP1-047-IBUPROFEN;MedicationStatement/GLP1-047-VITAMIN;MedicationRequest/GLP1-047-WEGOVY-REQ,,,14171.5,943.166667,158.333333,0.00347,False,,,,No PA weight-loss medication in structured data or notes.,The listed active medications include no other Appendix 2 PA weight-loss medication. The draft Wegovy order is excluded from the concurrent-therapy assessment.
main_gpt,GLP1-047__UHC_WEGOVY_P1114_22_2026_09_01,GLP1-047,UHC_WEGOVY_P1114_22_2026_09_01,gpt,age,deterministic,hard,retrieval_stress;long_context,PASS,PASS,True,gpt,1.0,,,,Patient/GLP1-047,,,6278.5,1217.5,121.0,0.003645,False,,,,Age 42 on 2026-09-01 (min 12).,"The recorded birth date is 1984-03-27, making the patient 42 on the request date."
main_gpt,GLP1-047__UHC_WEGOVY_P1114_22_2026_09_01,GLP1-047,UHC_WEGOVY_P1114_22_2026_09_01,gpt,indication,deterministic,hard,retrieval_stress;long_context,PASS,PASS,True,gpt,1.0,,,,MedicationRequest/GLP1-047-WEGOVY-REQ,,,6278.5,1217.5,121.0,0.003645,False,,,,Initial Wegovy request for chronic weight management.,The PA request identifies chronic weight management as the indication for Wegovy.
main_gpt,GLP1-047__UHC_WEGOVY_P1114_22_2026_09_01,GLP1-047,UHC_WEGOVY_P1114_22_2026_09_01,gpt,lifestyle_adjunct,semantic,hard,retrieval_stress;long_context,PASS,PASS,True,gpt,0.98,,,DocumentReference/GLP1-047-DERM-001;DocumentReference/GLP1-047-GI-001;DocumentReference/GLP1-047-ORTH-002;DocumentReference/GLP1-047-PCP-001;DocumentReference/GLP1-047-UC-002,DocumentReference/GLP1-047-PCP-001;DocumentReference/GLP1-047-LAB-003,True,,6278.5,1217.5,121.0,0.003645,False,,,,Final note: 'despite staying with the program'.,"The August 4 note says the patient is staying with her weight program, and the April 4 note documents adherence to its meal plan. Both are within 180 days of the request."
main_gpt,GLP1-047__UHC_WEGOVY_P1114_22_2026_09_01,GLP1-047,UHC_WEGOVY_P1114_22_2026_09_01,gpt,bmi_threshold,deterministic,hard,retrieval_stress;long_context,PASS,PASS,True,gpt,1.0,,,,Observation/GLP1-047-BMI-2026-08-04,,,6278.5,1217.5,121.0,0.003645,False,,,,Latest structured BMI 34.4 (2026-08-04).,"The latest structured BMI is 34.4 kg/m², exceeding the primary threshold of 30."
main_gpt,GLP1-048__AETNA_WEGOVY_4774C_2026_08_20,GLP1-048,AETNA_WEGOVY_4774C_2026_08_20,gpt,age,deterministic,hard,retrieval_stress;irrelevant_context,PASS,PASS,True,gpt,1.0,,,,Patient/GLP1-048,,,9309.9,904.4,130.8,0.003117,False,,,,Age 49 on 2026-09-01 (min 18).,"Born February 15, 1977, the patient was 49 on the September 1, 2026 request date."
main_gpt,GLP1-048__AETNA_WEGOVY_4774C_2026_08_20,GLP1-048,AETNA_WEGOVY_4774C_2026_08_20,gpt,indication,deterministic,hard,retrieval_stress;irrelevant_context,PASS,PASS,True,gpt,1.0,,,,MedicationRequest/GLP1-048-WEGOVY-REQ;DocumentReference/GLP1-048-PCP-001,,,9309.9,904.4,130.8,0.003117,False,,,,Initial Wegovy request for chronic weight management.,The requested Wegovy order and the primary care plan identify treatment of obesity for chronic weight management.
main_gpt,GLP1-048__AETNA_WEGOVY_4774C_2026_08_20,GLP1-048,AETNA_WEGOVY_4774C_2026_08_20,gpt,adjunct_diet_and_activity,semantic,hard,retrieval_stress;irrelevant_context,PASS,PASS,True,gpt,0.99,,,DocumentReference/GLP1-048-GI-001;DocumentReference/GLP1-048-ORTH-001;DocumentReference/GLP1-048-PCP-001;DocumentReference/GLP1-048-PT-001,DocumentReference/GLP1-048-PCP-001,True,,9309.9,904.4,130.8,0.003117,False,,,,Final note documents ongoing diet and walking.,"The August 19 note documents a portion-controlled, approximately 1,800-kcal/day diet and walking 30 minutes three days weekly, with a plan to continue both alongside Wegovy."
main_gpt,GLP1-048__AETNA_WEGOVY_4774C_2026_08_20,GLP1-048,AETNA_WEGOVY_4774C_2026_08_20,gpt,program_6_months,semantic_temporal,hard,retrieval_stress;irrelevant_context,PASS,PASS,True,gpt,0.96,,,DocumentReference/GLP1-048-GI-001;DocumentReference/GLP1-048-ORTH-001;DocumentReference/GLP1-048-PCP-001;DocumentReference/GLP1-048-PT-001,DocumentReference/GLP1-048-PCP-001,True,,9309.9,904.4,130.8,0.003117,False,,,,Single note documents program since mid-December with monthly check-ins; duration computed. 2025-12-19 -> 2026-08-19 = 8 whole months (min 6).,"The August 19 note documents continuous participation since mid-December 2025 in a dietitian-led program with a food diary, reduced-calorie eating, walking, and monthly check-ins—more than six whole calendar months."
main_gpt,GLP1-048__AETNA_WEGOVY_4774C_2026_08_20,GLP1-048,AETNA_WEGOVY_4774C_2026_08_20,gpt,bmi_threshold,deterministic,hard,retrieval_stress;irrelevant_context,PASS,PASS,True,gpt,1.0,,,,Observation/GLP1-048-BMI-2026-08-19,,,9309.9,904.4,130.8,0.003117,False,,,,Latest structured BMI 36.8 (2026-08-19).,"The latest structured BMI before the request was 36.8 kg/m², exceeding the 30 kg/m² threshold without needing a comorbidity."
main_gpt,GLP1-048__BCBS_FEP_WEGOVY_2026_07_01,GLP1-048,BCBS_FEP_WEGOVY_2026_07_01,gpt,age,deterministic,hard,retrieval_stress;irrelevant_context,PASS,PASS,True,gpt,1.0,,,,Patient/GLP1-048,,,10278.0,946.333333,120.833333,0.003101,False,,,,Age 49 on 2026-09-01 (min 18).,"Born February 15, 1977, the patient was 49 on the September 1, 2026 request date."
main_gpt,GLP1-048__BCBS_FEP_WEGOVY_2026_07_01,GLP1-048,BCBS_FEP_WEGOVY_2026_07_01,gpt,indication,deterministic,hard,retrieval_stress;irrelevant_context,PASS,PASS,True,gpt,1.0,,,,MedicationRequest/GLP1-048-WEGOVY-REQ;DocumentReference/GLP1-048-PCP-001,,,10278.0,946.333333,120.833333,0.003101,False,,,,Initial Wegovy request for chronic weight management.,"The request is for chronic weight management, and the PCP plans Wegovy for obesity."
main_gpt,GLP1-048__BCBS_FEP_WEGOVY_2026_07_01,GLP1-048,BCBS_FEP_WEGOVY_2026_07_01,gpt,bmi_threshold,deterministic,hard,retrieval_stress;irrelevant_context,PASS,PASS,True,gpt,1.0,,,,Observation/GLP1-048-BMI-2026-08-19,,,10278.0,946.333333,120.833333,0.003101,False,,,,Latest structured BMI 36.8 (2026-08-19).,"The latest structured BMI is 36.8 kg/m², exceeding the 30 kg/m² threshold."
main_gpt,GLP1-048__BCBS_FEP_WEGOVY_2026_07_01,GLP1-048,BCBS_FEP_WEGOVY_2026_07_01,gpt,weight_management_program,semantic,hard,retrieval_stress;irrelevant_context,PASS,PASS,True,gpt,0.99,,,DocumentReference/GLP1-048-GI-001;DocumentReference/GLP1-048-ORTH-001;DocumentReference/GLP1-048-PCP-001;DocumentReference/GLP1-048-PT-001,DocumentReference/GLP1-048-PCP-001,True,,10278.0,946.333333,120.833333,0.003101,False,,,,Enrolled in a comprehensive program with dietitian visits and follow-ups.,"The PCP documents participation since December 2025 in a dietitian-led program with a reduced-calorie eating plan, food diary, walking, and monthly check-ins."
main_gpt,GLP1-048__BCBS_FEP_WEGOVY_2026_07_01,GLP1-048,BCBS_FEP_WEGOVY_2026_07_01,gpt,no_concurrent_glp1,medication_reconciliation,hard,retrieval_stress;irrelevant_context,PASS,PASS,True,gpt,0.97,,,DocumentReference/GLP1-048-IMM-001;DocumentReference/GLP1-048-LAB-003;DocumentReference/GLP1-048-ORTH-001;DocumentReference/GLP1-048-PCP-001;DocumentReference/GLP1-048-PHARM-001,MedicationRequest/GLP1-048-AMLODIPINE;MedicationRequest/GLP1-048-SERTRALINE;MedicationRequest/GLP1-048-TRIAMCINOLON;MedicationStatement/GLP1-048-CETIRIZINE;MedicationRequest/GLP1-048-WEGOVY-REQ;DocumentReference/GLP1-048-PCP-001,,,10278.0,946.333333,120.833333,0.003101,False,,,,No GLP-1 or anti-obesity medication in structured data or notes.,"No other GLP-1 therapy is documented among current medications. The draft Wegovy order is the requested therapy, not concurrent treatment."
main_gpt,GLP1-048__BCBS_FEP_WEGOVY_2026_07_01,GLP1-048,BCBS_FEP_WEGOVY_2026_07_01,gpt,no_concurrent_pa_weight_loss_med,medication_reconciliation,hard,retrieval_stress;irrelevant_context,PASS,PASS,True,gpt,0.97,,,DocumentReference/GLP1-048-IMM-001;DocumentReference/GLP1-048-LAB-003;DocumentReference/GLP1-048-ORTH-001;DocumentReference/GLP1-048-PCP-001;DocumentReference/GLP1-048-PHARM-001,MedicationRequest/GLP1-048-AMLODIPINE;MedicationRequest/GLP1-048-SERTRALINE;MedicationRequest/GLP1-048-TRIAMCINOLON;MedicationStatement/GLP1-048-CETIRIZINE;MedicationRequest/GLP1-048-WEGOVY-REQ;DocumentReference/GLP1-048-PCP-001,,,10278.0,946.333333,120.833333,0.003101,False,,,,No PA weight-loss medication in structured data or notes.,No other Appendix 2 weight-loss medication is documented among current medications. The draft Wegovy order is excluded from concurrent therapy.
main_gpt,GLP1-048__UHC_WEGOVY_P1114_22_2026_09_01,GLP1-048,UHC_WEGOVY_P1114_22_2026_09_01,gpt,age,deterministic,hard,retrieval_stress;irrelevant_context,PASS,PASS,True,gpt,1.0,,,,Patient/GLP1-048,,,5691.8,1044.5,100.75,0.003096,False,,,,Age 49 on 2026-09-01 (min 12).,"Birth date 1977-02-15 makes the patient 49 on the 2026-09-01 request date, above the minimum age of 12."
main_gpt,GLP1-048__UHC_WEGOVY_P1114_22_2026_09_01,GLP1-048,UHC_WEGOVY_P1114_22_2026_09_01,gpt,indication,deterministic,hard,retrieval_stress;irrelevant_context,PASS,PASS,True,gpt,1.0,,,,MedicationRequest/GLP1-048-WEGOVY-REQ;DocumentReference/GLP1-048-PCP-001,,,5691.8,1044.5,100.75,0.003096,False,,,,Initial Wegovy request for chronic weight management.,"The request is for chronic weight management, and the primary care note plans Wegovy for obesity."
main_gpt,GLP1-048__UHC_WEGOVY_P1114_22_2026_09_01,GLP1-048,UHC_WEGOVY_P1114_22_2026_09_01,gpt,lifestyle_adjunct,semantic,hard,retrieval_stress;irrelevant_context,PASS,PASS,True,gpt,0.99,,,DocumentReference/GLP1-048-GI-001;DocumentReference/GLP1-048-ORTH-001;DocumentReference/GLP1-048-PCP-001;DocumentReference/GLP1-048-PT-001,DocumentReference/GLP1-048-PCP-001,True,,5691.8,1044.5,100.75,0.003096,False,,,,Final note documents ongoing plate method and walking.,"The 2026-08-19 note documents ongoing portion control, food diary, walking, and dietitian check-ins, with a plan to continue the plate method and walking alongside Wegovy."
main_gpt,GLP1-048__UHC_WEGOVY_P1114_22_2026_09_01,GLP1-048,UHC_WEGOVY_P1114_22_2026_09_01,gpt,bmi_threshold,deterministic,hard,retrieval_stress;irrelevant_context,PASS,PASS,True,gpt,1.0,,,,Observation/GLP1-048-BMI-2026-08-19,,,5691.8,1044.5,100.75,0.003096,False,,,,Latest structured BMI 36.8 (2026-08-19).,"The latest structured BMI is 36.8 kg/m², exceeding the primary threshold of 30; a comorbidity is not required."
main_gpt,GLP1-049__AETNA_WEGOVY_4774C_2026_08_20,GLP1-049,AETNA_WEGOVY_4774C_2026_08_20,gpt,age,deterministic,hard,contradiction;medication_reconciliation;temporality,PASS,PASS,True,gpt,1.0,,,,Patient/GLP1-049,,,10190.2,831.2,129.4,0.002956,False,,,,Age 56 on 2026-09-01 (min 18).,"The recorded birth date makes the patient 56 on the request date, exceeding the minimum age of 18."
main_gpt,GLP1-049__AETNA_WEGOVY_4774C_2026_08_20,GLP1-049,AETNA_WEGOVY_4774C_2026_08_20,gpt,indication,deterministic,hard,contradiction;medication_reconciliation;temporality,PASS,PASS,True,gpt,1.0,,,,MedicationRequest/GLP1-049-WEGOVY-REQ;DocumentReference/GLP1-049-PCP-002,,,10190.2,831.2,129.4,0.002956,False,,,,Initial Wegovy request for chronic weight management.,"The request is for chronic weight management, and the prescriber plans Wegovy for excess weight."
main_gpt,GLP1-049__AETNA_WEGOVY_4774C_2026_08_20,GLP1-049,AETNA_WEGOVY_4774C_2026_08_20,gpt,adjunct_diet_and_activity,semantic,hard,contradiction;medication_reconciliation;temporality,PASS,PASS,True,gpt,0.93,,,DocumentReference/GLP1-049-NUTR-001;DocumentReference/GLP1-049-PCP-001;DocumentReference/GLP1-049-PCP-002;DocumentReference/GLP1-049-PT-001,DocumentReference/GLP1-049-NUTR-001;DocumentReference/GLP1-049-PCP-002,True,,10190.2,831.2,129.4,0.002956,False,,,,Meal plan and walking documented.,The July dietitian note documents a reduced-calorie meal plan and walking most days; the August visit says the patient continues the program and plans to continue it with Wegovy.
main_gpt,GLP1-049__AETNA_WEGOVY_4774C_2026_08_20,GLP1-049,AETNA_WEGOVY_4774C_2026_08_20,gpt,program_6_months,semantic_temporal,hard,contradiction;medication_reconciliation;temporality,CONFLICT,CONFLICT,True,gpt,0.97,,,DocumentReference/GLP1-049-NUTR-001;DocumentReference/GLP1-049-PCP-001;DocumentReference/GLP1-049-PCP-002;DocumentReference/GLP1-049-PT-001,DocumentReference/GLP1-049-PCP-001;DocumentReference/GLP1-049-NUTR-001;DocumentReference/GLP1-049-PCP-002,True,True,10190.2,831.2,129.4,0.002956,False,,,,PCP: program since November 2025 (>= 6 months); dietitian: began April 2026 (< 6 months) — contradictory start dates.,"The June note says the continuing weight-management program began in November 2025, but the July dietitian note says it began in April 2026. Those start dates lead to different conclusions about six months of continuous participation before therapy."
main_gpt,GLP1-049__AETNA_WEGOVY_4774C_2026_08_20,GLP1-049,AETNA_WEGOVY_4774C_2026_08_20,gpt,bmi_threshold,deterministic,hard,contradiction;medication_reconciliation;temporality,PASS,PASS,True,gpt,1.0,,,,Observation/GLP1-049-BMI-2026-08-21;Condition/GLP1-049-DYSLIP,,,10190.2,831.2,129.4,0.002956,False,,,,Latest structured BMI 29.1 (2026-08-21). In 27–30 band; comorbidity: PASS — dyslipidemia documented.,"The latest structured BMI is 29.1, and an active dyslipidemia diagnosis satisfies the documented weight-related comorbidity requirement for BMI of at least 27."
main_gpt,GLP1-049__BCBS_FEP_WEGOVY_2026_07_01,GLP1-049,BCBS_FEP_WEGOVY_2026_07_01,gpt,age,deterministic,hard,contradiction;medication_reconciliation;temporality,PASS,PASS,True,gpt,1.0,,,,Patient/GLP1-049,,,12773.9,783.333333,140.833333,0.002975,False,,,,Age 56 on 2026-09-01 (min 18).,"The recorded birth date makes the patient 56 on the request date, exceeding the minimum age of 18."
main_gpt,GLP1-049__BCBS_FEP_WEGOVY_2026_07_01,GLP1-049,BCBS_FEP_WEGOVY_2026_07_01,gpt,indication,deterministic,hard,contradiction;medication_reconciliation;temporality,PASS,PASS,True,gpt,1.0,,,,MedicationRequest/GLP1-049-WEGOVY-REQ;DocumentReference/GLP1-049-PCP-002,,,12773.9,783.333333,140.833333,0.002975,False,,,,Initial Wegovy request for chronic weight management.,"The request is for chronic weight management, and the treatment plan addresses overweight with Wegovy."
main_gpt,GLP1-049__BCBS_FEP_WEGOVY_2026_07_01,GLP1-049,BCBS_FEP_WEGOVY_2026_07_01,gpt,bmi_threshold,deterministic,hard,contradiction;medication_reconciliation;temporality,PASS,PASS,True,gpt,1.0,,,,Observation/GLP1-049-BMI-2026-08-21;Condition/GLP1-049-DYSLIP,,,12773.9,783.333333,140.833333,0.002975,False,,,,Latest structured BMI 29.1 (2026-08-21). In 27–30 band; comorbidity: PASS — dyslipidemia documented.,"The latest structured BMI is 29.1, and active dyslipidemia is a qualifying weight-related comorbidity."
main_gpt,GLP1-049__BCBS_FEP_WEGOVY_2026_07_01,GLP1-049,BCBS_FEP_WEGOVY_2026_07_01,gpt,weight_management_program,semantic,hard,contradiction;medication_reconciliation;temporality,PASS,PASS,True,gpt,0.98,,,DocumentReference/GLP1-049-GI-001;DocumentReference/GLP1-049-NUTR-001;DocumentReference/GLP1-049-PCP-001;DocumentReference/GLP1-049-PT-001,DocumentReference/GLP1-049-PCP-001;DocumentReference/GLP1-049-NUTR-001;DocumentReference/GLP1-049-PCP-002,True,,12773.9,783.333333,140.833333,0.002975,False,,,,Enrolled in a weight-management program (both sources agree on participation).,"The notes document participation in a continuing program with food logging, a reduced-calorie meal plan, and walking. The notes differ on its start date, but either date establishes participation; the policy specifies no minimum duration."
main_gpt,GLP1-049__BCBS_FEP_WEGOVY_2026_07_01,GLP1-049,BCBS_FEP_WEGOVY_2026_07_01,gpt,no_concurrent_glp1,medication_reconciliation,hard,contradiction;medication_reconciliation;temporality,PASS,PASS,True,gpt,0.99,,,DocumentReference/GLP1-049-LAB-001;DocumentReference/GLP1-049-NUTR-001;DocumentReference/GLP1-049-PCP-002;DocumentReference/GLP1-049-PHARM-001,MedicationStatement/GLP1-049-SAXENDA;DocumentReference/GLP1-049-PCP-002;MedicationRequest/GLP1-049-WEGOVY-REQ,True,,12773.9,783.333333,140.833333,0.002975,False,,,,Liraglutide stopped in 2024; not concurrent.,"Saxenda is recorded as completed, and the recent note confirms it was stopped in 2024. The draft Wegovy order is excluded from the concurrent-therapy assessment."
main_gpt,GLP1-049__BCBS_FEP_WEGOVY_2026_07_01,GLP1-049,BCBS_FEP_WEGOVY_2026_07_01,gpt,no_concurrent_pa_weight_loss_med,medication_reconciliation,hard,contradiction;medication_reconciliation;temporality,PASS,PASS,True,gpt,0.99,,,DocumentReference/GLP1-049-LAB-001;DocumentReference/GLP1-049-NUTR-001;DocumentReference/GLP1-049-PCP-002;DocumentReference/GLP1-049-PHARM-001,MedicationStatement/GLP1-049-SAXENDA;DocumentReference/GLP1-049-PCP-002;MedicationRequest/GLP1-049-WEGOVY-REQ,True,,12773.9,783.333333,140.833333,0.002975,False,,,,Saxenda stopped in 2024; not concurrent.,"The documented prior PA weight-loss medication, Saxenda, was stopped; no other concurrent Appendix 2 medication is documented. The draft Wegovy order is excluded."
main_gpt,GLP1-049__UHC_WEGOVY_P1114_22_2026_09_01,GLP1-049,UHC_WEGOVY_P1114_22_2026_09_01,gpt,age,deterministic,hard,contradiction;medication_reconciliation;temporality,PASS,PASS,True,gpt,1.0,,,,Patient/GLP1-049,,,7095.3,953.0,111.0,0.003016,False,,,,Age 56 on 2026-09-01 (min 12).,"The recorded birth date makes the patient 56 years old on the request date, exceeding the minimum age of 12."
main_gpt,GLP1-049__UHC_WEGOVY_P1114_22_2026_09_01,GLP1-049,UHC_WEGOVY_P1114_22_2026_09_01,gpt,indication,deterministic,hard,contradiction;medication_reconciliation;temporality,PASS,PASS,True,gpt,1.0,,,,MedicationRequest/GLP1-049-WEGOVY-REQ;DocumentReference/GLP1-049-PCP-002,,,7095.3,953.0,111.0,0.003016,False,,,,Initial Wegovy request for chronic weight management.,"The request is for chronic weight management, and the prescribing note plans Wegovy for overweight."
main_gpt,GLP1-049__UHC_WEGOVY_P1114_22_2026_09_01,GLP1-049,UHC_WEGOVY_P1114_22_2026_09_01,gpt,lifestyle_adjunct,semantic,hard,contradiction;medication_reconciliation;temporality,PASS,PASS,True,gpt,0.99,,,DocumentReference/GLP1-049-NUTR-001;DocumentReference/GLP1-049-PCP-001;DocumentReference/GLP1-049-PCP-002;DocumentReference/GLP1-049-PT-001,DocumentReference/GLP1-049-PCP-002;DocumentReference/GLP1-049-NUTR-001,True,,7095.3,953.0,111.0,0.003016,False,,,,Continues the program.,The August note documents that the patient continues a weight-management program alongside planned Wegovy; the July note describes an ongoing reduced-calorie meal plan and walking. Both are within 180 days of the request.
main_gpt,GLP1-049__UHC_WEGOVY_P1114_22_2026_09_01,GLP1-049,UHC_WEGOVY_P1114_22_2026_09_01,gpt,bmi_threshold,deterministic,hard,contradiction;medication_reconciliation;temporality,PASS,PASS,True,gpt,1.0,,,,Observation/GLP1-049-BMI-2026-08-21;Condition/GLP1-049-DYSLIP,,,7095.3,953.0,111.0,0.003016,False,,,,Latest structured BMI 29.1 (2026-08-21). In 27–30 band; comorbidity: PASS — dyslipidemia documented.,"The latest structured BMI is 29.1, meeting the ≥27 threshold, and active dyslipidemia is a qualifying weight-related comorbidity."
main_gpt,GLP1-050__AETNA_WEGOVY_4774C_2026_08_20,GLP1-050,AETNA_WEGOVY_4774C_2026_08_20,gpt,age,deterministic,hard,ambiguity;medication_reconciliation;temporality,PASS,PASS,True,gpt,1.0,,,,Patient/GLP1-050,,,10920.4,778.6,156.4,0.003121,False,,,,Age 28 on 2026-09-01 (min 18).,The recorded birth date makes the patient 28 years old on the request date.
main_gpt,GLP1-050__AETNA_WEGOVY_4774C_2026_08_20,GLP1-050,AETNA_WEGOVY_4774C_2026_08_20,gpt,indication,deterministic,hard,ambiguity;medication_reconciliation;temporality,PASS,PASS,True,gpt,0.99,,,,MedicationRequest/GLP1-050-WEGOVY-REQ;DocumentReference/GLP1-050-PCP-002,,,10920.4,778.6,156.4,0.003121,False,,,,Initial Wegovy request for chronic weight management.,"The request is for chronic weight management, and the prescriber plans Wegovy for obesity."
main_gpt,GLP1-050__AETNA_WEGOVY_4774C_2026_08_20,GLP1-050,AETNA_WEGOVY_4774C_2026_08_20,gpt,adjunct_diet_and_activity,semantic,hard,ambiguity;medication_reconciliation;temporality,CONFLICT,INSUFFICIENT,False,gpt,0.95,,,DocumentReference/GLP1-050-ORTH-001;DocumentReference/GLP1-050-PCP-001;DocumentReference/GLP1-050-PCP-002;DocumentReference/GLP1-050-PT-001,DocumentReference/GLP1-050-PCP-001;DocumentReference/GLP1-050-PCP-002,,,10920.4,778.6,156.4,0.003121,False,,TEMPORAL_REASONING,MODEL_OVERCONFIDENCE,Too vague to confirm a reduced-calorie diet and increased activity.,"The recent notes describe trying to eat better and be more active, food choices, and some walking. They do not establish a reduced-calorie diet and increased physical activity to be continued alongside Wegovy."
main_gpt,GLP1-050__AETNA_WEGOVY_4774C_2026_08_20,GLP1-050,AETNA_WEGOVY_4774C_2026_08_20,gpt,program_6_months,semantic_temporal,hard,ambiguity;medication_reconciliation;temporality,INSUFFICIENT,INSUFFICIENT,True,gpt,0.99,,,DocumentReference/GLP1-050-ORTH-001;DocumentReference/GLP1-050-PCP-001;DocumentReference/GLP1-050-PCP-002;DocumentReference/GLP1-050-PT-001,DocumentReference/GLP1-050-PCP-001;DocumentReference/GLP1-050-PCP-002,,,10920.4,778.6,156.4,0.003121,False,,,,No program; no duration.,The weight follow-up notes do not document participation in a comprehensive program with the required components and continuing follow-up for a continuous six months.
main_gpt,GLP1-050__AETNA_WEGOVY_4774C_2026_08_20,GLP1-050,AETNA_WEGOVY_4774C_2026_08_20,gpt,bmi_threshold,deterministic,hard,ambiguity;medication_reconciliation;temporality,PASS,PASS,True,gpt,1.0,,,,Observation/GLP1-050-BMI-2026-08-07,,,10920.4,778.6,156.4,0.003121,False,,,,Latest structured BMI 35.0 (2026-08-07).,"The latest structured BMI before the request is 35.0 kg/m², exceeding the primary threshold of 30."
main_gpt,GLP1-050__BCBS_FEP_WEGOVY_2026_07_01,GLP1-050,BCBS_FEP_WEGOVY_2026_07_01,gpt,age,deterministic,hard,ambiguity;medication_reconciliation;temporality,PASS,PASS,True,gpt,1.0,,,,Patient/GLP1-050,,,11477.4,718.5,129.0,0.002727,False,,,,Age 28 on 2026-09-01 (min 18).,"Born 1997-10-10, the patient is 28 on the 2026-09-01 request date."
main_gpt,GLP1-050__BCBS_FEP_WEGOVY_2026_07_01,GLP1-050,BCBS_FEP_WEGOVY_2026_07_01,gpt,indication,deterministic,hard,ambiguity;medication_reconciliation;temporality,PASS,PASS,True,gpt,1.0,,,,MedicationRequest/GLP1-050-WEGOVY-REQ;DocumentReference/GLP1-050-PCP-002,,,11477.4,718.5,129.0,0.002727,False,,,,Initial Wegovy request for chronic weight management.,"The request is for Wegovy for chronic weight management, consistent with the documented obesity treatment plan."
main_gpt,GLP1-050__BCBS_FEP_WEGOVY_2026_07_01,GLP1-050,BCBS_FEP_WEGOVY_2026_07_01,gpt,bmi_threshold,deterministic,hard,ambiguity;medication_reconciliation;temporality,PASS,PASS,True,gpt,1.0,,,,Observation/GLP1-050-BMI-2026-08-07,,,11477.4,718.5,129.0,0.002727,False,,,,Latest structured BMI 35.0 (2026-08-07).,"The latest structured BMI before the request is 35.0, meeting the BMI ≥30 pathway without a comorbidity requirement."
main_gpt,GLP1-050__BCBS_FEP_WEGOVY_2026_07_01,GLP1-050,BCBS_FEP_WEGOVY_2026_07_01,gpt,weight_management_program,semantic,hard,ambiguity;medication_reconciliation;temporality,INSUFFICIENT,INSUFFICIENT,True,gpt,0.98,,,DocumentReference/GLP1-050-ORTH-001;DocumentReference/GLP1-050-PCP-001;DocumentReference/GLP1-050-PCP-002;DocumentReference/GLP1-050-PT-001,DocumentReference/GLP1-050-PCP-001;DocumentReference/GLP1-050-PCP-002;DocumentReference/GLP1-050-ORTH-001;DocumentReference/GLP1-050-PT-001,,,11477.4,718.5,129.0,0.002727,False,,,,Only vague lifestyle statements; no program documented.,"The notes describe vague food and activity efforts and exercise plans for musculoskeletal conditions, but do not document participation in a comprehensive weight management program."
main_gpt,GLP1-050__BCBS_FEP_WEGOVY_2026_07_01,GLP1-050,BCBS_FEP_WEGOVY_2026_07_01,gpt,no_concurrent_glp1,medication_reconciliation,hard,ambiguity;medication_reconciliation;temporality,INSUFFICIENT,INSUFFICIENT,True,gpt,0.99,,,DocumentReference/GLP1-050-ORTH-001;DocumentReference/GLP1-050-PCP-002;DocumentReference/GLP1-050-PHARM-001,DocumentReference/GLP1-050-PCP-002;MedicationRequest/GLP1-050-WEGOVY-REQ,,,11477.4,718.5,129.0,0.002727,False,,,,Patient unsure whether still taking a telehealth 'weight-loss shot'.,The patient reported an unidentified telehealth weight-loss shot and was unsure whether he still takes it; its identity and current status must be confirmed. The draft Wegovy order is excluded from concurrent therapy.
main_gpt,GLP1-050__BCBS_FEP_WEGOVY_2026_07_01,GLP1-050,BCBS_FEP_WEGOVY_2026_07_01,gpt,no_concurrent_pa_weight_loss_med,medication_reconciliation,hard,ambiguity;medication_reconciliation;temporality,INSUFFICIENT,INSUFFICIENT,True,gpt,0.99,,,DocumentReference/GLP1-050-ORTH-001;DocumentReference/GLP1-050-PCP-002;DocumentReference/GLP1-050-PHARM-001,DocumentReference/GLP1-050-PCP-002;MedicationRequest/GLP1-050-WEGOVY-REQ,,,11477.4,718.5,129.0,0.002727,False,,,,Unknown weight-loss injection status.,"The unidentified telehealth weight-loss shot could be an Appendix 2 medication, and the patient was unsure whether he still takes it. The draft Wegovy order is excluded from concurrent therapy."
main_gpt,GLP1-050__UHC_WEGOVY_P1114_22_2026_09_01,GLP1-050,UHC_WEGOVY_P1114_22_2026_09_01,gpt,age,deterministic,hard,ambiguity;medication_reconciliation;temporality,PASS,PASS,True,gpt,1.0,,,,Patient/GLP1-050,,,7134.6,885.75,114.0,0.002912,False,,,,Age 28 on 2026-09-01 (min 12).,"Born October 10, 1997, the patient was 28 on the September 1, 2026 request date, exceeding the minimum age of 12."
main_gpt,GLP1-050__UHC_WEGOVY_P1114_22_2026_09_01,GLP1-050,UHC_WEGOVY_P1114_22_2026_09_01,gpt,indication,deterministic,hard,ambiguity;medication_reconciliation;temporality,PASS,PASS,True,gpt,1.0,,,,MedicationRequest/GLP1-050-WEGOVY-REQ;DocumentReference/GLP1-050-PCP-002,,,7134.6,885.75,114.0,0.002912,False,,,,Initial Wegovy request for chronic weight management.,"Wegovy is requested for chronic weight management, and the prescribing note lists obesity as the reason for treatment."
main_gpt,GLP1-050__UHC_WEGOVY_P1114_22_2026_09_01,GLP1-050,UHC_WEGOVY_P1114_22_2026_09_01,gpt,lifestyle_adjunct,semantic,hard,ambiguity;medication_reconciliation;temporality,CONFLICT,PASS,False,gpt,0.94,,,DocumentReference/GLP1-050-ORTH-001;DocumentReference/GLP1-050-PCP-001;DocumentReference/GLP1-050-PCP-002;DocumentReference/GLP1-050-PT-001,DocumentReference/GLP1-050-PCP-002,,,7134.6,885.75,114.0,0.002912,False,,TEMPORAL_REASONING,MODEL_OVERCONFIDENCE,"'Trying to eat better', 'doing what he can', 'some walking' — too vague to confirm or rule out lifestyle modification.","The August 7 note, within 180 days of the request, documents ongoing attention to food choices and some walking. Either ongoing modality satisfies the policy."
main_gpt,GLP1-050__UHC_WEGOVY_P1114_22_2026_09_01,GLP1-050,UHC_WEGOVY_P1114_22_2026_09_01,gpt,bmi_threshold,deterministic,hard,ambiguity;medication_reconciliation;temporality,PASS,PASS,True,gpt,1.0,,,,Observation/GLP1-050-BMI-2026-08-07,,,7134.6,885.75,114.0,0.002912,False,,,,Latest structured BMI 35.0 (2026-08-07).,"The latest structured BMI is 35.0 kg/m², above the primary threshold of 30; a comorbidity is not required."
main_hybrid_t0.90,GLP1-001__AETNA_WEGOVY_4774C_2026_08_20,GLP1-001,AETNA_WEGOVY_4774C_2026_08_20,hybrid,age,deterministic,easy_positive,basic_positive,PASS,PASS,True,code,1.0,,,,Patient/GLP1-001,,,0.0,0.0,0.0,0.0,False,,,,Age 35 on 2026-09-01 (min 18).,
main_hybrid_t0.90,GLP1-001__AETNA_WEGOVY_4774C_2026_08_20,GLP1-001,AETNA_WEGOVY_4774C_2026_08_20,hybrid,indication,deterministic,easy_positive,basic_positive,PASS,PASS,True,code,1.0,,,,,,,0.0,0.0,0.0,0.0,False,,,,Initial Wegovy request for chronic weight management.,
main_hybrid_t0.90,GLP1-001__AETNA_WEGOVY_4774C_2026_08_20,GLP1-001,AETNA_WEGOVY_4774C_2026_08_20,hybrid,adjunct_diet_and_activity,semantic,easy_positive,basic_positive,PASS,PASS,True,jev,0.94,PASS,0.94,DocumentReference/GLP1-001-NUTR-001;DocumentReference/GLP1-001-NUTR-002;DocumentReference/GLP1-001-OPH-001;DocumentReference/GLP1-001-PCP-001;DocumentReference/GLP1-001-PCP-002;DocumentReference/GLP1-001-PCP-003,DocumentReference/GLP1-001-NUTR-001;DocumentReference/GLP1-001-NUTR-002;DocumentReference/GLP1-001-OPH-001;DocumentReference/GLP1-001-PCP-001;DocumentReference/GLP1-001-PCP-002;DocumentReference/GLP1-001-PCP-003,True,,278.0,4770.0,0.0,0.0002,False,,,,Final note documents continued diet AND exercise.,
main_hybrid_t0.90,GLP1-001__AETNA_WEGOVY_4774C_2026_08_20,GLP1-001,AETNA_WEGOVY_4774C_2026_08_20,hybrid,program_6_months,semantic_temporal,easy_positive,basic_positive,PASS,PASS,True,jev,1.0,PASS,1.0,DocumentReference/GLP1-001-NUTR-001;DocumentReference/GLP1-001-OPH-001;DocumentReference/GLP1-001-PCP-001;DocumentReference/GLP1-001-PCP-002;DocumentReference/GLP1-001-PCP-003,DocumentReference/GLP1-001-NUTR-001;DocumentReference/GLP1-001-OPH-001;DocumentReference/GLP1-001-PCP-001;DocumentReference/GLP1-001-PCP-002;DocumentReference/GLP1-001-PCP-003,True,,278.0,4770.0,0.0,0.0002,False,,,,"Continuous program with diet, activity and follow-up; duration computed from dated events. 2025-12-12 -> 2026-08-12 = 8 whole months (min 6).",
main_hybrid_t0.90,GLP1-001__AETNA_WEGOVY_4774C_2026_08_20,GLP1-001,AETNA_WEGOVY_4774C_2026_08_20,hybrid,bmi_threshold,deterministic,easy_positive,basic_positive,PASS,PASS,True,code,1.0,,,,Condition/GLP1-001-HTN;Observation/GLP1-001-BMI-2026-08-12,,,0.0,0.0,0.0,0.0,False,,,,Latest structured BMI 36.4 (2026-08-12).,
main_hybrid_t0.90,GLP1-001__BCBS_FEP_WEGOVY_2026_07_01,GLP1-001,BCBS_FEP_WEGOVY_2026_07_01,hybrid,age,deterministic,easy_positive,basic_positive,PASS,PASS,True,code,1.0,,,,Patient/GLP1-001,,,0.0,0.0,0.0,0.0,False,,,,Age 35 on 2026-09-01 (min 18).,
main_hybrid_t0.90,GLP1-001__BCBS_FEP_WEGOVY_2026_07_01,GLP1-001,BCBS_FEP_WEGOVY_2026_07_01,hybrid,indication,deterministic,easy_positive,basic_positive,PASS,PASS,True,code,1.0,,,,,,,0.0,0.0,0.0,0.0,False,,,,Initial Wegovy request for chronic weight management.,
main_hybrid_t0.90,GLP1-001__BCBS_FEP_WEGOVY_2026_07_01,GLP1-001,BCBS_FEP_WEGOVY_2026_07_01,hybrid,bmi_threshold,deterministic,easy_positive,basic_positive,PASS,PASS,True,code,1.0,,,,Condition/GLP1-001-HTN;Observation/GLP1-001-BMI-2026-08-12,,,0.0,0.0,0.0,0.0,False,,,,Latest structured BMI 36.4 (2026-08-12).,
main_hybrid_t0.90,GLP1-001__BCBS_FEP_WEGOVY_2026_07_01,GLP1-001,BCBS_FEP_WEGOVY_2026_07_01,hybrid,weight_management_program,semantic,easy_positive,basic_positive,PASS,PASS,True,jev,1.0,PASS,1.0,DocumentReference/GLP1-001-NUTR-001;DocumentReference/GLP1-001-NUTR-002;DocumentReference/GLP1-001-PCP-001;DocumentReference/GLP1-001-PCP-002,DocumentReference/GLP1-001-NUTR-001;DocumentReference/GLP1-001-NUTR-002;DocumentReference/GLP1-001-PCP-001;DocumentReference/GLP1-001-PCP-002,True,,277.0,2232.0,0.0,9.4e-05,False,,,,Enrolled in a comprehensive program with dietitian visits and follow-ups.,
main_hybrid_t0.90,GLP1-001__BCBS_FEP_WEGOVY_2026_07_01,GLP1-001,BCBS_FEP_WEGOVY_2026_07_01,hybrid,no_concurrent_glp1,medication_reconciliation,easy_positive,basic_positive,PASS,PASS,True,jev,1.0,PASS,1.0,DocumentReference/GLP1-001-PCP-003;DocumentReference/GLP1-001-PHARM-001;DocumentReference/GLP1-001-UC-001,DocumentReference/GLP1-001-PCP-003;DocumentReference/GLP1-001-PHARM-001;DocumentReference/GLP1-001-UC-001,,,277.0,2232.0,0.0,9.4e-05,False,,,,No GLP-1 or anti-obesity medication in structured data or notes.,
main_hybrid_t0.90,GLP1-001__BCBS_FEP_WEGOVY_2026_07_01,GLP1-001,BCBS_FEP_WEGOVY_2026_07_01,hybrid,no_concurrent_pa_weight_loss_med,medication_reconciliation,easy_positive,basic_positive,PASS,PASS,True,jev,1.0,PASS,1.0,DocumentReference/GLP1-001-PCP-003;DocumentReference/GLP1-001-PHARM-001;DocumentReference/GLP1-001-UC-001,DocumentReference/GLP1-001-PCP-003;DocumentReference/GLP1-001-PHARM-001;DocumentReference/GLP1-001-UC-001,,,277.0,2232.0,0.0,9.4e-05,False,,,,No PA weight-loss medication in structured data or notes.,
main_hybrid_t0.90,GLP1-001__UHC_WEGOVY_P1114_22_2026_09_01,GLP1-001,UHC_WEGOVY_P1114_22_2026_09_01,hybrid,age,deterministic,easy_positive,basic_positive,PASS,PASS,True,code,1.0,,,,Patient/GLP1-001,,,0.0,0.0,0.0,0.0,False,,,,Age 35 on 2026-09-01 (min 12).,
main_hybrid_t0.90,GLP1-001__UHC_WEGOVY_P1114_22_2026_09_01,GLP1-001,UHC_WEGOVY_P1114_22_2026_09_01,hybrid,indication,deterministic,easy_positive,basic_positive,PASS,PASS,True,code,1.0,,,,,,,0.0,0.0,0.0,0.0,False,,,,Initial Wegovy request for chronic weight management.,
main_hybrid_t0.90,GLP1-001__UHC_WEGOVY_P1114_22_2026_09_01,GLP1-001,UHC_WEGOVY_P1114_22_2026_09_01,hybrid,lifestyle_adjunct,semantic,easy_positive,basic_positive,PASS,PASS,True,jev,0.96,PASS,0.96,DocumentReference/GLP1-001-NUTR-001;DocumentReference/GLP1-001-OPH-001;DocumentReference/GLP1-001-PCP-001;DocumentReference/GLP1-001-PCP-002;DocumentReference/GLP1-001-PCP-003,DocumentReference/GLP1-001-NUTR-001;DocumentReference/GLP1-001-OPH-001;DocumentReference/GLP1-001-PCP-001;DocumentReference/GLP1-001-PCP-002;DocumentReference/GLP1-001-PCP-003,True,,277.7,5576.0,0.0,0.000234,False,,,,Final note documents continued diet and exercise.,
main_hybrid_t0.90,GLP1-001__UHC_WEGOVY_P1114_22_2026_09_01,GLP1-001,UHC_WEGOVY_P1114_22_2026_09_01,hybrid,bmi_threshold,deterministic,easy_positive,basic_positive,PASS,PASS,True,code,1.0,,,,Condition/GLP1-001-HTN;Observation/GLP1-001-BMI-2026-08-12,,,0.0,0.0,0.0,0.0,False,,,,Latest structured BMI 36.4 (2026-08-12).,
main_hybrid_t0.90,GLP1-002__AETNA_WEGOVY_4774C_2026_08_20,GLP1-002,AETNA_WEGOVY_4774C_2026_08_20,hybrid,age,deterministic,easy_positive,basic_positive,PASS,PASS,True,code,1.0,,,,Patient/GLP1-002,,,0.0,0.0,0.0,0.0,False,,,,Age 42 on 2026-09-01 (min 18).,
main_hybrid_t0.90,GLP1-002__AETNA_WEGOVY_4774C_2026_08_20,GLP1-002,AETNA_WEGOVY_4774C_2026_08_20,hybrid,indication,deterministic,easy_positive,basic_positive,PASS,PASS,True,code,1.0,,,,,,,0.0,0.0,0.0,0.0,False,,,,Initial Wegovy request for chronic weight management.,
main_hybrid_t0.90,GLP1-002__AETNA_WEGOVY_4774C_2026_08_20,GLP1-002,AETNA_WEGOVY_4774C_2026_08_20,hybrid,adjunct_diet_and_activity,semantic,easy_positive,basic_positive,PASS,PASS,True,jev,0.92,PASS,0.92,DocumentReference/GLP1-002-NUTR-001;DocumentReference/GLP1-002-PCP-001;DocumentReference/GLP1-002-PCP-002;DocumentReference/GLP1-002-PCP-003,DocumentReference/GLP1-002-NUTR-001;DocumentReference/GLP1-002-PCP-001;DocumentReference/GLP1-002-PCP-002;DocumentReference/GLP1-002-PCP-003,True,,279.7,3449.0,0.0,0.000145,False,,,,Final note documents continued diet AND exercise.,
main_hybrid_t0.90,GLP1-002__AETNA_WEGOVY_4774C_2026_08_20,GLP1-002,AETNA_WEGOVY_4774C_2026_08_20,hybrid,program_6_months,semantic_temporal,easy_positive,basic_positive,PASS,PASS,True,jev,0.98,PASS,0.98,DocumentReference/GLP1-002-NUTR-001;DocumentReference/GLP1-002-PCP-001;DocumentReference/GLP1-002-PCP-002;DocumentReference/GLP1-002-PCP-003,DocumentReference/GLP1-002-NUTR-001;DocumentReference/GLP1-002-PCP-001;DocumentReference/GLP1-002-PCP-002;DocumentReference/GLP1-002-PCP-003,True,,279.7,3449.0,0.0,0.000145,False,,,,"Continuous program with diet, activity and follow-up; duration computed from dated events. 2026-01-11 -> 2026-08-11 = 7 whole months (min 6).",
main_hybrid_t0.90,GLP1-002__AETNA_WEGOVY_4774C_2026_08_20,GLP1-002,AETNA_WEGOVY_4774C_2026_08_20,hybrid,bmi_threshold,deterministic,easy_positive,basic_positive,PASS,PASS,True,code,1.0,,,,Condition/GLP1-002-DYSLIP;Observation/GLP1-002-BMI-2026-08-11,,,0.0,0.0,0.0,0.0,False,,,,Latest structured BMI 34.1 (2026-08-11).,
main_hybrid_t0.90,GLP1-002__BCBS_FEP_WEGOVY_2026_07_01,GLP1-002,BCBS_FEP_WEGOVY_2026_07_01,hybrid,age,deterministic,easy_positive,basic_positive,PASS,PASS,True,code,1.0,,,,Patient/GLP1-002,,,0.0,0.0,0.0,0.0,False,,,,Age 42 on 2026-09-01 (min 18).,
main_hybrid_t0.90,GLP1-002__BCBS_FEP_WEGOVY_2026_07_01,GLP1-002,BCBS_FEP_WEGOVY_2026_07_01,hybrid,indication,deterministic,easy_positive,basic_positive,PASS,PASS,True,code,1.0,,,,,,,0.0,0.0,0.0,0.0,False,,,,Initial Wegovy request for chronic weight management.,
main_hybrid_t0.90,GLP1-002__BCBS_FEP_WEGOVY_2026_07_01,GLP1-002,BCBS_FEP_WEGOVY_2026_07_01,hybrid,bmi_threshold,deterministic,easy_positive,basic_positive,PASS,PASS,True,code,1.0,,,,Condition/GLP1-002-DYSLIP;Observation/GLP1-002-BMI-2026-08-11,,,0.0,0.0,0.0,0.0,False,,,,Latest structured BMI 34.1 (2026-08-11).,
main_hybrid_t0.90,GLP1-002__BCBS_FEP_WEGOVY_2026_07_01,GLP1-002,BCBS_FEP_WEGOVY_2026_07_01,hybrid,weight_management_program,semantic,easy_positive,basic_positive,PASS,PASS,True,jev,0.98,PASS,0.98,DocumentReference/GLP1-002-NUTR-001;DocumentReference/GLP1-002-PCP-001;DocumentReference/GLP1-002-PCP-002;DocumentReference/GLP1-002-PCP-003,DocumentReference/GLP1-002-NUTR-001;DocumentReference/GLP1-002-PCP-001;DocumentReference/GLP1-002-PCP-002;DocumentReference/GLP1-002-PCP-003,True,,200.9,2078.0,0.0,8.7e-05,False,,,,Enrolled in a comprehensive program with dietitian visits and follow-ups.,
main_hybrid_t0.90,GLP1-002__BCBS_FEP_WEGOVY_2026_07_01,GLP1-002,BCBS_FEP_WEGOVY_2026_07_01,hybrid,no_concurrent_glp1,medication_reconciliation,easy_positive,basic_positive,PASS,PASS,True,jev,1.0,PASS,1.0,DocumentReference/GLP1-002-MSG-001;DocumentReference/GLP1-002-NUTR-001;DocumentReference/GLP1-002-PCP-003;DocumentReference/GLP1-002-TEL-001,DocumentReference/GLP1-002-MSG-001;DocumentReference/GLP1-002-NUTR-001;DocumentReference/GLP1-002-PCP-003;DocumentReference/GLP1-002-TEL-001,,,200.9,2078.0,0.0,8.7e-05,False,,,,No GLP-1 or anti-obesity medication in structured data or notes.,
main_hybrid_t0.90,GLP1-002__BCBS_FEP_WEGOVY_2026_07_01,GLP1-002,BCBS_FEP_WEGOVY_2026_07_01,hybrid,no_concurrent_pa_weight_loss_med,medication_reconciliation,easy_positive,basic_positive,PASS,PASS,True,jev,1.0,PASS,1.0,DocumentReference/GLP1-002-MSG-001;DocumentReference/GLP1-002-NUTR-001;DocumentReference/GLP1-002-PCP-003;DocumentReference/GLP1-002-TEL-001,DocumentReference/GLP1-002-MSG-001;DocumentReference/GLP1-002-NUTR-001;DocumentReference/GLP1-002-PCP-003;DocumentReference/GLP1-002-TEL-001,,,200.9,2078.0,0.0,8.7e-05,False,,,,No PA weight-loss medication in structured data or notes.,
main_hybrid_t0.90,GLP1-002__UHC_WEGOVY_P1114_22_2026_09_01,GLP1-002,UHC_WEGOVY_P1114_22_2026_09_01,hybrid,age,deterministic,easy_positive,basic_positive,PASS,PASS,True,code,1.0,,,,Patient/GLP1-002,,,0.0,0.0,0.0,0.0,False,,,,Age 42 on 2026-09-01 (min 12).,
main_hybrid_t0.90,GLP1-002__UHC_WEGOVY_P1114_22_2026_09_01,GLP1-002,UHC_WEGOVY_P1114_22_2026_09_01,hybrid,indication,deterministic,easy_positive,basic_positive,PASS,PASS,True,code,1.0,,,,,,,0.0,0.0,0.0,0.0,False,,,,Initial Wegovy request for chronic weight management.,
main_hybrid_t0.90,GLP1-002__UHC_WEGOVY_P1114_22_2026_09_01,GLP1-002,UHC_WEGOVY_P1114_22_2026_09_01,hybrid,lifestyle_adjunct,semantic,easy_positive,basic_positive,PASS,PASS,True,jev,0.94,PASS,0.94,DocumentReference/GLP1-002-NUTR-001;DocumentReference/GLP1-002-PCP-001;DocumentReference/GLP1-002-PCP-002;DocumentReference/GLP1-002-PCP-003,DocumentReference/GLP1-002-NUTR-001;DocumentReference/GLP1-002-PCP-001;DocumentReference/GLP1-002-PCP-002;DocumentReference/GLP1-002-PCP-003,True,,169.6,4683.0,0.0,0.000197,False,,,,Final note documents continued diet and exercise.,
main_hybrid_t0.90,GLP1-002__UHC_WEGOVY_P1114_22_2026_09_01,GLP1-002,UHC_WEGOVY_P1114_22_2026_09_01,hybrid,bmi_threshold,deterministic,easy_positive,basic_positive,PASS,PASS,True,code,1.0,,,,Condition/GLP1-002-DYSLIP;Observation/GLP1-002-BMI-2026-08-11,,,0.0,0.0,0.0,0.0,False,,,,Latest structured BMI 34.1 (2026-08-11).,
main_hybrid_t0.90,GLP1-003__AETNA_WEGOVY_4774C_2026_08_20,GLP1-003,AETNA_WEGOVY_4774C_2026_08_20,hybrid,age,deterministic,easy_positive,bmi_alone,PASS,PASS,True,code,1.0,,,,Patient/GLP1-003,,,0.0,0.0,0.0,0.0,False,,,,Age 49 on 2026-09-01 (min 18).,
main_hybrid_t0.90,GLP1-003__AETNA_WEGOVY_4774C_2026_08_20,GLP1-003,AETNA_WEGOVY_4774C_2026_08_20,hybrid,indication,deterministic,easy_positive,bmi_alone,PASS,PASS,True,code,1.0,,,,,,,0.0,0.0,0.0,0.0,False,,,,Initial Wegovy request for chronic weight management.,
main_hybrid_t0.90,GLP1-003__AETNA_WEGOVY_4774C_2026_08_20,GLP1-003,AETNA_WEGOVY_4774C_2026_08_20,hybrid,adjunct_diet_and_activity,semantic,easy_positive,bmi_alone,PASS,PASS,True,jev,0.94,PASS,0.94,DocumentReference/GLP1-003-NUTR-001;DocumentReference/GLP1-003-NUTR-002;DocumentReference/GLP1-003-PCP-001;DocumentReference/GLP1-003-PCP-002;DocumentReference/GLP1-003-PCP-003;DocumentReference/GLP1-003-TEL-002,DocumentReference/GLP1-003-NUTR-001;DocumentReference/GLP1-003-NUTR-002;DocumentReference/GLP1-003-PCP-001;DocumentReference/GLP1-003-PCP-002;DocumentReference/GLP1-003-PCP-003;DocumentReference/GLP1-003-TEL-002,True,,134.2,4699.0,0.0,0.000197,False,,,,Final note documents continued diet AND exercise.,
main_hybrid_t0.90,GLP1-003__AETNA_WEGOVY_4774C_2026_08_20,GLP1-003,AETNA_WEGOVY_4774C_2026_08_20,hybrid,program_6_months,semantic_temporal,easy_positive,bmi_alone,PASS,PASS,True,jev,0.96,PASS,0.96,DocumentReference/GLP1-003-NUTR-001;DocumentReference/GLP1-003-NUTR-002;DocumentReference/GLP1-003-PCP-001;DocumentReference/GLP1-003-PCP-003;DocumentReference/GLP1-003-TEL-002,DocumentReference/GLP1-003-NUTR-001;DocumentReference/GLP1-003-NUTR-002;DocumentReference/GLP1-003-PCP-001;DocumentReference/GLP1-003-PCP-003;DocumentReference/GLP1-003-TEL-002,True,,134.2,4699.0,0.0,0.000197,False,,,,"Continuous program with diet, activity and follow-up; duration computed from dated events. 2025-11-11 -> 2026-08-11 = 9 whole months (min 6).",
main_hybrid_t0.90,GLP1-003__AETNA_WEGOVY_4774C_2026_08_20,GLP1-003,AETNA_WEGOVY_4774C_2026_08_20,hybrid,bmi_threshold,deterministic,easy_positive,bmi_alone,PASS,PASS,True,code,1.0,,,,Observation/GLP1-003-BMI-2026-08-11,,,0.0,0.0,0.0,0.0,False,,,,Latest structured BMI 31.8 (2026-08-11).,
main_hybrid_t0.90,GLP1-003__BCBS_FEP_WEGOVY_2026_07_01,GLP1-003,BCBS_FEP_WEGOVY_2026_07_01,hybrid,age,deterministic,easy_positive,bmi_alone,PASS,PASS,True,code,1.0,,,,Patient/GLP1-003,,,0.0,0.0,0.0,0.0,False,,,,Age 49 on 2026-09-01 (min 18).,
main_hybrid_t0.90,GLP1-003__BCBS_FEP_WEGOVY_2026_07_01,GLP1-003,BCBS_FEP_WEGOVY_2026_07_01,hybrid,indication,deterministic,easy_positive,bmi_alone,PASS,PASS,True,code,1.0,,,,,,,0.0,0.0,0.0,0.0,False,,,,Initial Wegovy request for chronic weight management.,
main_hybrid_t0.90,GLP1-003__BCBS_FEP_WEGOVY_2026_07_01,GLP1-003,BCBS_FEP_WEGOVY_2026_07_01,hybrid,bmi_threshold,deterministic,easy_positive,bmi_alone,PASS,PASS,True,code,1.0,,,,Observation/GLP1-003-BMI-2026-08-11,,,0.0,0.0,0.0,0.0,False,,,,Latest structured BMI 31.8 (2026-08-11).,
main_hybrid_t0.90,GLP1-003__BCBS_FEP_WEGOVY_2026_07_01,GLP1-003,BCBS_FEP_WEGOVY_2026_07_01,hybrid,weight_management_program,semantic,easy_positive,bmi_alone,PASS,PASS,True,jev,0.96,PASS,0.96,DocumentReference/GLP1-003-NUTR-001;DocumentReference/GLP1-003-NUTR-002;DocumentReference/GLP1-003-PCP-001;DocumentReference/GLP1-003-PCP-002;DocumentReference/GLP1-003-PCP-003,DocumentReference/GLP1-003-NUTR-001;DocumentReference/GLP1-003-NUTR-002;DocumentReference/GLP1-003-PCP-001;DocumentReference/GLP1-003-PCP-002;DocumentReference/GLP1-003-PCP-003,True,,138.1,2070.0,0.0,8.7e-05,False,,,,Enrolled in a comprehensive program with dietitian visits and follow-ups.,
main_hybrid_t0.90,GLP1-003__BCBS_FEP_WEGOVY_2026_07_01,GLP1-003,BCBS_FEP_WEGOVY_2026_07_01,hybrid,no_concurrent_glp1,medication_reconciliation,easy_positive,bmi_alone,PASS,PASS,True,jev,1.0,PASS,1.0,DocumentReference/GLP1-003-NUTR-001;DocumentReference/GLP1-003-NUTR-002;DocumentReference/GLP1-003-OSR-001;DocumentReference/GLP1-003-PCP-003,DocumentReference/GLP1-003-NUTR-001;DocumentReference/GLP1-003-NUTR-002;DocumentReference/GLP1-003-OSR-001;DocumentReference/GLP1-003-PCP-003,,,138.1,2070.0,0.0,8.7e-05,False,,,,No GLP-1 or anti-obesity medication in structured data or notes.,
main_hybrid_t0.90,GLP1-003__BCBS_FEP_WEGOVY_2026_07_01,GLP1-003,BCBS_FEP_WEGOVY_2026_07_01,hybrid,no_concurrent_pa_weight_loss_med,medication_reconciliation,easy_positive,bmi_alone,PASS,PASS,True,jev,1.0,PASS,1.0,DocumentReference/GLP1-003-NUTR-001;DocumentReference/GLP1-003-NUTR-002;DocumentReference/GLP1-003-OSR-001;DocumentReference/GLP1-003-PCP-003,DocumentReference/GLP1-003-NUTR-001;DocumentReference/GLP1-003-NUTR-002;DocumentReference/GLP1-003-OSR-001;DocumentReference/GLP1-003-PCP-003,,,138.1,2070.0,0.0,8.7e-05,False,,,,No PA weight-loss medication in structured data or notes.,
main_hybrid_t0.90,GLP1-003__UHC_WEGOVY_P1114_22_2026_09_01,GLP1-003,UHC_WEGOVY_P1114_22_2026_09_01,hybrid,age,deterministic,easy_positive,bmi_alone,PASS,PASS,True,code,1.0,,,,Patient/GLP1-003,,,0.0,0.0,0.0,0.0,False,,,,Age 49 on 2026-09-01 (min 12).,
main_hybrid_t0.90,GLP1-003__UHC_WEGOVY_P1114_22_2026_09_01,GLP1-003,UHC_WEGOVY_P1114_22_2026_09_01,hybrid,indication,deterministic,easy_positive,bmi_alone,PASS,PASS,True,code,1.0,,,,,,,0.0,0.0,0.0,0.0,False,,,,Initial Wegovy request for chronic weight management.,
main_hybrid_t0.90,GLP1-003__UHC_WEGOVY_P1114_22_2026_09_01,GLP1-003,UHC_WEGOVY_P1114_22_2026_09_01,hybrid,lifestyle_adjunct,semantic,easy_positive,bmi_alone,PASS,PASS,True,jev,0.94,PASS,0.94,DocumentReference/GLP1-003-NUTR-001;DocumentReference/GLP1-003-NUTR-002;DocumentReference/GLP1-003-PCP-001;DocumentReference/GLP1-003-PCP-003;DocumentReference/GLP1-003-TEL-002,DocumentReference/GLP1-003-NUTR-001;DocumentReference/GLP1-003-NUTR-002;DocumentReference/GLP1-003-PCP-001;DocumentReference/GLP1-003-PCP-003;DocumentReference/GLP1-003-TEL-002,True,,110.9,5422.0,0.0,0.000228,False,,,,Final note documents continued diet and exercise.,
main_hybrid_t0.90,GLP1-003__UHC_WEGOVY_P1114_22_2026_09_01,GLP1-003,UHC_WEGOVY_P1114_22_2026_09_01,hybrid,bmi_threshold,deterministic,easy_positive,bmi_alone,PASS,PASS,True,code,1.0,,,,Observation/GLP1-003-BMI-2026-08-11,,,0.0,0.0,0.0,0.0,False,,,,Latest structured BMI 31.8 (2026-08-11).,
main_hybrid_t0.90,GLP1-004__AETNA_WEGOVY_4774C_2026_08_20,GLP1-004,AETNA_WEGOVY_4774C_2026_08_20,hybrid,age,deterministic,easy_positive,bmi_plus_comorbidity,PASS,PASS,True,code,1.0,,,,Patient/GLP1-004,,,0.0,0.0,0.0,0.0,False,,,,Age 56 on 2026-09-01 (min 18).,
main_hybrid_t0.90,GLP1-004__AETNA_WEGOVY_4774C_2026_08_20,GLP1-004,AETNA_WEGOVY_4774C_2026_08_20,hybrid,indication,deterministic,easy_positive,bmi_plus_comorbidity,PASS,PASS,True,code,1.0,,,,,,,0.0,0.0,0.0,0.0,False,,,,Initial Wegovy request for chronic weight management.,
main_hybrid_t0.90,GLP1-004__AETNA_WEGOVY_4774C_2026_08_20,GLP1-004,AETNA_WEGOVY_4774C_2026_08_20,hybrid,adjunct_diet_and_activity,semantic,easy_positive,bmi_plus_comorbidity,PASS,PASS,True,jev,0.94,PASS,0.94,DocumentReference/GLP1-004-NUTR-001;DocumentReference/GLP1-004-NUTR-002;DocumentReference/GLP1-004-PCP-001;DocumentReference/GLP1-004-PCP-002;DocumentReference/GLP1-004-PCP-003;DocumentReference/GLP1-004-TEL-001,DocumentReference/GLP1-004-NUTR-001;DocumentReference/GLP1-004-NUTR-002;DocumentReference/GLP1-004-PCP-001;DocumentReference/GLP1-004-PCP-002;DocumentReference/GLP1-004-PCP-003;DocumentReference/GLP1-004-TEL-001,True,,116.1,4061.0,0.0,0.000171,False,,,,Final note documents continued diet AND exercise.,
main_hybrid_t0.90,GLP1-004__AETNA_WEGOVY_4774C_2026_08_20,GLP1-004,AETNA_WEGOVY_4774C_2026_08_20,hybrid,program_6_months,semantic_temporal,easy_positive,bmi_plus_comorbidity,PASS,PASS,True,jev,0.96,PASS,0.96,DocumentReference/GLP1-004-NUTR-001;DocumentReference/GLP1-004-NUTR-002;DocumentReference/GLP1-004-PCP-001;DocumentReference/GLP1-004-PCP-002;DocumentReference/GLP1-004-PCP-003;DocumentReference/GLP1-004-TEL-001,DocumentReference/GLP1-004-NUTR-001;DocumentReference/GLP1-004-NUTR-002;DocumentReference/GLP1-004-PCP-001;DocumentReference/GLP1-004-PCP-002;DocumentReference/GLP1-004-PCP-003;DocumentReference/GLP1-004-TEL-001,True,,116.1,4061.0,0.0,0.000171,False,,,,"Continuous program with diet, activity and follow-up; duration computed from dated events. 2025-12-19 -> 2026-08-19 = 8 whole months (min 6).",
main_hybrid_t0.90,GLP1-004__AETNA_WEGOVY_4774C_2026_08_20,GLP1-004,AETNA_WEGOVY_4774C_2026_08_20,hybrid,bmi_threshold,deterministic,easy_positive,bmi_plus_comorbidity,PASS,PASS,True,code,1.0,,,,Condition/GLP1-004-HTN;Observation/GLP1-004-BMI-2026-08-19,,,0.0,0.0,0.0,0.0,False,,,,Latest structured BMI 29.2 (2026-08-19). In 27–30 band; comorbidity: PASS — hypertension documented.,
main_hybrid_t0.90,GLP1-004__BCBS_FEP_WEGOVY_2026_07_01,GLP1-004,BCBS_FEP_WEGOVY_2026_07_01,hybrid,age,deterministic,easy_positive,bmi_plus_comorbidity,PASS,PASS,True,code,1.0,,,,Patient/GLP1-004,,,0.0,0.0,0.0,0.0,False,,,,Age 56 on 2026-09-01 (min 18).,
main_hybrid_t0.90,GLP1-004__BCBS_FEP_WEGOVY_2026_07_01,GLP1-004,BCBS_FEP_WEGOVY_2026_07_01,hybrid,indication,deterministic,easy_positive,bmi_plus_comorbidity,PASS,PASS,True,code,1.0,,,,,,,0.0,0.0,0.0,0.0,False,,,,Initial Wegovy request for chronic weight management.,
main_hybrid_t0.90,GLP1-004__BCBS_FEP_WEGOVY_2026_07_01,GLP1-004,BCBS_FEP_WEGOVY_2026_07_01,hybrid,bmi_threshold,deterministic,easy_positive,bmi_plus_comorbidity,PASS,PASS,True,code,1.0,,,,Condition/GLP1-004-HTN;Observation/GLP1-004-BMI-2026-08-19,,,0.0,0.0,0.0,0.0,False,,,,Latest structured BMI 29.2 (2026-08-19). In 27–30 band; comorbidity: PASS — hypertension documented.,
main_hybrid_t0.90,GLP1-004__BCBS_FEP_WEGOVY_2026_07_01,GLP1-004,BCBS_FEP_WEGOVY_2026_07_01,hybrid,weight_management_program,semantic,easy_positive,bmi_plus_comorbidity,PASS,PASS,True,jev,0.98,PASS,0.98,DocumentReference/GLP1-004-NUTR-001;DocumentReference/GLP1-004-NUTR-002;DocumentReference/GLP1-004-PCP-001;DocumentReference/GLP1-004-PCP-002;DocumentReference/GLP1-004-PCP-003,DocumentReference/GLP1-004-NUTR-001;DocumentReference/GLP1-004-NUTR-002;DocumentReference/GLP1-004-PCP-001;DocumentReference/GLP1-004-PCP-002;DocumentReference/GLP1-004-PCP-003,True,,113.4,2108.666667,0.0,8.9e-05,False,,,,Enrolled in a comprehensive program with dietitian visits and follow-ups.,
main_hybrid_t0.90,GLP1-004__BCBS_FEP_WEGOVY_2026_07_01,GLP1-004,BCBS_FEP_WEGOVY_2026_07_01,hybrid,no_concurrent_glp1,medication_reconciliation,easy_positive,bmi_plus_comorbidity,PASS,PASS,True,jev,0.92,PASS,0.92,DocumentReference/GLP1-004-NUTR-002;DocumentReference/GLP1-004-PCP-002;DocumentReference/GLP1-004-PCP-003;DocumentReference/GLP1-004-PHARM-001;DocumentReference/GLP1-004-TEL-001,DocumentReference/GLP1-004-NUTR-002;DocumentReference/GLP1-004-PCP-002;DocumentReference/GLP1-004-PCP-003;DocumentReference/GLP1-004-PHARM-001;DocumentReference/GLP1-004-TEL-001,,,113.4,2108.666667,0.0,8.9e-05,False,,,,No GLP-1 or anti-obesity medication in structured data or notes.,
main_hybrid_t0.90,GLP1-004__BCBS_FEP_WEGOVY_2026_07_01,GLP1-004,BCBS_FEP_WEGOVY_2026_07_01,hybrid,no_concurrent_pa_weight_loss_med,medication_reconciliation,easy_positive,bmi_plus_comorbidity,PASS,PASS,True,jev,0.92,PASS,0.92,DocumentReference/GLP1-004-NUTR-002;DocumentReference/GLP1-004-PCP-002;DocumentReference/GLP1-004-PCP-003;DocumentReference/GLP1-004-PHARM-001;DocumentReference/GLP1-004-TEL-001,DocumentReference/GLP1-004-NUTR-002;DocumentReference/GLP1-004-PCP-002;DocumentReference/GLP1-004-PCP-003;DocumentReference/GLP1-004-PHARM-001;DocumentReference/GLP1-004-TEL-001,,,113.4,2108.666667,0.0,8.9e-05,False,,,,No PA weight-loss medication in structured data or notes.,
main_hybrid_t0.90,GLP1-004__UHC_WEGOVY_P1114_22_2026_09_01,GLP1-004,UHC_WEGOVY_P1114_22_2026_09_01,hybrid,age,deterministic,easy_positive,bmi_plus_comorbidity,PASS,PASS,True,code,1.0,,,,Patient/GLP1-004,,,0.0,0.0,0.0,0.0,False,,,,Age 56 on 2026-09-01 (min 12).,
main_hybrid_t0.90,GLP1-004__UHC_WEGOVY_P1114_22_2026_09_01,GLP1-004,UHC_WEGOVY_P1114_22_2026_09_01,hybrid,indication,deterministic,easy_positive,bmi_plus_comorbidity,PASS,PASS,True,code,1.0,,,,,,,0.0,0.0,0.0,0.0,False,,,,Initial Wegovy request for chronic weight management.,
main_hybrid_t0.90,GLP1-004__UHC_WEGOVY_P1114_22_2026_09_01,GLP1-004,UHC_WEGOVY_P1114_22_2026_09_01,hybrid,lifestyle_adjunct,semantic,easy_positive,bmi_plus_comorbidity,PASS,PASS,True,jev,0.96,PASS,0.96,DocumentReference/GLP1-004-NUTR-001;DocumentReference/GLP1-004-NUTR-002;DocumentReference/GLP1-004-PCP-001;DocumentReference/GLP1-004-PCP-002;DocumentReference/GLP1-004-PCP-003;DocumentReference/GLP1-004-TEL-001,DocumentReference/GLP1-004-NUTR-001;DocumentReference/GLP1-004-NUTR-002;DocumentReference/GLP1-004-PCP-001;DocumentReference/GLP1-004-PCP-002;DocumentReference/GLP1-004-PCP-003;DocumentReference/GLP1-004-TEL-001,True,,181.5,5464.0,0.0,0.000229,False,,,,Final note documents continued diet and exercise.,
main_hybrid_t0.90,GLP1-004__UHC_WEGOVY_P1114_22_2026_09_01,GLP1-004,UHC_WEGOVY_P1114_22_2026_09_01,hybrid,bmi_threshold,deterministic,easy_positive,bmi_plus_comorbidity,PASS,PASS,True,code,1.0,,,,Condition/GLP1-004-HTN;Observation/GLP1-004-BMI-2026-08-19,,,0.0,0.0,0.0,0.0,False,,,,Latest structured BMI 29.2 (2026-08-19). In 27–30 band; comorbidity: PASS — hypertension documented.,
main_hybrid_t0.90,GLP1-005__AETNA_WEGOVY_4774C_2026_08_20,GLP1-005,AETNA_WEGOVY_4774C_2026_08_20,hybrid,age,deterministic,easy_positive,bmi_plus_comorbidity,PASS,PASS,True,code,1.0,,,,Patient/GLP1-005,,,0.0,0.0,0.0,0.0,False,,,,Age 28 on 2026-09-01 (min 18).,
main_hybrid_t0.90,GLP1-005__AETNA_WEGOVY_4774C_2026_08_20,GLP1-005,AETNA_WEGOVY_4774C_2026_08_20,hybrid,indication,deterministic,easy_positive,bmi_plus_comorbidity,PASS,PASS,True,code,1.0,,,,,,,0.0,0.0,0.0,0.0,False,,,,Initial Wegovy request for chronic weight management.,
main_hybrid_t0.90,GLP1-005__AETNA_WEGOVY_4774C_2026_08_20,GLP1-005,AETNA_WEGOVY_4774C_2026_08_20,hybrid,adjunct_diet_and_activity,semantic,easy_positive,bmi_plus_comorbidity,PASS,PASS,True,jev,0.94,PASS,0.94,DocumentReference/GLP1-005-NUTR-001;DocumentReference/GLP1-005-NUTR-002;DocumentReference/GLP1-005-PCP-001;DocumentReference/GLP1-005-PCP-002;DocumentReference/GLP1-005-PCP-003,DocumentReference/GLP1-005-NUTR-001;DocumentReference/GLP1-005-NUTR-002;DocumentReference/GLP1-005-PCP-001;DocumentReference/GLP1-005-PCP-002;DocumentReference/GLP1-005-PCP-003,True,,125.4,4068.0,0.0,0.000171,False,,,,Final note documents continued diet AND exercise.,
main_hybrid_t0.90,GLP1-005__AETNA_WEGOVY_4774C_2026_08_20,GLP1-005,AETNA_WEGOVY_4774C_2026_08_20,hybrid,program_6_months,semantic_temporal,easy_positive,bmi_plus_comorbidity,PASS,PASS,True,jev,0.96,PASS,0.96,DocumentReference/GLP1-005-NUTR-001;DocumentReference/GLP1-005-NUTR-002;DocumentReference/GLP1-005-PCP-001;DocumentReference/GLP1-005-PCP-003,DocumentReference/GLP1-005-NUTR-001;DocumentReference/GLP1-005-NUTR-002;DocumentReference/GLP1-005-PCP-001;DocumentReference/GLP1-005-PCP-003,True,,125.4,4068.0,0.0,0.000171,False,,,,"Continuous program with diet, activity and follow-up; duration computed from dated events. 2025-10-14 -> 2026-08-14 = 10 whole months (min 6).",
main_hybrid_t0.90,GLP1-005__AETNA_WEGOVY_4774C_2026_08_20,GLP1-005,AETNA_WEGOVY_4774C_2026_08_20,hybrid,bmi_threshold,deterministic,easy_positive,bmi_plus_comorbidity,PASS,PASS,True,code,1.0,,,,Condition/GLP1-005-DYSLIP;Observation/GLP1-005-BMI-2026-08-14,,,0.0,0.0,0.0,0.0,False,,,,Latest structured BMI 28.1 (2026-08-14). In 27–30 band; comorbidity: PASS — dyslipidemia documented.,
main_hybrid_t0.90,GLP1-005__BCBS_FEP_WEGOVY_2026_07_01,GLP1-005,BCBS_FEP_WEGOVY_2026_07_01,hybrid,age,deterministic,easy_positive,bmi_plus_comorbidity,PASS,PASS,True,code,1.0,,,,Patient/GLP1-005,,,0.0,0.0,0.0,0.0,False,,,,Age 28 on 2026-09-01 (min 18).,
main_hybrid_t0.90,GLP1-005__BCBS_FEP_WEGOVY_2026_07_01,GLP1-005,BCBS_FEP_WEGOVY_2026_07_01,hybrid,indication,deterministic,easy_positive,bmi_plus_comorbidity,PASS,PASS,True,code,1.0,,,,,,,0.0,0.0,0.0,0.0,False,,,,Initial Wegovy request for chronic weight management.,
main_hybrid_t0.90,GLP1-005__BCBS_FEP_WEGOVY_2026_07_01,GLP1-005,BCBS_FEP_WEGOVY_2026_07_01,hybrid,bmi_threshold,deterministic,easy_positive,bmi_plus_comorbidity,PASS,PASS,True,code,1.0,,,,Condition/GLP1-005-DYSLIP;Observation/GLP1-005-BMI-2026-08-14,,,0.0,0.0,0.0,0.0,False,,,,Latest structured BMI 28.1 (2026-08-14). In 27–30 band; comorbidity: PASS — dyslipidemia documented.,
main_hybrid_t0.90,GLP1-005__BCBS_FEP_WEGOVY_2026_07_01,GLP1-005,BCBS_FEP_WEGOVY_2026_07_01,hybrid,weight_management_program,semantic,easy_positive,bmi_plus_comorbidity,PASS,PASS,True,jev,0.98,PASS,0.98,DocumentReference/GLP1-005-NUTR-001;DocumentReference/GLP1-005-NUTR-002;DocumentReference/GLP1-005-PCP-001;DocumentReference/GLP1-005-PCP-003,DocumentReference/GLP1-005-NUTR-001;DocumentReference/GLP1-005-NUTR-002;DocumentReference/GLP1-005-PCP-001;DocumentReference/GLP1-005-PCP-003,True,,123.7,2056.333333,0.0,8.6e-05,False,,,,Enrolled in a comprehensive program with dietitian visits and follow-ups.,
main_hybrid_t0.90,GLP1-005__BCBS_FEP_WEGOVY_2026_07_01,GLP1-005,BCBS_FEP_WEGOVY_2026_07_01,hybrid,no_concurrent_glp1,medication_reconciliation,easy_positive,bmi_plus_comorbidity,PASS,PASS,True,jev,1.0,PASS,1.0,DocumentReference/GLP1-005-LAB-003;DocumentReference/GLP1-005-NUTR-002;DocumentReference/GLP1-005-PCP-003;DocumentReference/GLP1-005-PHARM-001,DocumentReference/GLP1-005-LAB-003;DocumentReference/GLP1-005-NUTR-002;DocumentReference/GLP1-005-PCP-003;DocumentReference/GLP1-005-PHARM-001,,,123.7,2056.333333,0.0,8.6e-05,False,,,,No GLP-1 or anti-obesity medication in structured data or notes.,
main_hybrid_t0.90,GLP1-005__BCBS_FEP_WEGOVY_2026_07_01,GLP1-005,BCBS_FEP_WEGOVY_2026_07_01,hybrid,no_concurrent_pa_weight_loss_med,medication_reconciliation,easy_positive,bmi_plus_comorbidity,PASS,PASS,True,jev,1.0,PASS,1.0,DocumentReference/GLP1-005-LAB-003;DocumentReference/GLP1-005-NUTR-002;DocumentReference/GLP1-005-PCP-003;DocumentReference/GLP1-005-PHARM-001,DocumentReference/GLP1-005-LAB-003;DocumentReference/GLP1-005-NUTR-002;DocumentReference/GLP1-005-PCP-003;DocumentReference/GLP1-005-PHARM-001,,,123.7,2056.333333,0.0,8.6e-05,False,,,,No PA weight-loss medication in structured data or notes.,
main_hybrid_t0.90,GLP1-005__UHC_WEGOVY_P1114_22_2026_09_01,GLP1-005,UHC_WEGOVY_P1114_22_2026_09_01,hybrid,age,deterministic,easy_positive,bmi_plus_comorbidity,PASS,PASS,True,code,1.0,,,,Patient/GLP1-005,,,0.0,0.0,0.0,0.0,False,,,,Age 28 on 2026-09-01 (min 12).,
main_hybrid_t0.90,GLP1-005__UHC_WEGOVY_P1114_22_2026_09_01,GLP1-005,UHC_WEGOVY_P1114_22_2026_09_01,hybrid,indication,deterministic,easy_positive,bmi_plus_comorbidity,PASS,PASS,True,code,1.0,,,,,,,0.0,0.0,0.0,0.0,False,,,,Initial Wegovy request for chronic weight management.,
main_hybrid_t0.90,GLP1-005__UHC_WEGOVY_P1114_22_2026_09_01,GLP1-005,UHC_WEGOVY_P1114_22_2026_09_01,hybrid,lifestyle_adjunct,semantic,easy_positive,bmi_plus_comorbidity,PASS,PASS,True,jev,0.96,PASS,0.96,DocumentReference/GLP1-005-NUTR-001;DocumentReference/GLP1-005-NUTR-002;DocumentReference/GLP1-005-PCP-001;DocumentReference/GLP1-005-PCP-003,DocumentReference/GLP1-005-NUTR-001;DocumentReference/GLP1-005-NUTR-002;DocumentReference/GLP1-005-PCP-001;DocumentReference/GLP1-005-PCP-003,True,,135.5,4606.0,0.0,0.000193,False,,,,Final note documents continued diet and exercise.,
main_hybrid_t0.90,GLP1-005__UHC_WEGOVY_P1114_22_2026_09_01,GLP1-005,UHC_WEGOVY_P1114_22_2026_09_01,hybrid,bmi_threshold,deterministic,easy_positive,bmi_plus_comorbidity,PASS,PASS,True,code,1.0,,,,Condition/GLP1-005-DYSLIP;Observation/GLP1-005-BMI-2026-08-14,,,0.0,0.0,0.0,0.0,False,,,,Latest structured BMI 28.1 (2026-08-14). In 27–30 band; comorbidity: PASS — dyslipidemia documented.,
main_hybrid_t0.90,GLP1-006__AETNA_WEGOVY_4774C_2026_08_20,GLP1-006,AETNA_WEGOVY_4774C_2026_08_20,hybrid,age,deterministic,easy_positive,strong_evidence,PASS,PASS,True,code,1.0,,,,Patient/GLP1-006,,,0.0,0.0,0.0,0.0,False,,,,Age 35 on 2026-09-01 (min 18).,
main_hybrid_t0.90,GLP1-006__AETNA_WEGOVY_4774C_2026_08_20,GLP1-006,AETNA_WEGOVY_4774C_2026_08_20,hybrid,indication,deterministic,easy_positive,strong_evidence,PASS,PASS,True,code,1.0,,,,,,,0.0,0.0,0.0,0.0,False,,,,Initial Wegovy request for chronic weight management.,
main_hybrid_t0.90,GLP1-006__AETNA_WEGOVY_4774C_2026_08_20,GLP1-006,AETNA_WEGOVY_4774C_2026_08_20,hybrid,adjunct_diet_and_activity,semantic,easy_positive,strong_evidence,PASS,PASS,True,jev,0.94,PASS,0.94,DocumentReference/GLP1-006-NUTR-001;DocumentReference/GLP1-006-NUTR-002;DocumentReference/GLP1-006-PCP-001;DocumentReference/GLP1-006-PCP-003,DocumentReference/GLP1-006-NUTR-001;DocumentReference/GLP1-006-NUTR-002;DocumentReference/GLP1-006-PCP-001;DocumentReference/GLP1-006-PCP-003,True,,151.6,4054.0,0.0,0.00017,False,,,,Final note documents continued diet AND exercise.,
main_hybrid_t0.90,GLP1-006__AETNA_WEGOVY_4774C_2026_08_20,GLP1-006,AETNA_WEGOVY_4774C_2026_08_20,hybrid,program_6_months,semantic_temporal,easy_positive,strong_evidence,PASS,PASS,True,jev,0.96,PASS,0.96,DocumentReference/GLP1-006-NUTR-001;DocumentReference/GLP1-006-NUTR-002;DocumentReference/GLP1-006-PCP-001;DocumentReference/GLP1-006-PCP-003;DocumentReference/GLP1-006-TEL-002,DocumentReference/GLP1-006-NUTR-001;DocumentReference/GLP1-006-NUTR-002;DocumentReference/GLP1-006-PCP-001;DocumentReference/GLP1-006-PCP-003;DocumentReference/GLP1-006-TEL-002,True,,151.6,4054.0,0.0,0.00017,False,,,,"Continuous program with diet, activity and follow-up; duration computed from dated events. 2025-08-04 -> 2026-08-04 = 12 whole months (min 6).",
main_hybrid_t0.90,GLP1-006__AETNA_WEGOVY_4774C_2026_08_20,GLP1-006,AETNA_WEGOVY_4774C_2026_08_20,hybrid,bmi_threshold,deterministic,easy_positive,strong_evidence,PASS,PASS,True,code,1.0,,,,Condition/GLP1-006-HTN;Observation/GLP1-006-BMI-2026-08-04,,,0.0,0.0,0.0,0.0,False,,,,Latest structured BMI 39.7 (2026-08-04).,
main_hybrid_t0.90,GLP1-006__BCBS_FEP_WEGOVY_2026_07_01,GLP1-006,BCBS_FEP_WEGOVY_2026_07_01,hybrid,age,deterministic,easy_positive,strong_evidence,PASS,PASS,True,code,1.0,,,,Patient/GLP1-006,,,0.0,0.0,0.0,0.0,False,,,,Age 35 on 2026-09-01 (min 18).,
main_hybrid_t0.90,GLP1-006__BCBS_FEP_WEGOVY_2026_07_01,GLP1-006,BCBS_FEP_WEGOVY_2026_07_01,hybrid,indication,deterministic,easy_positive,strong_evidence,PASS,PASS,True,code,1.0,,,,,,,0.0,0.0,0.0,0.0,False,,,,Initial Wegovy request for chronic weight management.,
main_hybrid_t0.90,GLP1-006__BCBS_FEP_WEGOVY_2026_07_01,GLP1-006,BCBS_FEP_WEGOVY_2026_07_01,hybrid,bmi_threshold,deterministic,easy_positive,strong_evidence,PASS,PASS,True,code,1.0,,,,Condition/GLP1-006-HTN;Observation/GLP1-006-BMI-2026-08-04,,,0.0,0.0,0.0,0.0,False,,,,Latest structured BMI 39.7 (2026-08-04).,
main_hybrid_t0.90,GLP1-006__BCBS_FEP_WEGOVY_2026_07_01,GLP1-006,BCBS_FEP_WEGOVY_2026_07_01,hybrid,weight_management_program,semantic,easy_positive,strong_evidence,PASS,PASS,True,jev,0.96,PASS,0.96,DocumentReference/GLP1-006-NUTR-001;DocumentReference/GLP1-006-NUTR-002;DocumentReference/GLP1-006-PCP-001;DocumentReference/GLP1-006-PCP-003;DocumentReference/GLP1-006-TEL-002,DocumentReference/GLP1-006-NUTR-001;DocumentReference/GLP1-006-NUTR-002;DocumentReference/GLP1-006-PCP-001;DocumentReference/GLP1-006-PCP-003;DocumentReference/GLP1-006-TEL-002,True,,144.1,2071.666667,0.0,8.7e-05,False,,,,Enrolled in a comprehensive program with dietitian visits and follow-ups.,
main_hybrid_t0.90,GLP1-006__BCBS_FEP_WEGOVY_2026_07_01,GLP1-006,BCBS_FEP_WEGOVY_2026_07_01,hybrid,no_concurrent_glp1,medication_reconciliation,easy_positive,strong_evidence,PASS,PASS,True,jev,1.0,PASS,1.0,DocumentReference/GLP1-006-NUTR-002;DocumentReference/GLP1-006-PCP-001;DocumentReference/GLP1-006-PCP-003,DocumentReference/GLP1-006-NUTR-002;DocumentReference/GLP1-006-PCP-001;DocumentReference/GLP1-006-PCP-003;MedicationStatement/GLP1-006-ORLISTAT,True,,144.1,2071.666667,0.0,8.7e-05,False,,,,No GLP-1 use.,
main_hybrid_t0.90,GLP1-006__BCBS_FEP_WEGOVY_2026_07_01,GLP1-006,BCBS_FEP_WEGOVY_2026_07_01,hybrid,no_concurrent_pa_weight_loss_med,medication_reconciliation,easy_positive,strong_evidence,PASS,PASS,True,jev,1.0,PASS,1.0,DocumentReference/GLP1-006-NUTR-002;DocumentReference/GLP1-006-PCP-001;DocumentReference/GLP1-006-PCP-003,DocumentReference/GLP1-006-NUTR-002;DocumentReference/GLP1-006-PCP-001;DocumentReference/GLP1-006-PCP-003;MedicationStatement/GLP1-006-ORLISTAT,True,,144.1,2071.666667,0.0,8.7e-05,False,,,,Orlistat stopped mid-2024; not concurrent.,
main_hybrid_t0.90,GLP1-006__UHC_WEGOVY_P1114_22_2026_09_01,GLP1-006,UHC_WEGOVY_P1114_22_2026_09_01,hybrid,age,deterministic,easy_positive,strong_evidence,PASS,PASS,True,code,1.0,,,,Patient/GLP1-006,,,0.0,0.0,0.0,0.0,False,,,,Age 35 on 2026-09-01 (min 12).,
main_hybrid_t0.90,GLP1-006__UHC_WEGOVY_P1114_22_2026_09_01,GLP1-006,UHC_WEGOVY_P1114_22_2026_09_01,hybrid,indication,deterministic,easy_positive,strong_evidence,PASS,PASS,True,code,1.0,,,,,,,0.0,0.0,0.0,0.0,False,,,,Initial Wegovy request for chronic weight management.,
main_hybrid_t0.90,GLP1-006__UHC_WEGOVY_P1114_22_2026_09_01,GLP1-006,UHC_WEGOVY_P1114_22_2026_09_01,hybrid,lifestyle_adjunct,semantic,easy_positive,strong_evidence,PASS,PASS,True,jev,0.96,PASS,0.96,DocumentReference/GLP1-006-NUTR-001;DocumentReference/GLP1-006-NUTR-002;DocumentReference/GLP1-006-PCP-001;DocumentReference/GLP1-006-PCP-003;DocumentReference/GLP1-006-TEL-002,DocumentReference/GLP1-006-NUTR-001;DocumentReference/GLP1-006-NUTR-002;DocumentReference/GLP1-006-PCP-001;DocumentReference/GLP1-006-PCP-003;DocumentReference/GLP1-006-TEL-002,True,,106.0,4594.0,0.0,0.000193,False,,,,Final note documents continued diet and exercise.,
main_hybrid_t0.90,GLP1-006__UHC_WEGOVY_P1114_22_2026_09_01,GLP1-006,UHC_WEGOVY_P1114_22_2026_09_01,hybrid,bmi_threshold,deterministic,easy_positive,strong_evidence,PASS,PASS,True,code,1.0,,,,Condition/GLP1-006-HTN;Observation/GLP1-006-BMI-2026-08-04,,,0.0,0.0,0.0,0.0,False,,,,Latest structured BMI 39.7 (2026-08-04).,
main_hybrid_t0.90,GLP1-007__AETNA_WEGOVY_4774C_2026_08_20,GLP1-007,AETNA_WEGOVY_4774C_2026_08_20,hybrid,age,deterministic,easy_positive,near_duration_threshold,PASS,PASS,True,code,1.0,,,,Patient/GLP1-007,,,0.0,0.0,0.0,0.0,False,,,,Age 42 on 2026-09-01 (min 18).,
main_hybrid_t0.90,GLP1-007__AETNA_WEGOVY_4774C_2026_08_20,GLP1-007,AETNA_WEGOVY_4774C_2026_08_20,hybrid,indication,deterministic,easy_positive,near_duration_threshold,PASS,PASS,True,code,1.0,,,,,,,0.0,0.0,0.0,0.0,False,,,,Initial Wegovy request for chronic weight management.,
main_hybrid_t0.90,GLP1-007__AETNA_WEGOVY_4774C_2026_08_20,GLP1-007,AETNA_WEGOVY_4774C_2026_08_20,hybrid,adjunct_diet_and_activity,semantic,easy_positive,near_duration_threshold,PASS,PASS,True,jev,0.94,PASS,0.94,DocumentReference/GLP1-007-NUTR-001;DocumentReference/GLP1-007-PCP-001;DocumentReference/GLP1-007-PCP-002;DocumentReference/GLP1-007-PCP-003,DocumentReference/GLP1-007-NUTR-001;DocumentReference/GLP1-007-PCP-001;DocumentReference/GLP1-007-PCP-002;DocumentReference/GLP1-007-PCP-003,True,,119.4,3395.5,0.0,0.000143,False,,,,Final note documents continued diet AND exercise.,
main_hybrid_t0.90,GLP1-007__AETNA_WEGOVY_4774C_2026_08_20,GLP1-007,AETNA_WEGOVY_4774C_2026_08_20,hybrid,program_6_months,semantic_temporal,easy_positive,near_duration_threshold,PASS,PASS,True,jev,0.98,PASS,0.98,DocumentReference/GLP1-007-NUTR-001;DocumentReference/GLP1-007-PCP-001;DocumentReference/GLP1-007-PCP-002;DocumentReference/GLP1-007-PCP-003,DocumentReference/GLP1-007-NUTR-001;DocumentReference/GLP1-007-PCP-001;DocumentReference/GLP1-007-PCP-002;DocumentReference/GLP1-007-PCP-003,True,,119.4,3395.5,0.0,0.000143,False,,,,"Continuous program with diet, activity and follow-up; duration computed from dated events. 2026-01-24 -> 2026-08-08 = 6 whole months (min 6).",
main_hybrid_t0.90,GLP1-007__AETNA_WEGOVY_4774C_2026_08_20,GLP1-007,AETNA_WEGOVY_4774C_2026_08_20,hybrid,bmi_threshold,deterministic,easy_positive,near_duration_threshold,PASS,PASS,True,code,1.0,,,,Observation/GLP1-007-BMI-2026-08-08,,,0.0,0.0,0.0,0.0,False,,,,Latest structured BMI 32.5 (2026-08-08).,
main_hybrid_t0.90,GLP1-007__BCBS_FEP_WEGOVY_2026_07_01,GLP1-007,BCBS_FEP_WEGOVY_2026_07_01,hybrid,age,deterministic,easy_positive,near_duration_threshold,PASS,PASS,True,code,1.0,,,,Patient/GLP1-007,,,0.0,0.0,0.0,0.0,False,,,,Age 42 on 2026-09-01 (min 18).,
main_hybrid_t0.90,GLP1-007__BCBS_FEP_WEGOVY_2026_07_01,GLP1-007,BCBS_FEP_WEGOVY_2026_07_01,hybrid,indication,deterministic,easy_positive,near_duration_threshold,PASS,PASS,True,code,1.0,,,,,,,0.0,0.0,0.0,0.0,False,,,,Initial Wegovy request for chronic weight management.,
main_hybrid_t0.90,GLP1-007__BCBS_FEP_WEGOVY_2026_07_01,GLP1-007,BCBS_FEP_WEGOVY_2026_07_01,hybrid,bmi_threshold,deterministic,easy_positive,near_duration_threshold,PASS,PASS,True,code,1.0,,,,Observation/GLP1-007-BMI-2026-08-08,,,0.0,0.0,0.0,0.0,False,,,,Latest structured BMI 32.5 (2026-08-08).,
main_hybrid_t0.90,GLP1-007__BCBS_FEP_WEGOVY_2026_07_01,GLP1-007,BCBS_FEP_WEGOVY_2026_07_01,hybrid,weight_management_program,semantic,easy_positive,near_duration_threshold,PASS,PASS,True,jev,0.96,PASS,0.96,DocumentReference/GLP1-007-NUTR-001;DocumentReference/GLP1-007-PCP-001;DocumentReference/GLP1-007-PCP-002;DocumentReference/GLP1-007-PCP-003,DocumentReference/GLP1-007-NUTR-001;DocumentReference/GLP1-007-PCP-001;DocumentReference/GLP1-007-PCP-002;DocumentReference/GLP1-007-PCP-003,True,,131.5,2073.0,0.0,8.7e-05,False,,,,Enrolled in a comprehensive program with dietitian visits and follow-ups.,
main_hybrid_t0.90,GLP1-007__BCBS_FEP_WEGOVY_2026_07_01,GLP1-007,BCBS_FEP_WEGOVY_2026_07_01,hybrid,no_concurrent_glp1,medication_reconciliation,easy_positive,near_duration_threshold,PASS,PASS,True,jev,1.0,PASS,1.0,DocumentReference/GLP1-007-IMM-001;DocumentReference/GLP1-007-OSR-001;DocumentReference/GLP1-007-PCP-003;DocumentReference/GLP1-007-PHARM-001,DocumentReference/GLP1-007-IMM-001;DocumentReference/GLP1-007-OSR-001;DocumentReference/GLP1-007-PCP-003;DocumentReference/GLP1-007-PHARM-001,,,131.5,2073.0,0.0,8.7e-05,False,,,,No GLP-1 or anti-obesity medication in structured data or notes.,
main_hybrid_t0.90,GLP1-007__BCBS_FEP_WEGOVY_2026_07_01,GLP1-007,BCBS_FEP_WEGOVY_2026_07_01,hybrid,no_concurrent_pa_weight_loss_med,medication_reconciliation,easy_positive,near_duration_threshold,PASS,PASS,True,jev,1.0,PASS,1.0,DocumentReference/GLP1-007-IMM-001;DocumentReference/GLP1-007-OSR-001;DocumentReference/GLP1-007-PCP-003;DocumentReference/GLP1-007-PHARM-001,DocumentReference/GLP1-007-IMM-001;DocumentReference/GLP1-007-OSR-001;DocumentReference/GLP1-007-PCP-003;DocumentReference/GLP1-007-PHARM-001,,,131.5,2073.0,0.0,8.7e-05,False,,,,No PA weight-loss medication in structured data or notes.,
main_hybrid_t0.90,GLP1-007__UHC_WEGOVY_P1114_22_2026_09_01,GLP1-007,UHC_WEGOVY_P1114_22_2026_09_01,hybrid,age,deterministic,easy_positive,near_duration_threshold,PASS,PASS,True,code,1.0,,,,Patient/GLP1-007,,,0.0,0.0,0.0,0.0,False,,,,Age 42 on 2026-09-01 (min 12).,
main_hybrid_t0.90,GLP1-007__UHC_WEGOVY_P1114_22_2026_09_01,GLP1-007,UHC_WEGOVY_P1114_22_2026_09_01,hybrid,indication,deterministic,easy_positive,near_duration_threshold,PASS,PASS,True,code,1.0,,,,,,,0.0,0.0,0.0,0.0,False,,,,Initial Wegovy request for chronic weight management.,
main_hybrid_t0.90,GLP1-007__UHC_WEGOVY_P1114_22_2026_09_01,GLP1-007,UHC_WEGOVY_P1114_22_2026_09_01,hybrid,lifestyle_adjunct,semantic,easy_positive,near_duration_threshold,PASS,PASS,True,jev,0.96,PASS,0.96,DocumentReference/GLP1-007-NUTR-001;DocumentReference/GLP1-007-PCP-001;DocumentReference/GLP1-007-PCP-002;DocumentReference/GLP1-007-PCP-003,DocumentReference/GLP1-007-NUTR-001;DocumentReference/GLP1-007-PCP-001;DocumentReference/GLP1-007-PCP-002;DocumentReference/GLP1-007-PCP-003,True,,133.9,4576.0,0.0,0.000192,False,,,,Final note documents continued diet and exercise.,
main_hybrid_t0.90,GLP1-007__UHC_WEGOVY_P1114_22_2026_09_01,GLP1-007,UHC_WEGOVY_P1114_22_2026_09_01,hybrid,bmi_threshold,deterministic,easy_positive,near_duration_threshold,PASS,PASS,True,code,1.0,,,,Observation/GLP1-007-BMI-2026-08-08,,,0.0,0.0,0.0,0.0,False,,,,Latest structured BMI 32.5 (2026-08-08).,
main_hybrid_t0.90,GLP1-008__AETNA_WEGOVY_4774C_2026_08_20,GLP1-008,AETNA_WEGOVY_4774C_2026_08_20,hybrid,age,deterministic,easy_positive,multiple_conditions,PASS,PASS,True,code,1.0,,,,Patient/GLP1-008,,,0.0,0.0,0.0,0.0,False,,,,Age 49 on 2026-09-01 (min 18).,
main_hybrid_t0.90,GLP1-008__AETNA_WEGOVY_4774C_2026_08_20,GLP1-008,AETNA_WEGOVY_4774C_2026_08_20,hybrid,indication,deterministic,easy_positive,multiple_conditions,PASS,PASS,True,code,1.0,,,,,,,0.0,0.0,0.0,0.0,False,,,,Initial Wegovy request for chronic weight management.,
main_hybrid_t0.90,GLP1-008__AETNA_WEGOVY_4774C_2026_08_20,GLP1-008,AETNA_WEGOVY_4774C_2026_08_20,hybrid,adjunct_diet_and_activity,semantic,easy_positive,multiple_conditions,PASS,PASS,True,jev,0.94,PASS,0.94,DocumentReference/GLP1-008-NUTR-001;DocumentReference/GLP1-008-PCP-001;DocumentReference/GLP1-008-PCP-002;DocumentReference/GLP1-008-PCP-003,DocumentReference/GLP1-008-NUTR-001;DocumentReference/GLP1-008-PCP-001;DocumentReference/GLP1-008-PCP-002;DocumentReference/GLP1-008-PCP-003,True,,139.4,3407.0,0.0,0.000143,False,,,,Final note documents continued diet AND exercise.,
main_hybrid_t0.90,GLP1-008__AETNA_WEGOVY_4774C_2026_08_20,GLP1-008,AETNA_WEGOVY_4774C_2026_08_20,hybrid,program_6_months,semantic_temporal,easy_positive,multiple_conditions,PASS,PASS,True,jev,0.98,PASS,0.98,DocumentReference/GLP1-008-NUTR-001;DocumentReference/GLP1-008-PCP-001;DocumentReference/GLP1-008-PCP-002;DocumentReference/GLP1-008-PCP-003,DocumentReference/GLP1-008-NUTR-001;DocumentReference/GLP1-008-PCP-001;DocumentReference/GLP1-008-PCP-002;DocumentReference/GLP1-008-PCP-003,True,,139.4,3407.0,0.0,0.000143,False,,,,"Continuous program with diet, activity and follow-up; duration computed from dated events. 2026-01-20 -> 2026-08-20 = 7 whole months (min 6).",
main_hybrid_t0.90,GLP1-008__AETNA_WEGOVY_4774C_2026_08_20,GLP1-008,AETNA_WEGOVY_4774C_2026_08_20,hybrid,bmi_threshold,deterministic,easy_positive,multiple_conditions,PASS,PASS,True,code,1.0,,,,Condition/GLP1-008-HTN;Condition/GLP1-008-PREDM;Observation/GLP1-008-BMI-2026-08-20,,,0.0,0.0,0.0,0.0,False,,,,Latest structured BMI 37.1 (2026-08-20).,
main_hybrid_t0.90,GLP1-008__BCBS_FEP_WEGOVY_2026_07_01,GLP1-008,BCBS_FEP_WEGOVY_2026_07_01,hybrid,age,deterministic,easy_positive,multiple_conditions,PASS,PASS,True,code,1.0,,,,Patient/GLP1-008,,,0.0,0.0,0.0,0.0,False,,,,Age 49 on 2026-09-01 (min 18).,
main_hybrid_t0.90,GLP1-008__BCBS_FEP_WEGOVY_2026_07_01,GLP1-008,BCBS_FEP_WEGOVY_2026_07_01,hybrid,indication,deterministic,easy_positive,multiple_conditions,PASS,PASS,True,code,1.0,,,,,,,0.0,0.0,0.0,0.0,False,,,,Initial Wegovy request for chronic weight management.,
main_hybrid_t0.90,GLP1-008__BCBS_FEP_WEGOVY_2026_07_01,GLP1-008,BCBS_FEP_WEGOVY_2026_07_01,hybrid,bmi_threshold,deterministic,easy_positive,multiple_conditions,PASS,PASS,True,code,1.0,,,,Condition/GLP1-008-HTN;Condition/GLP1-008-PREDM;Observation/GLP1-008-BMI-2026-08-20,,,0.0,0.0,0.0,0.0,False,,,,Latest structured BMI 37.1 (2026-08-20).,
main_hybrid_t0.90,GLP1-008__BCBS_FEP_WEGOVY_2026_07_01,GLP1-008,BCBS_FEP_WEGOVY_2026_07_01,hybrid,weight_management_program,semantic,easy_positive,multiple_conditions,PASS,PASS,True,jev,0.96,PASS,0.96,DocumentReference/GLP1-008-NUTR-001;DocumentReference/GLP1-008-PCP-001;DocumentReference/GLP1-008-PCP-002;DocumentReference/GLP1-008-PCP-003,DocumentReference/GLP1-008-NUTR-001;DocumentReference/GLP1-008-PCP-001;DocumentReference/GLP1-008-PCP-002;DocumentReference/GLP1-008-PCP-003,True,,129.7,2193.0,0.0,9.2e-05,False,,,,Enrolled in a comprehensive program with dietitian visits and follow-ups.,
main_hybrid_t0.90,GLP1-008__BCBS_FEP_WEGOVY_2026_07_01,GLP1-008,BCBS_FEP_WEGOVY_2026_07_01,hybrid,no_concurrent_glp1,medication_reconciliation,easy_positive,multiple_conditions,PASS,PASS,True,jev,1.0,PASS,1.0,DocumentReference/GLP1-008-PCP-001;DocumentReference/GLP1-008-PCP-003;DocumentReference/GLP1-008-TEL-001;DocumentReference/GLP1-008-UC-001,DocumentReference/GLP1-008-PCP-001;DocumentReference/GLP1-008-PCP-003;DocumentReference/GLP1-008-TEL-001;DocumentReference/GLP1-008-UC-001,,,129.7,2193.0,0.0,9.2e-05,False,,,,No GLP-1 or anti-obesity medication in structured data or notes.,
main_hybrid_t0.90,GLP1-008__BCBS_FEP_WEGOVY_2026_07_01,GLP1-008,BCBS_FEP_WEGOVY_2026_07_01,hybrid,no_concurrent_pa_weight_loss_med,medication_reconciliation,easy_positive,multiple_conditions,PASS,PASS,True,jev,1.0,PASS,1.0,DocumentReference/GLP1-008-PCP-001;DocumentReference/GLP1-008-PCP-003;DocumentReference/GLP1-008-TEL-001;DocumentReference/GLP1-008-UC-001,DocumentReference/GLP1-008-PCP-001;DocumentReference/GLP1-008-PCP-003;DocumentReference/GLP1-008-TEL-001;DocumentReference/GLP1-008-UC-001,,,129.7,2193.0,0.0,9.2e-05,False,,,,No PA weight-loss medication in structured data or notes.,
main_hybrid_t0.90,GLP1-008__UHC_WEGOVY_P1114_22_2026_09_01,GLP1-008,UHC_WEGOVY_P1114_22_2026_09_01,hybrid,age,deterministic,easy_positive,multiple_conditions,PASS,PASS,True,code,1.0,,,,Patient/GLP1-008,,,0.0,0.0,0.0,0.0,False,,,,Age 49 on 2026-09-01 (min 12).,
main_hybrid_t0.90,GLP1-008__UHC_WEGOVY_P1114_22_2026_09_01,GLP1-008,UHC_WEGOVY_P1114_22_2026_09_01,hybrid,indication,deterministic,easy_positive,multiple_conditions,PASS,PASS,True,code,1.0,,,,,,,0.0,0.0,0.0,0.0,False,,,,Initial Wegovy request for chronic weight management.,
main_hybrid_t0.90,GLP1-008__UHC_WEGOVY_P1114_22_2026_09_01,GLP1-008,UHC_WEGOVY_P1114_22_2026_09_01,hybrid,lifestyle_adjunct,semantic,easy_positive,multiple_conditions,PASS,PASS,True,jev,0.96,PASS,0.96,DocumentReference/GLP1-008-NUTR-001;DocumentReference/GLP1-008-PCP-001;DocumentReference/GLP1-008-PCP-002;DocumentReference/GLP1-008-PCP-003,DocumentReference/GLP1-008-NUTR-001;DocumentReference/GLP1-008-PCP-001;DocumentReference/GLP1-008-PCP-002;DocumentReference/GLP1-008-PCP-003,True,,100.5,4599.0,0.0,0.000193,False,,,,Final note documents continued diet and exercise.,
main_hybrid_t0.90,GLP1-008__UHC_WEGOVY_P1114_22_2026_09_01,GLP1-008,UHC_WEGOVY_P1114_22_2026_09_01,hybrid,bmi_threshold,deterministic,easy_positive,multiple_conditions,PASS,PASS,True,code,1.0,,,,Condition/GLP1-008-HTN;Condition/GLP1-008-PREDM;Observation/GLP1-008-BMI-2026-08-20,,,0.0,0.0,0.0,0.0,False,,,,Latest structured BMI 37.1 (2026-08-20).,
main_hybrid_t0.90,GLP1-009__AETNA_WEGOVY_4774C_2026_08_20,GLP1-009,AETNA_WEGOVY_4774C_2026_08_20,hybrid,age,deterministic,easy_positive,near_bmi_threshold,PASS,PASS,True,code,1.0,,,,Patient/GLP1-009,,,0.0,0.0,0.0,0.0,False,,,,Age 56 on 2026-09-01 (min 18).,
main_hybrid_t0.90,GLP1-009__AETNA_WEGOVY_4774C_2026_08_20,GLP1-009,AETNA_WEGOVY_4774C_2026_08_20,hybrid,indication,deterministic,easy_positive,near_bmi_threshold,PASS,PASS,True,code,1.0,,,,,,,0.0,0.0,0.0,0.0,False,,,,Initial Wegovy request for chronic weight management.,
main_hybrid_t0.90,GLP1-009__AETNA_WEGOVY_4774C_2026_08_20,GLP1-009,AETNA_WEGOVY_4774C_2026_08_20,hybrid,adjunct_diet_and_activity,semantic,easy_positive,near_bmi_threshold,PASS,PASS,True,jev,0.92,PASS,0.92,DocumentReference/GLP1-009-LAB-001;DocumentReference/GLP1-009-NUTR-001;DocumentReference/GLP1-009-NUTR-002;DocumentReference/GLP1-009-PCP-001;DocumentReference/GLP1-009-PCP-003,DocumentReference/GLP1-009-LAB-001;DocumentReference/GLP1-009-NUTR-001;DocumentReference/GLP1-009-NUTR-002;DocumentReference/GLP1-009-PCP-001;DocumentReference/GLP1-009-PCP-003,True,,202.8,4001.0,0.0,0.000168,False,,,,Final note documents continued diet AND exercise.,
main_hybrid_t0.90,GLP1-009__AETNA_WEGOVY_4774C_2026_08_20,GLP1-009,AETNA_WEGOVY_4774C_2026_08_20,hybrid,program_6_months,semantic_temporal,easy_positive,near_bmi_threshold,PASS,PASS,True,jev,0.96,PASS,0.96,DocumentReference/GLP1-009-LAB-001;DocumentReference/GLP1-009-NUTR-001;DocumentReference/GLP1-009-NUTR-002;DocumentReference/GLP1-009-PCP-001;DocumentReference/GLP1-009-PCP-003,DocumentReference/GLP1-009-LAB-001;DocumentReference/GLP1-009-NUTR-001;DocumentReference/GLP1-009-NUTR-002;DocumentReference/GLP1-009-PCP-001;DocumentReference/GLP1-009-PCP-003,True,,202.8,4001.0,0.0,0.000168,False,,,,"Continuous program with diet, activity and follow-up; duration computed from dated events. 2025-09-06 -> 2026-08-06 = 11 whole months (min 6).",
main_hybrid_t0.90,GLP1-009__AETNA_WEGOVY_4774C_2026_08_20,GLP1-009,AETNA_WEGOVY_4774C_2026_08_20,hybrid,bmi_threshold,deterministic,easy_positive,near_bmi_threshold,PASS,PASS,True,code,1.0,,,,Observation/GLP1-009-BMI-2026-08-06,,,0.0,0.0,0.0,0.0,False,,,,Latest structured BMI 30.4 (2026-08-06).,
main_hybrid_t0.90,GLP1-009__BCBS_FEP_WEGOVY_2026_07_01,GLP1-009,BCBS_FEP_WEGOVY_2026_07_01,hybrid,age,deterministic,easy_positive,near_bmi_threshold,PASS,PASS,True,code,1.0,,,,Patient/GLP1-009,,,0.0,0.0,0.0,0.0,False,,,,Age 56 on 2026-09-01 (min 18).,
main_hybrid_t0.90,GLP1-009__BCBS_FEP_WEGOVY_2026_07_01,GLP1-009,BCBS_FEP_WEGOVY_2026_07_01,hybrid,indication,deterministic,easy_positive,near_bmi_threshold,PASS,PASS,True,code,1.0,,,,,,,0.0,0.0,0.0,0.0,False,,,,Initial Wegovy request for chronic weight management.,
main_hybrid_t0.90,GLP1-009__BCBS_FEP_WEGOVY_2026_07_01,GLP1-009,BCBS_FEP_WEGOVY_2026_07_01,hybrid,bmi_threshold,deterministic,easy_positive,near_bmi_threshold,PASS,PASS,True,code,1.0,,,,Observation/GLP1-009-BMI-2026-08-06,,,0.0,0.0,0.0,0.0,False,,,,Latest structured BMI 30.4 (2026-08-06).,
main_hybrid_t0.90,GLP1-009__BCBS_FEP_WEGOVY_2026_07_01,GLP1-009,BCBS_FEP_WEGOVY_2026_07_01,hybrid,weight_management_program,semantic,easy_positive,near_bmi_threshold,PASS,PASS,True,jev,0.96,PASS,0.96,DocumentReference/GLP1-009-NUTR-001;DocumentReference/GLP1-009-NUTR-002;DocumentReference/GLP1-009-PCP-001;DocumentReference/GLP1-009-PCP-003,DocumentReference/GLP1-009-NUTR-001;DocumentReference/GLP1-009-NUTR-002;DocumentReference/GLP1-009-PCP-001;DocumentReference/GLP1-009-PCP-003,True,,159.5,2068.333333,0.0,8.7e-05,False,,,,Enrolled in a comprehensive program with dietitian visits and follow-ups.,
main_hybrid_t0.90,GLP1-009__BCBS_FEP_WEGOVY_2026_07_01,GLP1-009,BCBS_FEP_WEGOVY_2026_07_01,hybrid,no_concurrent_glp1,medication_reconciliation,easy_positive,near_bmi_threshold,PASS,PASS,True,jev,1.0,PASS,1.0,DocumentReference/GLP1-009-LAB-001;DocumentReference/GLP1-009-OSR-002;DocumentReference/GLP1-009-PCP-003;DocumentReference/GLP1-009-PHARM-001,DocumentReference/GLP1-009-LAB-001;DocumentReference/GLP1-009-OSR-002;DocumentReference/GLP1-009-PCP-003;DocumentReference/GLP1-009-PHARM-001,,,159.5,2068.333333,0.0,8.7e-05,False,,,,No GLP-1 or anti-obesity medication in structured data or notes.,
main_hybrid_t0.90,GLP1-009__BCBS_FEP_WEGOVY_2026_07_01,GLP1-009,BCBS_FEP_WEGOVY_2026_07_01,hybrid,no_concurrent_pa_weight_loss_med,medication_reconciliation,easy_positive,near_bmi_threshold,PASS,PASS,True,jev,1.0,PASS,1.0,DocumentReference/GLP1-009-LAB-001;DocumentReference/GLP1-009-OSR-002;DocumentReference/GLP1-009-PCP-003;DocumentReference/GLP1-009-PHARM-001,DocumentReference/GLP1-009-LAB-001;DocumentReference/GLP1-009-OSR-002;DocumentReference/GLP1-009-PCP-003;DocumentReference/GLP1-009-PHARM-001,,,159.5,2068.333333,0.0,8.7e-05,False,,,,No PA weight-loss medication in structured data or notes.,
main_hybrid_t0.90,GLP1-009__UHC_WEGOVY_P1114_22_2026_09_01,GLP1-009,UHC_WEGOVY_P1114_22_2026_09_01,hybrid,age,deterministic,easy_positive,near_bmi_threshold,PASS,PASS,True,code,1.0,,,,Patient/GLP1-009,,,0.0,0.0,0.0,0.0,False,,,,Age 56 on 2026-09-01 (min 12).,
main_hybrid_t0.90,GLP1-009__UHC_WEGOVY_P1114_22_2026_09_01,GLP1-009,UHC_WEGOVY_P1114_22_2026_09_01,hybrid,indication,deterministic,easy_positive,near_bmi_threshold,PASS,PASS,True,code,1.0,,,,,,,0.0,0.0,0.0,0.0,False,,,,Initial Wegovy request for chronic weight management.,
main_hybrid_t0.90,GLP1-009__UHC_WEGOVY_P1114_22_2026_09_01,GLP1-009,UHC_WEGOVY_P1114_22_2026_09_01,hybrid,lifestyle_adjunct,semantic,easy_positive,near_bmi_threshold,PASS,PASS,True,jev,0.96,PASS,0.96,DocumentReference/GLP1-009-LAB-001;DocumentReference/GLP1-009-NUTR-001;DocumentReference/GLP1-009-NUTR-002;DocumentReference/GLP1-009-PCP-001;DocumentReference/GLP1-009-PCP-003,DocumentReference/GLP1-009-LAB-001;DocumentReference/GLP1-009-NUTR-001;DocumentReference/GLP1-009-NUTR-002;DocumentReference/GLP1-009-PCP-001;DocumentReference/GLP1-009-PCP-003,True,,199.0,5344.0,0.0,0.000224,False,,,,Final note documents continued diet and exercise.,
main_hybrid_t0.90,GLP1-009__UHC_WEGOVY_P1114_22_2026_09_01,GLP1-009,UHC_WEGOVY_P1114_22_2026_09_01,hybrid,bmi_threshold,deterministic,easy_positive,near_bmi_threshold,PASS,PASS,True,code,1.0,,,,Observation/GLP1-009-BMI-2026-08-06,,,0.0,0.0,0.0,0.0,False,,,,Latest structured BMI 30.4 (2026-08-06).,
main_hybrid_t0.90,GLP1-010__AETNA_WEGOVY_4774C_2026_08_20,GLP1-010,AETNA_WEGOVY_4774C_2026_08_20,hybrid,age,deterministic,easy_positive,obvious_positive,PASS,PASS,True,code,1.0,,,,Patient/GLP1-010,,,0.0,0.0,0.0,0.0,False,,,,Age 28 on 2026-09-01 (min 18).,
main_hybrid_t0.90,GLP1-010__AETNA_WEGOVY_4774C_2026_08_20,GLP1-010,AETNA_WEGOVY_4774C_2026_08_20,hybrid,indication,deterministic,easy_positive,obvious_positive,PASS,PASS,True,code,1.0,,,,,,,0.0,0.0,0.0,0.0,False,,,,Initial Wegovy request for chronic weight management.,
main_hybrid_t0.90,GLP1-010__AETNA_WEGOVY_4774C_2026_08_20,GLP1-010,AETNA_WEGOVY_4774C_2026_08_20,hybrid,adjunct_diet_and_activity,semantic,easy_positive,obvious_positive,PASS,PASS,True,jev,0.94,PASS,0.94,DocumentReference/GLP1-010-NUTR-001;DocumentReference/GLP1-010-NUTR-002;DocumentReference/GLP1-010-PCP-001;DocumentReference/GLP1-010-PCP-003,DocumentReference/GLP1-010-NUTR-001;DocumentReference/GLP1-010-NUTR-002;DocumentReference/GLP1-010-PCP-001;DocumentReference/GLP1-010-PCP-003,True,,126.7,3414.5,0.0,0.000143,False,,,,Final note documents continued diet AND exercise.,
main_hybrid_t0.90,GLP1-010__AETNA_WEGOVY_4774C_2026_08_20,GLP1-010,AETNA_WEGOVY_4774C_2026_08_20,hybrid,program_6_months,semantic_temporal,easy_positive,obvious_positive,PASS,PASS,True,jev,0.96,PASS,0.96,DocumentReference/GLP1-010-NUTR-001;DocumentReference/GLP1-010-NUTR-002;DocumentReference/GLP1-010-PCP-001;DocumentReference/GLP1-010-PCP-003,DocumentReference/GLP1-010-NUTR-001;DocumentReference/GLP1-010-NUTR-002;DocumentReference/GLP1-010-PCP-001;DocumentReference/GLP1-010-PCP-003,True,,126.7,3414.5,0.0,0.000143,False,,,,"Continuous program with diet, activity and follow-up; duration computed from dated events. 2025-06-14 -> 2026-08-14 = 14 whole months (min 6).",
main_hybrid_t0.90,GLP1-010__AETNA_WEGOVY_4774C_2026_08_20,GLP1-010,AETNA_WEGOVY_4774C_2026_08_20,hybrid,bmi_threshold,deterministic,easy_positive,obvious_positive,PASS,PASS,True,code,1.0,,,,Condition/GLP1-010-HTN;Observation/GLP1-010-BMI-2026-08-14,,,0.0,0.0,0.0,0.0,False,,,,Latest structured BMI 42.3 (2026-08-14).,
main_hybrid_t0.90,GLP1-010__BCBS_FEP_WEGOVY_2026_07_01,GLP1-010,BCBS_FEP_WEGOVY_2026_07_01,hybrid,age,deterministic,easy_positive,obvious_positive,PASS,PASS,True,code,1.0,,,,Patient/GLP1-010,,,0.0,0.0,0.0,0.0,False,,,,Age 28 on 2026-09-01 (min 18).,
main_hybrid_t0.90,GLP1-010__BCBS_FEP_WEGOVY_2026_07_01,GLP1-010,BCBS_FEP_WEGOVY_2026_07_01,hybrid,indication,deterministic,easy_positive,obvious_positive,PASS,PASS,True,code,1.0,,,,,,,0.0,0.0,0.0,0.0,False,,,,Initial Wegovy request for chronic weight management.,
main_hybrid_t0.90,GLP1-010__BCBS_FEP_WEGOVY_2026_07_01,GLP1-010,BCBS_FEP_WEGOVY_2026_07_01,hybrid,bmi_threshold,deterministic,easy_positive,obvious_positive,PASS,PASS,True,code,1.0,,,,Condition/GLP1-010-HTN;Observation/GLP1-010-BMI-2026-08-14,,,0.0,0.0,0.0,0.0,False,,,,Latest structured BMI 42.3 (2026-08-14).,
main_hybrid_t0.90,GLP1-010__BCBS_FEP_WEGOVY_2026_07_01,GLP1-010,BCBS_FEP_WEGOVY_2026_07_01,hybrid,weight_management_program,semantic,easy_positive,obvious_positive,PASS,PASS,True,jev,0.98,PASS,0.98,DocumentReference/GLP1-010-NUTR-001;DocumentReference/GLP1-010-NUTR-002;DocumentReference/GLP1-010-PCP-001;DocumentReference/GLP1-010-PCP-003,DocumentReference/GLP1-010-NUTR-001;DocumentReference/GLP1-010-NUTR-002;DocumentReference/GLP1-010-PCP-001;DocumentReference/GLP1-010-PCP-003,True,,107.9,1931.666667,0.0,8.1e-05,False,,,,Enrolled in a comprehensive program with dietitian visits and follow-ups.,
main_hybrid_t0.90,GLP1-010__BCBS_FEP_WEGOVY_2026_07_01,GLP1-010,BCBS_FEP_WEGOVY_2026_07_01,hybrid,no_concurrent_glp1,medication_reconciliation,easy_positive,obvious_positive,PASS,PASS,True,jev,1.0,PASS,1.0,DocumentReference/GLP1-010-NUTR-002;DocumentReference/GLP1-010-PCP-001;DocumentReference/GLP1-010-PCP-003,DocumentReference/GLP1-010-NUTR-002;DocumentReference/GLP1-010-PCP-001;DocumentReference/GLP1-010-PCP-003,,,107.9,1931.666667,0.0,8.1e-05,False,,,,No GLP-1 or anti-obesity medication in structured data or notes.,
main_hybrid_t0.90,GLP1-010__BCBS_FEP_WEGOVY_2026_07_01,GLP1-010,BCBS_FEP_WEGOVY_2026_07_01,hybrid,no_concurrent_pa_weight_loss_med,medication_reconciliation,easy_positive,obvious_positive,PASS,PASS,True,jev,1.0,PASS,1.0,DocumentReference/GLP1-010-NUTR-002;DocumentReference/GLP1-010-PCP-001;DocumentReference/GLP1-010-PCP-003,DocumentReference/GLP1-010-NUTR-002;DocumentReference/GLP1-010-PCP-001;DocumentReference/GLP1-010-PCP-003,,,107.9,1931.666667,0.0,8.1e-05,False,,,,No PA weight-loss medication in structured data or notes.,
main_hybrid_t0.90,GLP1-010__UHC_WEGOVY_P1114_22_2026_09_01,GLP1-010,UHC_WEGOVY_P1114_22_2026_09_01,hybrid,age,deterministic,easy_positive,obvious_positive,PASS,PASS,True,code,1.0,,,,Patient/GLP1-010,,,0.0,0.0,0.0,0.0,False,,,,Age 28 on 2026-09-01 (min 12).,
main_hybrid_t0.90,GLP1-010__UHC_WEGOVY_P1114_22_2026_09_01,GLP1-010,UHC_WEGOVY_P1114_22_2026_09_01,hybrid,indication,deterministic,easy_positive,obvious_positive,PASS,PASS,True,code,1.0,,,,,,,0.0,0.0,0.0,0.0,False,,,,Initial Wegovy request for chronic weight management.,
main_hybrid_t0.90,GLP1-010__UHC_WEGOVY_P1114_22_2026_09_01,GLP1-010,UHC_WEGOVY_P1114_22_2026_09_01,hybrid,lifestyle_adjunct,semantic,easy_positive,obvious_positive,PASS,PASS,True,jev,0.94,PASS,0.94,DocumentReference/GLP1-010-NUTR-001;DocumentReference/GLP1-010-NUTR-002;DocumentReference/GLP1-010-PCP-001;DocumentReference/GLP1-010-PCP-003,DocumentReference/GLP1-010-NUTR-001;DocumentReference/GLP1-010-NUTR-002;DocumentReference/GLP1-010-PCP-001;DocumentReference/GLP1-010-PCP-003,True,,171.6,4614.0,0.0,0.000194,False,,,,Final note documents continued diet and exercise.,
main_hybrid_t0.90,GLP1-010__UHC_WEGOVY_P1114_22_2026_09_01,GLP1-010,UHC_WEGOVY_P1114_22_2026_09_01,hybrid,bmi_threshold,deterministic,easy_positive,obvious_positive,PASS,PASS,True,code,1.0,,,,Condition/GLP1-010-HTN;Observation/GLP1-010-BMI-2026-08-14,,,0.0,0.0,0.0,0.0,False,,,,Latest structured BMI 42.3 (2026-08-14).,
main_hybrid_t0.90,GLP1-011__AETNA_WEGOVY_4774C_2026_08_20,GLP1-011,AETNA_WEGOVY_4774C_2026_08_20,hybrid,age,deterministic,easy_negative,bmi_failure,PASS,PASS,True,code,1.0,,,,Patient/GLP1-011,,,0.0,0.0,0.0,0.0,False,,,,Age 35 on 2026-09-01 (min 18).,
main_hybrid_t0.90,GLP1-011__AETNA_WEGOVY_4774C_2026_08_20,GLP1-011,AETNA_WEGOVY_4774C_2026_08_20,hybrid,indication,deterministic,easy_negative,bmi_failure,PASS,PASS,True,code,1.0,,,,,,,0.0,0.0,0.0,0.0,False,,,,Initial Wegovy request for chronic weight management.,
main_hybrid_t0.90,GLP1-011__AETNA_WEGOVY_4774C_2026_08_20,GLP1-011,AETNA_WEGOVY_4774C_2026_08_20,hybrid,adjunct_diet_and_activity,semantic,easy_negative,bmi_failure,PASS,PASS,True,jev,0.96,PASS,0.96,DocumentReference/GLP1-011-NUTR-001;DocumentReference/GLP1-011-NUTR-002;DocumentReference/GLP1-011-PCP-001;DocumentReference/GLP1-011-PCP-003,DocumentReference/GLP1-011-NUTR-001;DocumentReference/GLP1-011-NUTR-002;DocumentReference/GLP1-011-PCP-001;DocumentReference/GLP1-011-PCP-003,True,,159.6,4005.0,0.0,0.000168,False,,,,Final note documents continued diet AND exercise.,
main_hybrid_t0.90,GLP1-011__AETNA_WEGOVY_4774C_2026_08_20,GLP1-011,AETNA_WEGOVY_4774C_2026_08_20,hybrid,program_6_months,semantic_temporal,easy_negative,bmi_failure,PASS,PASS,True,jev,0.98,PASS,0.98,DocumentReference/GLP1-011-NUTR-001;DocumentReference/GLP1-011-NUTR-002;DocumentReference/GLP1-011-PCP-001;DocumentReference/GLP1-011-PCP-002;DocumentReference/GLP1-011-PCP-003,DocumentReference/GLP1-011-NUTR-001;DocumentReference/GLP1-011-NUTR-002;DocumentReference/GLP1-011-PCP-001;DocumentReference/GLP1-011-PCP-002;DocumentReference/GLP1-011-PCP-003,True,,159.6,4005.0,0.0,0.000168,False,,,,"Continuous program with diet, activity and follow-up; duration computed from dated events. 2025-12-11 -> 2026-08-11 = 8 whole months (min 6).",
main_hybrid_t0.90,GLP1-011__AETNA_WEGOVY_4774C_2026_08_20,GLP1-011,AETNA_WEGOVY_4774C_2026_08_20,hybrid,bmi_threshold,deterministic,easy_negative,bmi_failure,FAIL,FAIL,True,code,1.0,,,,Observation/GLP1-011-BMI-2026-08-11,,,0.0,0.0,0.0,0.0,False,,,,Latest structured BMI 24.8 (2026-08-11).,
main_hybrid_t0.90,GLP1-011__BCBS_FEP_WEGOVY_2026_07_01,GLP1-011,BCBS_FEP_WEGOVY_2026_07_01,hybrid,age,deterministic,easy_negative,bmi_failure,PASS,PASS,True,code,1.0,,,,Patient/GLP1-011,,,0.0,0.0,0.0,0.0,False,,,,Age 35 on 2026-09-01 (min 18).,
main_hybrid_t0.90,GLP1-011__BCBS_FEP_WEGOVY_2026_07_01,GLP1-011,BCBS_FEP_WEGOVY_2026_07_01,hybrid,indication,deterministic,easy_negative,bmi_failure,PASS,PASS,True,code,1.0,,,,,,,0.0,0.0,0.0,0.0,False,,,,Initial Wegovy request for chronic weight management.,
main_hybrid_t0.90,GLP1-011__BCBS_FEP_WEGOVY_2026_07_01,GLP1-011,BCBS_FEP_WEGOVY_2026_07_01,hybrid,bmi_threshold,deterministic,easy_negative,bmi_failure,FAIL,FAIL,True,code,1.0,,,,Observation/GLP1-011-BMI-2026-08-11,,,0.0,0.0,0.0,0.0,False,,,,Latest structured BMI 24.8 (2026-08-11).,
main_hybrid_t0.90,GLP1-011__BCBS_FEP_WEGOVY_2026_07_01,GLP1-011,BCBS_FEP_WEGOVY_2026_07_01,hybrid,weight_management_program,semantic,easy_negative,bmi_failure,PASS,PASS,True,jev,0.96,PASS,0.96,DocumentReference/GLP1-011-NUTR-001;DocumentReference/GLP1-011-NUTR-002;DocumentReference/GLP1-011-PCP-001;DocumentReference/GLP1-011-PCP-002;DocumentReference/GLP1-011-PCP-003,DocumentReference/GLP1-011-NUTR-001;DocumentReference/GLP1-011-NUTR-002;DocumentReference/GLP1-011-PCP-001;DocumentReference/GLP1-011-PCP-002;DocumentReference/GLP1-011-PCP-003,True,,167.8,1940.666667,0.0,8.2e-05,False,,,,Enrolled in a comprehensive program with dietitian visits and follow-ups.,
main_hybrid_t0.90,GLP1-011__BCBS_FEP_WEGOVY_2026_07_01,GLP1-011,BCBS_FEP_WEGOVY_2026_07_01,hybrid,no_concurrent_glp1,medication_reconciliation,easy_negative,bmi_failure,PASS,PASS,True,jev,1.0,PASS,1.0,DocumentReference/GLP1-011-MSG-001;DocumentReference/GLP1-011-NUTR-002;DocumentReference/GLP1-011-PCP-003,DocumentReference/GLP1-011-MSG-001;DocumentReference/GLP1-011-NUTR-002;DocumentReference/GLP1-011-PCP-003,,,167.8,1940.666667,0.0,8.2e-05,False,,,,No GLP-1 or anti-obesity medication in structured data or notes.,
main_hybrid_t0.90,GLP1-011__BCBS_FEP_WEGOVY_2026_07_01,GLP1-011,BCBS_FEP_WEGOVY_2026_07_01,hybrid,no_concurrent_pa_weight_loss_med,medication_reconciliation,easy_negative,bmi_failure,PASS,PASS,True,jev,1.0,PASS,1.0,DocumentReference/GLP1-011-MSG-001;DocumentReference/GLP1-011-NUTR-002;DocumentReference/GLP1-011-PCP-003,DocumentReference/GLP1-011-MSG-001;DocumentReference/GLP1-011-NUTR-002;DocumentReference/GLP1-011-PCP-003,,,167.8,1940.666667,0.0,8.2e-05,False,,,,No PA weight-loss medication in structured data or notes.,
main_hybrid_t0.90,GLP1-011__UHC_WEGOVY_P1114_22_2026_09_01,GLP1-011,UHC_WEGOVY_P1114_22_2026_09_01,hybrid,age,deterministic,easy_negative,bmi_failure,PASS,PASS,True,code,1.0,,,,Patient/GLP1-011,,,0.0,0.0,0.0,0.0,False,,,,Age 35 on 2026-09-01 (min 12).,
main_hybrid_t0.90,GLP1-011__UHC_WEGOVY_P1114_22_2026_09_01,GLP1-011,UHC_WEGOVY_P1114_22_2026_09_01,hybrid,indication,deterministic,easy_negative,bmi_failure,PASS,PASS,True,code,1.0,,,,,,,0.0,0.0,0.0,0.0,False,,,,Initial Wegovy request for chronic weight management.,
main_hybrid_t0.90,GLP1-011__UHC_WEGOVY_P1114_22_2026_09_01,GLP1-011,UHC_WEGOVY_P1114_22_2026_09_01,hybrid,lifestyle_adjunct,semantic,easy_negative,bmi_failure,PASS,PASS,True,jev,0.96,PASS,0.96,DocumentReference/GLP1-011-NUTR-001;DocumentReference/GLP1-011-NUTR-002;DocumentReference/GLP1-011-PCP-001;DocumentReference/GLP1-011-PCP-002;DocumentReference/GLP1-011-PCP-003,DocumentReference/GLP1-011-NUTR-001;DocumentReference/GLP1-011-NUTR-002;DocumentReference/GLP1-011-PCP-001;DocumentReference/GLP1-011-PCP-002;DocumentReference/GLP1-011-PCP-003,True,,139.2,4541.0,0.0,0.000191,False,,,,Final note documents continued diet and exercise.,
main_hybrid_t0.90,GLP1-011__UHC_WEGOVY_P1114_22_2026_09_01,GLP1-011,UHC_WEGOVY_P1114_22_2026_09_01,hybrid,bmi_threshold,deterministic,easy_negative,bmi_failure,FAIL,FAIL,True,code,1.0,,,,Observation/GLP1-011-BMI-2026-08-11,,,0.0,0.0,0.0,0.0,False,,,,Latest structured BMI 24.8 (2026-08-11).,
main_hybrid_t0.90,GLP1-012__AETNA_WEGOVY_4774C_2026_08_20,GLP1-012,AETNA_WEGOVY_4774C_2026_08_20,hybrid,age,deterministic,easy_negative,below_bmi_threshold,PASS,PASS,True,code,1.0,,,,Patient/GLP1-012,,,0.0,0.0,0.0,0.0,False,,,,Age 42 on 2026-09-01 (min 18).,
main_hybrid_t0.90,GLP1-012__AETNA_WEGOVY_4774C_2026_08_20,GLP1-012,AETNA_WEGOVY_4774C_2026_08_20,hybrid,indication,deterministic,easy_negative,below_bmi_threshold,PASS,PASS,True,code,1.0,,,,,,,0.0,0.0,0.0,0.0,False,,,,Initial Wegovy request for chronic weight management.,
main_hybrid_t0.90,GLP1-012__AETNA_WEGOVY_4774C_2026_08_20,GLP1-012,AETNA_WEGOVY_4774C_2026_08_20,hybrid,adjunct_diet_and_activity,semantic,easy_negative,below_bmi_threshold,PASS,PASS,True,jev,0.94,PASS,0.94,DocumentReference/GLP1-012-NUTR-001;DocumentReference/GLP1-012-NUTR-002;DocumentReference/GLP1-012-PCP-001;DocumentReference/GLP1-012-PCP-003,DocumentReference/GLP1-012-NUTR-001;DocumentReference/GLP1-012-NUTR-002;DocumentReference/GLP1-012-PCP-001;DocumentReference/GLP1-012-PCP-003,True,,128.9,3371.5,0.0,0.000142,False,,,,Final note documents continued diet AND exercise.,
main_hybrid_t0.90,GLP1-012__AETNA_WEGOVY_4774C_2026_08_20,GLP1-012,AETNA_WEGOVY_4774C_2026_08_20,hybrid,program_6_months,semantic_temporal,easy_negative,below_bmi_threshold,PASS,PASS,True,jev,0.96,PASS,0.96,DocumentReference/GLP1-012-NUTR-001;DocumentReference/GLP1-012-NUTR-002;DocumentReference/GLP1-012-PCP-001;DocumentReference/GLP1-012-PCP-003,DocumentReference/GLP1-012-NUTR-001;DocumentReference/GLP1-012-NUTR-002;DocumentReference/GLP1-012-PCP-001;DocumentReference/GLP1-012-PCP-003,True,,128.9,3371.5,0.0,0.000142,False,,,,"Continuous program with diet, activity and follow-up; duration computed from dated events. 2025-11-08 -> 2026-08-08 = 9 whole months (min 6).",
main_hybrid_t0.90,GLP1-012__AETNA_WEGOVY_4774C_2026_08_20,GLP1-012,AETNA_WEGOVY_4774C_2026_08_20,hybrid,bmi_threshold,deterministic,easy_negative,below_bmi_threshold,FAIL,FAIL,True,code,1.0,,,,Condition/GLP1-012-HTN;Observation/GLP1-012-BMI-2026-08-08,,,0.0,0.0,0.0,0.0,False,,,,Latest structured BMI 26.6 (2026-08-08).,
main_hybrid_t0.90,GLP1-012__BCBS_FEP_WEGOVY_2026_07_01,GLP1-012,BCBS_FEP_WEGOVY_2026_07_01,hybrid,age,deterministic,easy_negative,below_bmi_threshold,PASS,PASS,True,code,1.0,,,,Patient/GLP1-012,,,0.0,0.0,0.0,0.0,False,,,,Age 42 on 2026-09-01 (min 18).,
main_hybrid_t0.90,GLP1-012__BCBS_FEP_WEGOVY_2026_07_01,GLP1-012,BCBS_FEP_WEGOVY_2026_07_01,hybrid,indication,deterministic,easy_negative,below_bmi_threshold,PASS,PASS,True,code,1.0,,,,,,,0.0,0.0,0.0,0.0,False,,,,Initial Wegovy request for chronic weight management.,
main_hybrid_t0.90,GLP1-012__BCBS_FEP_WEGOVY_2026_07_01,GLP1-012,BCBS_FEP_WEGOVY_2026_07_01,hybrid,bmi_threshold,deterministic,easy_negative,below_bmi_threshold,FAIL,FAIL,True,code,1.0,,,,Condition/GLP1-012-HTN;Observation/GLP1-012-BMI-2026-08-08,,,0.0,0.0,0.0,0.0,False,,,,Latest structured BMI 26.6 (2026-08-08).,
main_hybrid_t0.90,GLP1-012__BCBS_FEP_WEGOVY_2026_07_01,GLP1-012,BCBS_FEP_WEGOVY_2026_07_01,hybrid,weight_management_program,semantic,easy_negative,below_bmi_threshold,PASS,PASS,True,jev,0.96,PASS,0.96,DocumentReference/GLP1-012-NUTR-001;DocumentReference/GLP1-012-NUTR-002;DocumentReference/GLP1-012-PCP-001;DocumentReference/GLP1-012-PCP-002;DocumentReference/GLP1-012-PCP-003,DocumentReference/GLP1-012-NUTR-001;DocumentReference/GLP1-012-NUTR-002;DocumentReference/GLP1-012-PCP-001;DocumentReference/GLP1-012-PCP-002;DocumentReference/GLP1-012-PCP-003,True,,156.1,1944.333333,0.0,8.2e-05,False,,,,Enrolled in a comprehensive program with dietitian visits and follow-ups.,
main_hybrid_t0.90,GLP1-012__BCBS_FEP_WEGOVY_2026_07_01,GLP1-012,BCBS_FEP_WEGOVY_2026_07_01,hybrid,no_concurrent_glp1,medication_reconciliation,easy_negative,below_bmi_threshold,PASS,PASS,True,jev,0.91,PASS,0.91,DocumentReference/GLP1-012-NUTR-002;DocumentReference/GLP1-012-OSR-001;DocumentReference/GLP1-012-PCP-003,DocumentReference/GLP1-012-NUTR-002;DocumentReference/GLP1-012-OSR-001;DocumentReference/GLP1-012-PCP-003,,,156.1,1944.333333,0.0,8.2e-05,False,,,,No GLP-1 or anti-obesity medication in structured data or notes.,
main_hybrid_t0.90,GLP1-012__BCBS_FEP_WEGOVY_2026_07_01,GLP1-012,BCBS_FEP_WEGOVY_2026_07_01,hybrid,no_concurrent_pa_weight_loss_med,medication_reconciliation,easy_negative,below_bmi_threshold,PASS,PASS,True,jev,0.91,PASS,0.91,DocumentReference/GLP1-012-NUTR-002;DocumentReference/GLP1-012-OSR-001;DocumentReference/GLP1-012-PCP-003,DocumentReference/GLP1-012-NUTR-002;DocumentReference/GLP1-012-OSR-001;DocumentReference/GLP1-012-PCP-003,,,156.1,1944.333333,0.0,8.2e-05,False,,,,No PA weight-loss medication in structured data or notes.,
main_hybrid_t0.90,GLP1-012__UHC_WEGOVY_P1114_22_2026_09_01,GLP1-012,UHC_WEGOVY_P1114_22_2026_09_01,hybrid,age,deterministic,easy_negative,below_bmi_threshold,PASS,PASS,True,code,1.0,,,,Patient/GLP1-012,,,0.0,0.0,0.0,0.0,False,,,,Age 42 on 2026-09-01 (min 12).,
main_hybrid_t0.90,GLP1-012__UHC_WEGOVY_P1114_22_2026_09_01,GLP1-012,UHC_WEGOVY_P1114_22_2026_09_01,hybrid,indication,deterministic,easy_negative,below_bmi_threshold,PASS,PASS,True,code,1.0,,,,,,,0.0,0.0,0.0,0.0,False,,,,Initial Wegovy request for chronic weight management.,
main_hybrid_t0.90,GLP1-012__UHC_WEGOVY_P1114_22_2026_09_01,GLP1-012,UHC_WEGOVY_P1114_22_2026_09_01,hybrid,lifestyle_adjunct,semantic,easy_negative,below_bmi_threshold,PASS,PASS,True,jev,0.94,PASS,0.94,DocumentReference/GLP1-012-NUTR-001;DocumentReference/GLP1-012-NUTR-002;DocumentReference/GLP1-012-OSR-001;DocumentReference/GLP1-012-PCP-001;DocumentReference/GLP1-012-PCP-003,DocumentReference/GLP1-012-NUTR-001;DocumentReference/GLP1-012-NUTR-002;DocumentReference/GLP1-012-OSR-001;DocumentReference/GLP1-012-PCP-001;DocumentReference/GLP1-012-PCP-003,True,,114.0,5357.0,0.0,0.000225,False,,,,Final note documents continued diet and exercise.,
main_hybrid_t0.90,GLP1-012__UHC_WEGOVY_P1114_22_2026_09_01,GLP1-012,UHC_WEGOVY_P1114_22_2026_09_01,hybrid,bmi_threshold,deterministic,easy_negative,below_bmi_threshold,FAIL,FAIL,True,code,1.0,,,,Condition/GLP1-012-HTN;Observation/GLP1-012-BMI-2026-08-08,,,0.0,0.0,0.0,0.0,False,,,,Latest structured BMI 26.6 (2026-08-08).,
main_hybrid_t0.90,GLP1-013__AETNA_WEGOVY_4774C_2026_08_20,GLP1-013,AETNA_WEGOVY_4774C_2026_08_20,hybrid,age,deterministic,easy_negative,no_qualifying_comorbidity,PASS,PASS,True,code,1.0,,,,Patient/GLP1-013,,,0.0,0.0,0.0,0.0,False,,,,Age 49 on 2026-09-01 (min 18).,
main_hybrid_t0.90,GLP1-013__AETNA_WEGOVY_4774C_2026_08_20,GLP1-013,AETNA_WEGOVY_4774C_2026_08_20,hybrid,indication,deterministic,easy_negative,no_qualifying_comorbidity,PASS,PASS,True,code,1.0,,,,,,,0.0,0.0,0.0,0.0,False,,,,Initial Wegovy request for chronic weight management.,
main_hybrid_t0.90,GLP1-013__AETNA_WEGOVY_4774C_2026_08_20,GLP1-013,AETNA_WEGOVY_4774C_2026_08_20,hybrid,adjunct_diet_and_activity,semantic,easy_negative,no_qualifying_comorbidity,PASS,PASS,True,jev,0.94,PASS,0.94,DocumentReference/GLP1-013-LAB-001;DocumentReference/GLP1-013-NUTR-001;DocumentReference/GLP1-013-NUTR-002;DocumentReference/GLP1-013-PCP-001;DocumentReference/GLP1-013-PCP-002;DocumentReference/GLP1-013-PCP-003,DocumentReference/GLP1-013-LAB-001;DocumentReference/GLP1-013-NUTR-001;DocumentReference/GLP1-013-NUTR-002;DocumentReference/GLP1-013-PCP-001;DocumentReference/GLP1-013-PCP-002;DocumentReference/GLP1-013-PCP-003,True,,159.5,2755.666667,0.0,0.000116,False,,,,Final note documents continued diet AND exercise.,
main_hybrid_t0.90,GLP1-013__AETNA_WEGOVY_4774C_2026_08_20,GLP1-013,AETNA_WEGOVY_4774C_2026_08_20,hybrid,program_6_months,semantic_temporal,easy_negative,no_qualifying_comorbidity,PASS,PASS,True,jev,0.96,PASS,0.96,DocumentReference/GLP1-013-NUTR-001;DocumentReference/GLP1-013-NUTR-002;DocumentReference/GLP1-013-PCP-001;DocumentReference/GLP1-013-PCP-002;DocumentReference/GLP1-013-PCP-003,DocumentReference/GLP1-013-NUTR-001;DocumentReference/GLP1-013-NUTR-002;DocumentReference/GLP1-013-PCP-001;DocumentReference/GLP1-013-PCP-002;DocumentReference/GLP1-013-PCP-003,True,,159.5,2755.666667,0.0,0.000116,False,,,,"Continuous program with diet, activity and follow-up; duration computed from dated events. 2025-10-13 -> 2026-08-13 = 10 whole months (min 6).",
main_hybrid_t0.90,GLP1-013__AETNA_WEGOVY_4774C_2026_08_20,GLP1-013,AETNA_WEGOVY_4774C_2026_08_20,hybrid,bmi_threshold,deterministic,easy_negative,no_qualifying_comorbidity,FAIL,FAIL,True,jev,0.92,FAIL,0.92,,DocumentReference/GLP1-013-PCP-001;DocumentReference/GLP1-013-PCP-002;DocumentReference/GLP1-013-PCP-003;Observation/GLP1-013-BMI-2026-08-13,,,159.5,2755.666667,0.0,0.000116,False,,,,Latest structured BMI 28.4 (2026-08-13). In 27–30 band; comorbidity: FAIL — No weight-related comorbidity.,
main_hybrid_t0.90,GLP1-013__BCBS_FEP_WEGOVY_2026_07_01,GLP1-013,BCBS_FEP_WEGOVY_2026_07_01,hybrid,age,deterministic,easy_negative,no_qualifying_comorbidity,PASS,PASS,True,code,1.0,,,,Patient/GLP1-013,,,0.0,0.0,0.0,0.0,False,,,,Age 49 on 2026-09-01 (min 18).,
main_hybrid_t0.90,GLP1-013__BCBS_FEP_WEGOVY_2026_07_01,GLP1-013,BCBS_FEP_WEGOVY_2026_07_01,hybrid,indication,deterministic,easy_negative,no_qualifying_comorbidity,PASS,PASS,True,code,1.0,,,,,,,0.0,0.0,0.0,0.0,False,,,,Initial Wegovy request for chronic weight management.,
main_hybrid_t0.90,GLP1-013__BCBS_FEP_WEGOVY_2026_07_01,GLP1-013,BCBS_FEP_WEGOVY_2026_07_01,hybrid,bmi_threshold,deterministic,easy_negative,no_qualifying_comorbidity,FAIL,FAIL,True,jev,0.93,FAIL,0.93,,DocumentReference/GLP1-013-PCP-001;DocumentReference/GLP1-013-PCP-002;DocumentReference/GLP1-013-PCP-003;Observation/GLP1-013-BMI-2026-08-13,,,115.8,1513.5,0.0,6.4e-05,False,,,,Latest structured BMI 28.4 (2026-08-13). In 27–30 band; comorbidity: FAIL — No weight-related comorbidity.,
main_hybrid_t0.90,GLP1-013__BCBS_FEP_WEGOVY_2026_07_01,GLP1-013,BCBS_FEP_WEGOVY_2026_07_01,hybrid,weight_management_program,semantic,easy_negative,no_qualifying_comorbidity,PASS,PASS,True,jev,0.96,PASS,0.96,DocumentReference/GLP1-013-NUTR-001;DocumentReference/GLP1-013-NUTR-002;DocumentReference/GLP1-013-PCP-001;DocumentReference/GLP1-013-PCP-002;DocumentReference/GLP1-013-PCP-003,DocumentReference/GLP1-013-NUTR-001;DocumentReference/GLP1-013-NUTR-002;DocumentReference/GLP1-013-PCP-001;DocumentReference/GLP1-013-PCP-002;DocumentReference/GLP1-013-PCP-003,True,,115.8,1513.5,0.0,6.4e-05,False,,,,Enrolled in a comprehensive program with dietitian visits and follow-ups.,
main_hybrid_t0.90,GLP1-013__BCBS_FEP_WEGOVY_2026_07_01,GLP1-013,BCBS_FEP_WEGOVY_2026_07_01,hybrid,no_concurrent_glp1,medication_reconciliation,easy_negative,no_qualifying_comorbidity,PASS,PASS,True,jev,1.0,PASS,1.0,DocumentReference/GLP1-013-MSG-002;DocumentReference/GLP1-013-NUTR-002;DocumentReference/GLP1-013-PCP-003,DocumentReference/GLP1-013-MSG-002;DocumentReference/GLP1-013-NUTR-002;DocumentReference/GLP1-013-PCP-003,,,115.8,1513.5,0.0,6.4e-05,False,,,,No GLP-1 or anti-obesity medication in structured data or notes.,
main_hybrid_t0.90,GLP1-013__BCBS_FEP_WEGOVY_2026_07_01,GLP1-013,BCBS_FEP_WEGOVY_2026_07_01,hybrid,no_concurrent_pa_weight_loss_med,medication_reconciliation,easy_negative,no_qualifying_comorbidity,PASS,PASS,True,jev,1.0,PASS,1.0,DocumentReference/GLP1-013-MSG-002;DocumentReference/GLP1-013-NUTR-002;DocumentReference/GLP1-013-PCP-003,DocumentReference/GLP1-013-MSG-002;DocumentReference/GLP1-013-NUTR-002;DocumentReference/GLP1-013-PCP-003,,,115.8,1513.5,0.0,6.4e-05,False,,,,No PA weight-loss medication in structured data or notes.,
main_hybrid_t0.90,GLP1-013__UHC_WEGOVY_P1114_22_2026_09_01,GLP1-013,UHC_WEGOVY_P1114_22_2026_09_01,hybrid,age,deterministic,easy_negative,no_qualifying_comorbidity,PASS,PASS,True,code,1.0,,,,Patient/GLP1-013,,,0.0,0.0,0.0,0.0,False,,,,Age 49 on 2026-09-01 (min 12).,
main_hybrid_t0.90,GLP1-013__UHC_WEGOVY_P1114_22_2026_09_01,GLP1-013,UHC_WEGOVY_P1114_22_2026_09_01,hybrid,indication,deterministic,easy_negative,no_qualifying_comorbidity,PASS,PASS,True,code,1.0,,,,,,,0.0,0.0,0.0,0.0,False,,,,Initial Wegovy request for chronic weight management.,
main_hybrid_t0.90,GLP1-013__UHC_WEGOVY_P1114_22_2026_09_01,GLP1-013,UHC_WEGOVY_P1114_22_2026_09_01,hybrid,lifestyle_adjunct,semantic,easy_negative,no_qualifying_comorbidity,PASS,PASS,True,jev,0.96,PASS,0.96,DocumentReference/GLP1-013-NUTR-001;DocumentReference/GLP1-013-NUTR-002;DocumentReference/GLP1-013-PCP-001;DocumentReference/GLP1-013-PCP-002;DocumentReference/GLP1-013-PCP-003,DocumentReference/GLP1-013-NUTR-001;DocumentReference/GLP1-013-NUTR-002;DocumentReference/GLP1-013-PCP-001;DocumentReference/GLP1-013-PCP-002;DocumentReference/GLP1-013-PCP-003,True,,189.1,2411.5,0.0,0.000101,False,,,,Final note documents continued diet and exercise.,
main_hybrid_t0.90,GLP1-013__UHC_WEGOVY_P1114_22_2026_09_01,GLP1-013,UHC_WEGOVY_P1114_22_2026_09_01,hybrid,bmi_threshold,deterministic,easy_negative,no_qualifying_comorbidity,FAIL,FAIL,True,jev,0.93,FAIL,0.93,,DocumentReference/GLP1-013-PCP-001;DocumentReference/GLP1-013-PCP-002;DocumentReference/GLP1-013-PCP-003;Observation/GLP1-013-BMI-2026-08-13,,,189.1,2411.5,0.0,0.000101,False,,,,Latest structured BMI 28.4 (2026-08-13). In 27–30 band; comorbidity: FAIL — No weight-related comorbidity.,
main_hybrid_t0.90,GLP1-014__AETNA_WEGOVY_4774C_2026_08_20,GLP1-014,AETNA_WEGOVY_4774C_2026_08_20,hybrid,age,deterministic,easy_negative,near_bmi_30,PASS,PASS,True,code,1.0,,,,Patient/GLP1-014,,,0.0,0.0,0.0,0.0,False,,,,Age 56 on 2026-09-01 (min 18).,
main_hybrid_t0.90,GLP1-014__AETNA_WEGOVY_4774C_2026_08_20,GLP1-014,AETNA_WEGOVY_4774C_2026_08_20,hybrid,indication,deterministic,easy_negative,near_bmi_30,PASS,PASS,True,code,1.0,,,,,,,0.0,0.0,0.0,0.0,False,,,,Initial Wegovy request for chronic weight management.,
main_hybrid_t0.90,GLP1-014__AETNA_WEGOVY_4774C_2026_08_20,GLP1-014,AETNA_WEGOVY_4774C_2026_08_20,hybrid,adjunct_diet_and_activity,semantic,easy_negative,near_bmi_30,PASS,PASS,True,jev,0.94,PASS,0.94,DocumentReference/GLP1-014-NUTR-001;DocumentReference/GLP1-014-NUTR-002;DocumentReference/GLP1-014-PCP-001;DocumentReference/GLP1-014-PCP-003,DocumentReference/GLP1-014-NUTR-001;DocumentReference/GLP1-014-NUTR-002;DocumentReference/GLP1-014-PCP-001;DocumentReference/GLP1-014-PCP-003,True,,327.4,2891.0,0.0,0.000121,False,,,,Final note documents continued diet AND exercise.,
main_hybrid_t0.90,GLP1-014__AETNA_WEGOVY_4774C_2026_08_20,GLP1-014,AETNA_WEGOVY_4774C_2026_08_20,hybrid,program_6_months,semantic_temporal,easy_negative,near_bmi_30,PASS,PASS,True,jev,0.96,PASS,0.96,DocumentReference/GLP1-014-NUTR-001;DocumentReference/GLP1-014-NUTR-002;DocumentReference/GLP1-014-PCP-001;DocumentReference/GLP1-014-PCP-003;DocumentReference/GLP1-014-TEL-001,DocumentReference/GLP1-014-NUTR-001;DocumentReference/GLP1-014-NUTR-002;DocumentReference/GLP1-014-PCP-001;DocumentReference/GLP1-014-PCP-003;DocumentReference/GLP1-014-TEL-001,True,,327.4,2891.0,0.0,0.000121,False,,,,"Continuous program with diet, activity and follow-up; duration computed from dated events. 2025-08-13 -> 2026-08-13 = 12 whole months (min 6).",
main_hybrid_t0.90,GLP1-014__AETNA_WEGOVY_4774C_2026_08_20,GLP1-014,AETNA_WEGOVY_4774C_2026_08_20,hybrid,bmi_threshold,deterministic,easy_negative,near_bmi_30,FAIL,FAIL,True,jev,0.93,FAIL,0.93,,DocumentReference/GLP1-014-PCP-001;DocumentReference/GLP1-014-PCP-002;DocumentReference/GLP1-014-PCP-003;DocumentReference/GLP1-014-UC-001;DocumentReference/GLP1-014-UC-002;Observation/GLP1-014-BMI-2026-08-13,,,327.4,2891.0,0.0,0.000121,False,,,,Latest structured BMI 29.8 (2026-08-13). In 27–30 band; comorbidity: FAIL — No weight-related comorbidity.,
main_hybrid_t0.90,GLP1-014__BCBS_FEP_WEGOVY_2026_07_01,GLP1-014,BCBS_FEP_WEGOVY_2026_07_01,hybrid,age,deterministic,easy_negative,near_bmi_30,PASS,PASS,True,code,1.0,,,,Patient/GLP1-014,,,0.0,0.0,0.0,0.0,False,,,,Age 56 on 2026-09-01 (min 18).,
main_hybrid_t0.90,GLP1-014__BCBS_FEP_WEGOVY_2026_07_01,GLP1-014,BCBS_FEP_WEGOVY_2026_07_01,hybrid,indication,deterministic,easy_negative,near_bmi_30,PASS,PASS,True,code,1.0,,,,,,,0.0,0.0,0.0,0.0,False,,,,Initial Wegovy request for chronic weight management.,
main_hybrid_t0.90,GLP1-014__BCBS_FEP_WEGOVY_2026_07_01,GLP1-014,BCBS_FEP_WEGOVY_2026_07_01,hybrid,bmi_threshold,deterministic,easy_negative,near_bmi_30,FAIL,FAIL,True,jev,0.92,FAIL,0.92,,DocumentReference/GLP1-014-PCP-001;DocumentReference/GLP1-014-PCP-002;DocumentReference/GLP1-014-PCP-003;DocumentReference/GLP1-014-UC-001;DocumentReference/GLP1-014-UC-002;Observation/GLP1-014-BMI-2026-08-13,,,127.9,1583.25,0.0,6.6e-05,False,,,,Latest structured BMI 29.8 (2026-08-13). In 27–30 band; comorbidity: FAIL — No weight-related comorbidity.,
main_hybrid_t0.90,GLP1-014__BCBS_FEP_WEGOVY_2026_07_01,GLP1-014,BCBS_FEP_WEGOVY_2026_07_01,hybrid,weight_management_program,semantic,easy_negative,near_bmi_30,PASS,PASS,True,jev,0.96,PASS,0.96,DocumentReference/GLP1-014-NUTR-001;DocumentReference/GLP1-014-NUTR-002;DocumentReference/GLP1-014-PCP-001;DocumentReference/GLP1-014-PCP-003;DocumentReference/GLP1-014-TEL-001,DocumentReference/GLP1-014-NUTR-001;DocumentReference/GLP1-014-NUTR-002;DocumentReference/GLP1-014-PCP-001;DocumentReference/GLP1-014-PCP-003;DocumentReference/GLP1-014-TEL-001,True,,127.9,1583.25,0.0,6.6e-05,False,,,,Enrolled in a comprehensive program with dietitian visits and follow-ups.,
main_hybrid_t0.90,GLP1-014__BCBS_FEP_WEGOVY_2026_07_01,GLP1-014,BCBS_FEP_WEGOVY_2026_07_01,hybrid,no_concurrent_glp1,medication_reconciliation,easy_negative,near_bmi_30,PASS,PASS,True,jev,1.0,PASS,1.0,DocumentReference/GLP1-014-NUTR-002;DocumentReference/GLP1-014-PCP-001;DocumentReference/GLP1-014-PCP-003,DocumentReference/GLP1-014-NUTR-002;DocumentReference/GLP1-014-PCP-001;DocumentReference/GLP1-014-PCP-003,,,127.9,1583.25,0.0,6.6e-05,False,,,,No GLP-1 or anti-obesity medication in structured data or notes.,
main_hybrid_t0.90,GLP1-014__BCBS_FEP_WEGOVY_2026_07_01,GLP1-014,BCBS_FEP_WEGOVY_2026_07_01,hybrid,no_concurrent_pa_weight_loss_med,medication_reconciliation,easy_negative,near_bmi_30,PASS,PASS,True,jev,1.0,PASS,1.0,DocumentReference/GLP1-014-NUTR-002;DocumentReference/GLP1-014-PCP-001;DocumentReference/GLP1-014-PCP-003,DocumentReference/GLP1-014-NUTR-002;DocumentReference/GLP1-014-PCP-001;DocumentReference/GLP1-014-PCP-003,,,127.9,1583.25,0.0,6.6e-05,False,,,,No PA weight-loss medication in structured data or notes.,
main_hybrid_t0.90,GLP1-014__UHC_WEGOVY_P1114_22_2026_09_01,GLP1-014,UHC_WEGOVY_P1114_22_2026_09_01,hybrid,age,deterministic,easy_negative,near_bmi_30,PASS,PASS,True,code,1.0,,,,Patient/GLP1-014,,,0.0,0.0,0.0,0.0,False,,,,Age 56 on 2026-09-01 (min 12).,
main_hybrid_t0.90,GLP1-014__UHC_WEGOVY_P1114_22_2026_09_01,GLP1-014,UHC_WEGOVY_P1114_22_2026_09_01,hybrid,indication,deterministic,easy_negative,near_bmi_30,PASS,PASS,True,code,1.0,,,,,,,0.0,0.0,0.0,0.0,False,,,,Initial Wegovy request for chronic weight management.,
main_hybrid_t0.90,GLP1-014__UHC_WEGOVY_P1114_22_2026_09_01,GLP1-014,UHC_WEGOVY_P1114_22_2026_09_01,hybrid,lifestyle_adjunct,semantic,easy_negative,near_bmi_30,PASS,PASS,True,jev,0.94,PASS,0.94,DocumentReference/GLP1-014-NUTR-001;DocumentReference/GLP1-014-NUTR-002;DocumentReference/GLP1-014-PCP-001;DocumentReference/GLP1-014-PCP-003;DocumentReference/GLP1-014-TEL-001,DocumentReference/GLP1-014-NUTR-001;DocumentReference/GLP1-014-NUTR-002;DocumentReference/GLP1-014-PCP-001;DocumentReference/GLP1-014-PCP-003;DocumentReference/GLP1-014-TEL-001,True,,196.7,2607.0,0.0,0.000109,False,,,,Final note documents continued diet and exercise.,
main_hybrid_t0.90,GLP1-014__UHC_WEGOVY_P1114_22_2026_09_01,GLP1-014,UHC_WEGOVY_P1114_22_2026_09_01,hybrid,bmi_threshold,deterministic,easy_negative,near_bmi_30,FAIL,FAIL,True,jev,0.95,FAIL,0.95,,DocumentReference/GLP1-014-PCP-001;DocumentReference/GLP1-014-PCP-002;DocumentReference/GLP1-014-PCP-003;DocumentReference/GLP1-014-UC-001;DocumentReference/GLP1-014-UC-002;Observation/GLP1-014-BMI-2026-08-13,,,196.7,2607.0,0.0,0.000109,False,,,,Latest structured BMI 29.8 (2026-08-13). In 27–30 band; comorbidity: FAIL — No weight-related comorbidity.,
main_hybrid_t0.90,GLP1-015__AETNA_WEGOVY_4774C_2026_08_20,GLP1-015,AETNA_WEGOVY_4774C_2026_08_20,hybrid,age,deterministic,easy_negative,just_below_bmi_27,PASS,PASS,True,code,1.0,,,,Patient/GLP1-015,,,0.0,0.0,0.0,0.0,False,,,,Age 28 on 2026-09-01 (min 18).,
main_hybrid_t0.90,GLP1-015__AETNA_WEGOVY_4774C_2026_08_20,GLP1-015,AETNA_WEGOVY_4774C_2026_08_20,hybrid,indication,deterministic,easy_negative,just_below_bmi_27,PASS,PASS,True,code,1.0,,,,,,,0.0,0.0,0.0,0.0,False,,,,Initial Wegovy request for chronic weight management.,
main_hybrid_t0.90,GLP1-015__AETNA_WEGOVY_4774C_2026_08_20,GLP1-015,AETNA_WEGOVY_4774C_2026_08_20,hybrid,adjunct_diet_and_activity,semantic,easy_negative,just_below_bmi_27,PASS,PASS,True,jev,0.94,PASS,0.94,DocumentReference/GLP1-015-NUTR-001;DocumentReference/GLP1-015-NUTR-002;DocumentReference/GLP1-015-PCP-001;DocumentReference/GLP1-015-PCP-002;DocumentReference/GLP1-015-PCP-003;DocumentReference/GLP1-015-PT-001,DocumentReference/GLP1-015-NUTR-001;DocumentReference/GLP1-015-NUTR-002;DocumentReference/GLP1-015-PCP-001;DocumentReference/GLP1-015-PCP-002;DocumentReference/GLP1-015-PCP-003;DocumentReference/GLP1-015-PT-001,True,,156.6,4039.5,0.0,0.00017,False,,,,Final note documents continued diet AND exercise.,
main_hybrid_t0.90,GLP1-015__AETNA_WEGOVY_4774C_2026_08_20,GLP1-015,AETNA_WEGOVY_4774C_2026_08_20,hybrid,program_6_months,semantic_temporal,easy_negative,just_below_bmi_27,PASS,PASS,True,jev,0.96,PASS,0.96,DocumentReference/GLP1-015-NUTR-001;DocumentReference/GLP1-015-NUTR-002;DocumentReference/GLP1-015-PCP-001;DocumentReference/GLP1-015-PCP-002;DocumentReference/GLP1-015-PCP-003;DocumentReference/GLP1-015-PT-001,DocumentReference/GLP1-015-NUTR-001;DocumentReference/GLP1-015-NUTR-002;DocumentReference/GLP1-015-PCP-001;DocumentReference/GLP1-015-PCP-002;DocumentReference/GLP1-015-PCP-003;DocumentReference/GLP1-015-PT-001,True,,156.6,4039.5,0.0,0.00017,False,,,,"Continuous program with diet, activity and follow-up; duration computed from dated events. 2025-12-20 -> 2026-08-20 = 8 whole months (min 6).",
main_hybrid_t0.90,GLP1-015__AETNA_WEGOVY_4774C_2026_08_20,GLP1-015,AETNA_WEGOVY_4774C_2026_08_20,hybrid,bmi_threshold,deterministic,easy_negative,just_below_bmi_27,FAIL,FAIL,True,code,1.0,,,,Condition/GLP1-015-DYSLIP;Observation/GLP1-015-BMI-2026-08-20,,,0.0,0.0,0.0,0.0,False,,,,Latest structured BMI 26.9 (2026-08-20).,
main_hybrid_t0.90,GLP1-015__BCBS_FEP_WEGOVY_2026_07_01,GLP1-015,BCBS_FEP_WEGOVY_2026_07_01,hybrid,age,deterministic,easy_negative,just_below_bmi_27,PASS,PASS,True,code,1.0,,,,Patient/GLP1-015,,,0.0,0.0,0.0,0.0,False,,,,Age 28 on 2026-09-01 (min 18).,
main_hybrid_t0.90,GLP1-015__BCBS_FEP_WEGOVY_2026_07_01,GLP1-015,BCBS_FEP_WEGOVY_2026_07_01,hybrid,indication,deterministic,easy_negative,just_below_bmi_27,PASS,PASS,True,code,1.0,,,,,,,0.0,0.0,0.0,0.0,False,,,,Initial Wegovy request for chronic weight management.,
main_hybrid_t0.90,GLP1-015__BCBS_FEP_WEGOVY_2026_07_01,GLP1-015,BCBS_FEP_WEGOVY_2026_07_01,hybrid,bmi_threshold,deterministic,easy_negative,just_below_bmi_27,FAIL,FAIL,True,code,1.0,,,,Condition/GLP1-015-DYSLIP;Observation/GLP1-015-BMI-2026-08-20,,,0.0,0.0,0.0,0.0,False,,,,Latest structured BMI 26.9 (2026-08-20).,
main_hybrid_t0.90,GLP1-015__BCBS_FEP_WEGOVY_2026_07_01,GLP1-015,BCBS_FEP_WEGOVY_2026_07_01,hybrid,weight_management_program,semantic,easy_negative,just_below_bmi_27,PASS,PASS,True,jev,0.94,PASS,0.94,DocumentReference/GLP1-015-NUTR-001;DocumentReference/GLP1-015-NUTR-002;DocumentReference/GLP1-015-PCP-001;DocumentReference/GLP1-015-PCP-003;DocumentReference/GLP1-015-PT-001,DocumentReference/GLP1-015-NUTR-001;DocumentReference/GLP1-015-NUTR-002;DocumentReference/GLP1-015-PCP-001;DocumentReference/GLP1-015-PCP-003;DocumentReference/GLP1-015-PT-001,True,,142.8,1821.333333,0.0,7.6e-05,False,,,,Enrolled in a comprehensive program with dietitian visits and follow-ups.,
main_hybrid_t0.90,GLP1-015__BCBS_FEP_WEGOVY_2026_07_01,GLP1-015,BCBS_FEP_WEGOVY_2026_07_01,hybrid,no_concurrent_glp1,medication_reconciliation,easy_negative,just_below_bmi_27,PASS,PASS,True,jev,1.0,PASS,1.0,DocumentReference/GLP1-015-NUTR-002;DocumentReference/GLP1-015-PCP-003,DocumentReference/GLP1-015-NUTR-002;DocumentReference/GLP1-015-PCP-003,,,142.8,1821.333333,0.0,7.6e-05,False,,,,No GLP-1 or anti-obesity medication in structured data or notes.,
main_hybrid_t0.90,GLP1-015__BCBS_FEP_WEGOVY_2026_07_01,GLP1-015,BCBS_FEP_WEGOVY_2026_07_01,hybrid,no_concurrent_pa_weight_loss_med,medication_reconciliation,easy_negative,just_below_bmi_27,PASS,PASS,True,jev,1.0,PASS,1.0,DocumentReference/GLP1-015-NUTR-002;DocumentReference/GLP1-015-PCP-003,DocumentReference/GLP1-015-NUTR-002;DocumentReference/GLP1-015-PCP-003,,,142.8,1821.333333,0.0,7.6e-05,False,,,,No PA weight-loss medication in structured data or notes.,
main_hybrid_t0.90,GLP1-015__UHC_WEGOVY_P1114_22_2026_09_01,GLP1-015,UHC_WEGOVY_P1114_22_2026_09_01,hybrid,age,deterministic,easy_negative,just_below_bmi_27,PASS,PASS,True,code,1.0,,,,Patient/GLP1-015,,,0.0,0.0,0.0,0.0,False,,,,Age 28 on 2026-09-01 (min 12).,
main_hybrid_t0.90,GLP1-015__UHC_WEGOVY_P1114_22_2026_09_01,GLP1-015,UHC_WEGOVY_P1114_22_2026_09_01,hybrid,indication,deterministic,easy_negative,just_below_bmi_27,PASS,PASS,True,code,1.0,,,,,,,0.0,0.0,0.0,0.0,False,,,,Initial Wegovy request for chronic weight management.,
main_hybrid_t0.90,GLP1-015__UHC_WEGOVY_P1114_22_2026_09_01,GLP1-015,UHC_WEGOVY_P1114_22_2026_09_01,hybrid,lifestyle_adjunct,semantic,easy_negative,just_below_bmi_27,PASS,PASS,True,jev,0.96,PASS,0.96,DocumentReference/GLP1-015-NUTR-001;DocumentReference/GLP1-015-NUTR-002;DocumentReference/GLP1-015-PCP-001;DocumentReference/GLP1-015-PCP-002;DocumentReference/GLP1-015-PCP-003;DocumentReference/GLP1-015-PT-001,DocumentReference/GLP1-015-NUTR-001;DocumentReference/GLP1-015-NUTR-002;DocumentReference/GLP1-015-PCP-001;DocumentReference/GLP1-015-PCP-002;DocumentReference/GLP1-015-PCP-003;DocumentReference/GLP1-015-PT-001,True,,147.0,5421.0,0.0,0.000228,False,,,,Final note documents continued diet and exercise.,
main_hybrid_t0.90,GLP1-015__UHC_WEGOVY_P1114_22_2026_09_01,GLP1-015,UHC_WEGOVY_P1114_22_2026_09_01,hybrid,bmi_threshold,deterministic,easy_negative,just_below_bmi_27,FAIL,FAIL,True,code,1.0,,,,Condition/GLP1-015-DYSLIP;Observation/GLP1-015-BMI-2026-08-20,,,0.0,0.0,0.0,0.0,False,,,,Latest structured BMI 26.9 (2026-08-20).,
main_hybrid_t0.90,GLP1-016__AETNA_WEGOVY_4774C_2026_08_20,GLP1-016,AETNA_WEGOVY_4774C_2026_08_20,hybrid,age,deterministic,missing_evidence,missing_program,PASS,PASS,True,code,1.0,,,,Patient/GLP1-016,,,0.0,0.0,0.0,0.0,False,,,,Age 35 on 2026-09-01 (min 18).,
main_hybrid_t0.90,GLP1-016__AETNA_WEGOVY_4774C_2026_08_20,GLP1-016,AETNA_WEGOVY_4774C_2026_08_20,hybrid,indication,deterministic,missing_evidence,missing_program,PASS,PASS,True,code,1.0,,,,,,,0.0,0.0,0.0,0.0,False,,,,Initial Wegovy request for chronic weight management.,
main_hybrid_t0.90,GLP1-016__AETNA_WEGOVY_4774C_2026_08_20,GLP1-016,AETNA_WEGOVY_4774C_2026_08_20,hybrid,adjunct_diet_and_activity,semantic,missing_evidence,missing_program,INSUFFICIENT,INSUFFICIENT,True,jev,0.94,INSUFFICIENT,0.94,DocumentReference/GLP1-016-DERM-001;DocumentReference/GLP1-016-MSG-002;DocumentReference/GLP1-016-PCP-001;DocumentReference/GLP1-016-TEL-002;DocumentReference/GLP1-016-UC-001,DocumentReference/GLP1-016-DERM-001;DocumentReference/GLP1-016-MSG-002;DocumentReference/GLP1-016-PCP-001;DocumentReference/GLP1-016-TEL-002;DocumentReference/GLP1-016-UC-001,,,197.0,3327.0,0.0,0.00014,False,,,,No lifestyle modification documented near the request.,
main_hybrid_t0.90,GLP1-016__AETNA_WEGOVY_4774C_2026_08_20,GLP1-016,AETNA_WEGOVY_4774C_2026_08_20,hybrid,program_6_months,semantic_temporal,missing_evidence,missing_program,INSUFFICIENT,INSUFFICIENT,True,jev,0.99,INSUFFICIENT,0.99,DocumentReference/GLP1-016-DERM-001;DocumentReference/GLP1-016-MSG-002;DocumentReference/GLP1-016-PCP-001;DocumentReference/GLP1-016-TEL-002;DocumentReference/GLP1-016-UC-001,DocumentReference/GLP1-016-DERM-001;DocumentReference/GLP1-016-MSG-002;DocumentReference/GLP1-016-PCP-001;DocumentReference/GLP1-016-TEL-002;DocumentReference/GLP1-016-UC-001,,,197.0,3327.0,0.0,0.00014,False,,,,No weight-management program documented anywhere.,
main_hybrid_t0.90,GLP1-016__AETNA_WEGOVY_4774C_2026_08_20,GLP1-016,AETNA_WEGOVY_4774C_2026_08_20,hybrid,bmi_threshold,deterministic,missing_evidence,missing_program,PASS,PASS,True,code,1.0,,,,Observation/GLP1-016-BMI-2026-08-22,,,0.0,0.0,0.0,0.0,False,,,,Latest structured BMI 32.0 (2026-08-22).,
main_hybrid_t0.90,GLP1-016__BCBS_FEP_WEGOVY_2026_07_01,GLP1-016,BCBS_FEP_WEGOVY_2026_07_01,hybrid,age,deterministic,missing_evidence,missing_program,PASS,PASS,True,code,1.0,,,,Patient/GLP1-016,,,0.0,0.0,0.0,0.0,False,,,,Age 35 on 2026-09-01 (min 18).,
main_hybrid_t0.90,GLP1-016__BCBS_FEP_WEGOVY_2026_07_01,GLP1-016,BCBS_FEP_WEGOVY_2026_07_01,hybrid,indication,deterministic,missing_evidence,missing_program,PASS,PASS,True,code,1.0,,,,,,,0.0,0.0,0.0,0.0,False,,,,Initial Wegovy request for chronic weight management.,
main_hybrid_t0.90,GLP1-016__BCBS_FEP_WEGOVY_2026_07_01,GLP1-016,BCBS_FEP_WEGOVY_2026_07_01,hybrid,bmi_threshold,deterministic,missing_evidence,missing_program,PASS,PASS,True,code,1.0,,,,Observation/GLP1-016-BMI-2026-08-22,,,0.0,0.0,0.0,0.0,False,,,,Latest structured BMI 32.0 (2026-08-22).,
main_hybrid_t0.90,GLP1-016__BCBS_FEP_WEGOVY_2026_07_01,GLP1-016,BCBS_FEP_WEGOVY_2026_07_01,hybrid,weight_management_program,semantic,missing_evidence,missing_program,INSUFFICIENT,INSUFFICIENT,True,jev,0.92,INSUFFICIENT,0.92,DocumentReference/GLP1-016-LAB-001;DocumentReference/GLP1-016-PCP-001;DocumentReference/GLP1-016-TEL-002;DocumentReference/GLP1-016-UC-001,DocumentReference/GLP1-016-LAB-001;DocumentReference/GLP1-016-PCP-001;DocumentReference/GLP1-016-TEL-002;DocumentReference/GLP1-016-UC-001,,,172.0,1734.0,0.0,7.3e-05,False,,,,No weight-management program documented anywhere.,
main_hybrid_t0.90,GLP1-016__BCBS_FEP_WEGOVY_2026_07_01,GLP1-016,BCBS_FEP_WEGOVY_2026_07_01,hybrid,no_concurrent_glp1,medication_reconciliation,missing_evidence,missing_program,PASS,PASS,True,jev,1.0,PASS,1.0,DocumentReference/GLP1-016-LAB-001;DocumentReference/GLP1-016-PCP-001,DocumentReference/GLP1-016-LAB-001;DocumentReference/GLP1-016-PCP-001,,,172.0,1734.0,0.0,7.3e-05,False,,,,No GLP-1 or anti-obesity medication in structured data or notes.,
main_hybrid_t0.90,GLP1-016__BCBS_FEP_WEGOVY_2026_07_01,GLP1-016,BCBS_FEP_WEGOVY_2026_07_01,hybrid,no_concurrent_pa_weight_loss_med,medication_reconciliation,missing_evidence,missing_program,PASS,PASS,True,jev,1.0,PASS,1.0,DocumentReference/GLP1-016-LAB-001;DocumentReference/GLP1-016-PCP-001,DocumentReference/GLP1-016-LAB-001;DocumentReference/GLP1-016-PCP-001,,,172.0,1734.0,0.0,7.3e-05,False,,,,No PA weight-loss medication in structured data or notes.,
main_hybrid_t0.90,GLP1-016__UHC_WEGOVY_P1114_22_2026_09_01,GLP1-016,UHC_WEGOVY_P1114_22_2026_09_01,hybrid,age,deterministic,missing_evidence,missing_program,PASS,PASS,True,code,1.0,,,,Patient/GLP1-016,,,0.0,0.0,0.0,0.0,False,,,,Age 35 on 2026-09-01 (min 12).,
main_hybrid_t0.90,GLP1-016__UHC_WEGOVY_P1114_22_2026_09_01,GLP1-016,UHC_WEGOVY_P1114_22_2026_09_01,hybrid,indication,deterministic,missing_evidence,missing_program,PASS,PASS,True,code,1.0,,,,,,,0.0,0.0,0.0,0.0,False,,,,Initial Wegovy request for chronic weight management.,
main_hybrid_t0.90,GLP1-016__UHC_WEGOVY_P1114_22_2026_09_01,GLP1-016,UHC_WEGOVY_P1114_22_2026_09_01,hybrid,lifestyle_adjunct,semantic,missing_evidence,missing_program,INSUFFICIENT,INSUFFICIENT,True,gpt_escalation,0.99,INSUFFICIENT,0.88,DocumentReference/GLP1-016-DERM-001;DocumentReference/GLP1-016-MSG-002;DocumentReference/GLP1-016-PCP-001;DocumentReference/GLP1-016-TEL-002;DocumentReference/GLP1-016-UC-001,DocumentReference/GLP1-016-PCP-001,,,5999.8,8377.0,242.0,0.003399,True,both_correct,,,No lifestyle modification documented near the request.,"The recent weight-management plan documents starting Wegovy but does not document an ongoing or planned diet, exercise, behavioral-support, or community-program effort. No lifestyle modification is documented near the request date."
main_hybrid_t0.90,GLP1-016__UHC_WEGOVY_P1114_22_2026_09_01,GLP1-016,UHC_WEGOVY_P1114_22_2026_09_01,hybrid,bmi_threshold,deterministic,missing_evidence,missing_program,PASS,PASS,True,code,1.0,,,,Observation/GLP1-016-BMI-2026-08-22,,,0.0,0.0,0.0,0.0,False,,,,Latest structured BMI 32.0 (2026-08-22).,
main_hybrid_t0.90,GLP1-017__AETNA_WEGOVY_4774C_2026_08_20,GLP1-017,AETNA_WEGOVY_4774C_2026_08_20,hybrid,age,deterministic,missing_evidence,counseling_not_program,PASS,PASS,True,code,1.0,,,,Patient/GLP1-017,,,0.0,0.0,0.0,0.0,False,,,,Age 42 on 2026-09-01 (min 18).,
main_hybrid_t0.90,GLP1-017__AETNA_WEGOVY_4774C_2026_08_20,GLP1-017,AETNA_WEGOVY_4774C_2026_08_20,hybrid,indication,deterministic,missing_evidence,counseling_not_program,PASS,PASS,True,code,1.0,,,,,,,0.0,0.0,0.0,0.0,False,,,,Initial Wegovy request for chronic weight management.,
main_hybrid_t0.90,GLP1-017__AETNA_WEGOVY_4774C_2026_08_20,GLP1-017,AETNA_WEGOVY_4774C_2026_08_20,hybrid,adjunct_diet_and_activity,semantic,missing_evidence,counseling_not_program,INSUFFICIENT,INSUFFICIENT,True,jev,0.92,INSUFFICIENT,0.92,DocumentReference/GLP1-017-DERM-002;DocumentReference/GLP1-017-ORTH-001;DocumentReference/GLP1-017-PCP-001;DocumentReference/GLP1-017-PCP-002,DocumentReference/GLP1-017-DERM-002;DocumentReference/GLP1-017-ORTH-001;DocumentReference/GLP1-017-PCP-001;DocumentReference/GLP1-017-PCP-002,True,,138.1,3320.0,0.0,0.000139,False,,,,No interval diet/exercise efforts documented near the request.,
main_hybrid_t0.90,GLP1-017__AETNA_WEGOVY_4774C_2026_08_20,GLP1-017,AETNA_WEGOVY_4774C_2026_08_20,hybrid,program_6_months,semantic_temporal,missing_evidence,counseling_not_program,INSUFFICIENT,INSUFFICIENT,True,jev,1.0,INSUFFICIENT,1.0,DocumentReference/GLP1-017-DERM-002;DocumentReference/GLP1-017-ORTH-001;DocumentReference/GLP1-017-PCP-001;DocumentReference/GLP1-017-PCP-002,DocumentReference/GLP1-017-DERM-002;DocumentReference/GLP1-017-ORTH-001;DocumentReference/GLP1-017-PCP-001;DocumentReference/GLP1-017-PCP-002,True,,138.1,3320.0,0.0,0.000139,False,,,,"Only brief counseling; no program, no follow-up, no duration.",
main_hybrid_t0.90,GLP1-017__AETNA_WEGOVY_4774C_2026_08_20,GLP1-017,AETNA_WEGOVY_4774C_2026_08_20,hybrid,bmi_threshold,deterministic,missing_evidence,counseling_not_program,PASS,PASS,True,code,1.0,,,,Condition/GLP1-017-HTN;Observation/GLP1-017-BMI-2026-08-10,,,0.0,0.0,0.0,0.0,False,,,,Latest structured BMI 36.2 (2026-08-10).,
main_hybrid_t0.90,GLP1-017__BCBS_FEP_WEGOVY_2026_07_01,GLP1-017,BCBS_FEP_WEGOVY_2026_07_01,hybrid,age,deterministic,missing_evidence,counseling_not_program,PASS,PASS,True,code,1.0,,,,Patient/GLP1-017,,,0.0,0.0,0.0,0.0,False,,,,Age 42 on 2026-09-01 (min 18).,
main_hybrid_t0.90,GLP1-017__BCBS_FEP_WEGOVY_2026_07_01,GLP1-017,BCBS_FEP_WEGOVY_2026_07_01,hybrid,indication,deterministic,missing_evidence,counseling_not_program,PASS,PASS,True,code,1.0,,,,,,,0.0,0.0,0.0,0.0,False,,,,Initial Wegovy request for chronic weight management.,
main_hybrid_t0.90,GLP1-017__BCBS_FEP_WEGOVY_2026_07_01,GLP1-017,BCBS_FEP_WEGOVY_2026_07_01,hybrid,bmi_threshold,deterministic,missing_evidence,counseling_not_program,PASS,PASS,True,code,1.0,,,,Condition/GLP1-017-HTN;Observation/GLP1-017-BMI-2026-08-10,,,0.0,0.0,0.0,0.0,False,,,,Latest structured BMI 36.2 (2026-08-10).,
main_hybrid_t0.90,GLP1-017__BCBS_FEP_WEGOVY_2026_07_01,GLP1-017,BCBS_FEP_WEGOVY_2026_07_01,hybrid,weight_management_program,semantic,missing_evidence,counseling_not_program,INSUFFICIENT,INSUFFICIENT,True,jev,0.98,INSUFFICIENT,0.98,DocumentReference/GLP1-017-DERM-002;DocumentReference/GLP1-017-DERM-003;DocumentReference/GLP1-017-ORTH-001;DocumentReference/GLP1-017-PCP-001,DocumentReference/GLP1-017-DERM-002;DocumentReference/GLP1-017-DERM-003;DocumentReference/GLP1-017-ORTH-001;DocumentReference/GLP1-017-PCP-001,True,,197.0,1866.666667,0.0,7.8e-05,False,,,,Only brief counseling with a handout; counseling is not a program.,
main_hybrid_t0.90,GLP1-017__BCBS_FEP_WEGOVY_2026_07_01,GLP1-017,BCBS_FEP_WEGOVY_2026_07_01,hybrid,no_concurrent_glp1,medication_reconciliation,missing_evidence,counseling_not_program,PASS,PASS,True,jev,1.0,PASS,1.0,DocumentReference/GLP1-017-PCP-002;DocumentReference/GLP1-017-PHARM-001,DocumentReference/GLP1-017-PCP-002;DocumentReference/GLP1-017-PHARM-001,,,197.0,1866.666667,0.0,7.8e-05,False,,,,No GLP-1 or anti-obesity medication in structured data or notes.,
main_hybrid_t0.90,GLP1-017__BCBS_FEP_WEGOVY_2026_07_01,GLP1-017,BCBS_FEP_WEGOVY_2026_07_01,hybrid,no_concurrent_pa_weight_loss_med,medication_reconciliation,missing_evidence,counseling_not_program,PASS,PASS,True,jev,1.0,PASS,1.0,DocumentReference/GLP1-017-PCP-002;DocumentReference/GLP1-017-PHARM-001,DocumentReference/GLP1-017-PCP-002;DocumentReference/GLP1-017-PHARM-001,,,197.0,1866.666667,0.0,7.8e-05,False,,,,No PA weight-loss medication in structured data or notes.,
main_hybrid_t0.90,GLP1-017__UHC_WEGOVY_P1114_22_2026_09_01,GLP1-017,UHC_WEGOVY_P1114_22_2026_09_01,hybrid,age,deterministic,missing_evidence,counseling_not_program,PASS,PASS,True,code,1.0,,,,Patient/GLP1-017,,,0.0,0.0,0.0,0.0,False,,,,Age 42 on 2026-09-01 (min 12).,
main_hybrid_t0.90,GLP1-017__UHC_WEGOVY_P1114_22_2026_09_01,GLP1-017,UHC_WEGOVY_P1114_22_2026_09_01,hybrid,indication,deterministic,missing_evidence,counseling_not_program,PASS,PASS,True,code,1.0,,,,,,,0.0,0.0,0.0,0.0,False,,,,Initial Wegovy request for chronic weight management.,
main_hybrid_t0.90,GLP1-017__UHC_WEGOVY_P1114_22_2026_09_01,GLP1-017,UHC_WEGOVY_P1114_22_2026_09_01,hybrid,lifestyle_adjunct,semantic,missing_evidence,counseling_not_program,INSUFFICIENT,INSUFFICIENT,True,gpt_escalation,0.99,INSUFFICIENT,0.82,DocumentReference/GLP1-017-DERM-002;DocumentReference/GLP1-017-ORTH-001;DocumentReference/GLP1-017-PCP-001;DocumentReference/GLP1-017-PCP-002,DocumentReference/GLP1-017-PCP-001;DocumentReference/GLP1-017-PCP-002,True,,6821.8,8287.0,270.0,0.01061,True,both_correct,,,No interval diet/exercise efforts documented near the request (counseling ~9 months earlier).,"The November 2025 note documents counseling, but no commitment to a lifestyle plan and is outside the 180-day window. The August 2026 note documents the Wegovy plan but no ongoing or planned lifestyle modification."
main_hybrid_t0.90,GLP1-017__UHC_WEGOVY_P1114_22_2026_09_01,GLP1-017,UHC_WEGOVY_P1114_22_2026_09_01,hybrid,bmi_threshold,deterministic,missing_evidence,counseling_not_program,PASS,PASS,True,code,1.0,,,,Condition/GLP1-017-HTN;Observation/GLP1-017-BMI-2026-08-10,,,0.0,0.0,0.0,0.0,False,,,,Latest structured BMI 36.2 (2026-08-10).,
main_hybrid_t0.90,GLP1-018__AETNA_WEGOVY_4774C_2026_08_20,GLP1-018,AETNA_WEGOVY_4774C_2026_08_20,hybrid,age,deterministic,missing_evidence,partial_program,PASS,PASS,True,code,1.0,,,,Patient/GLP1-018,,,0.0,0.0,0.0,0.0,False,,,,Age 49 on 2026-09-01 (min 18).,
main_hybrid_t0.90,GLP1-018__AETNA_WEGOVY_4774C_2026_08_20,GLP1-018,AETNA_WEGOVY_4774C_2026_08_20,hybrid,indication,deterministic,missing_evidence,partial_program,PASS,PASS,True,code,1.0,,,,,,,0.0,0.0,0.0,0.0,False,,,,Initial Wegovy request for chronic weight management.,
main_hybrid_t0.90,GLP1-018__AETNA_WEGOVY_4774C_2026_08_20,GLP1-018,AETNA_WEGOVY_4774C_2026_08_20,hybrid,adjunct_diet_and_activity,semantic,missing_evidence,partial_program,INSUFFICIENT,INSUFFICIENT,True,jev,0.99,INSUFFICIENT,0.99,DocumentReference/GLP1-018-PCP-001;DocumentReference/GLP1-018-PCP-002;DocumentReference/GLP1-018-PCP-003,DocumentReference/GLP1-018-PCP-001;DocumentReference/GLP1-018-PCP-002;DocumentReference/GLP1-018-PCP-003,True,,194.0,3322.0,0.0,0.00014,False,,,,Physical activity never documented.,
main_hybrid_t0.90,GLP1-018__AETNA_WEGOVY_4774C_2026_08_20,GLP1-018,AETNA_WEGOVY_4774C_2026_08_20,hybrid,program_6_months,semantic_temporal,missing_evidence,partial_program,INSUFFICIENT,INSUFFICIENT,True,gpt_escalation,0.97,CONFLICT,0.44,DocumentReference/GLP1-018-PCP-001;DocumentReference/GLP1-018-PCP-002;DocumentReference/GLP1-018-PCP-003,DocumentReference/GLP1-018-PCP-001;DocumentReference/GLP1-018-PCP-002;DocumentReference/GLP1-018-PCP-003,True,,5890.8,6912.0,270.0,0.01002,True,escalation_fixed,,,"Diet-only effort; no activity component, no comprehensive program.","The notes document dietary changes and follow-up from December 2025 through August 2026, but do not document an increased-physical-activity component. They therefore cannot establish six months of participation in the required comprehensive program."
main_hybrid_t0.90,GLP1-018__AETNA_WEGOVY_4774C_2026_08_20,GLP1-018,AETNA_WEGOVY_4774C_2026_08_20,hybrid,bmi_threshold,deterministic,missing_evidence,partial_program,PASS,PASS,True,code,1.0,,,,Observation/GLP1-018-BMI-2026-08-06,,,0.0,0.0,0.0,0.0,False,,,,Latest structured BMI 33.5 (2026-08-06).,
main_hybrid_t0.90,GLP1-018__BCBS_FEP_WEGOVY_2026_07_01,GLP1-018,BCBS_FEP_WEGOVY_2026_07_01,hybrid,age,deterministic,missing_evidence,partial_program,PASS,PASS,True,code,1.0,,,,Patient/GLP1-018,,,0.0,0.0,0.0,0.0,False,,,,Age 49 on 2026-09-01 (min 18).,
main_hybrid_t0.90,GLP1-018__BCBS_FEP_WEGOVY_2026_07_01,GLP1-018,BCBS_FEP_WEGOVY_2026_07_01,hybrid,indication,deterministic,missing_evidence,partial_program,PASS,PASS,True,code,1.0,,,,,,,0.0,0.0,0.0,0.0,False,,,,Initial Wegovy request for chronic weight management.,
main_hybrid_t0.90,GLP1-018__BCBS_FEP_WEGOVY_2026_07_01,GLP1-018,BCBS_FEP_WEGOVY_2026_07_01,hybrid,bmi_threshold,deterministic,missing_evidence,partial_program,PASS,PASS,True,code,1.0,,,,Observation/GLP1-018-BMI-2026-08-06,,,0.0,0.0,0.0,0.0,False,,,,Latest structured BMI 33.5 (2026-08-06).,
main_hybrid_t0.90,GLP1-018__BCBS_FEP_WEGOVY_2026_07_01,GLP1-018,BCBS_FEP_WEGOVY_2026_07_01,hybrid,weight_management_program,semantic,missing_evidence,partial_program,INSUFFICIENT,INSUFFICIENT,True,gpt_escalation,0.96,INSUFFICIENT,0.88,DocumentReference/GLP1-018-PCP-001;DocumentReference/GLP1-018-PCP-002;DocumentReference/GLP1-018-PCP-003,DocumentReference/GLP1-018-PCP-001;DocumentReference/GLP1-018-PCP-002;DocumentReference/GLP1-018-PCP-003,True,,7193.5,5758.0,327.0,0.011322,True,both_correct,,,Solo dietary changes only; no comprehensive program documented.,"The notes document sustained dietary changes and food tracking, but not participation in a comprehensive weight management program. They do not document a program incorporating increased physical activity."
main_hybrid_t0.90,GLP1-018__BCBS_FEP_WEGOVY_2026_07_01,GLP1-018,BCBS_FEP_WEGOVY_2026_07_01,hybrid,no_concurrent_glp1,medication_reconciliation,missing_evidence,partial_program,PASS,PASS,True,jev,1.0,PASS,1.0,DocumentReference/GLP1-018-LAB-002;DocumentReference/GLP1-018-PCP-003,DocumentReference/GLP1-018-LAB-002;DocumentReference/GLP1-018-PCP-003,,,115.9,1769.0,0.0,7.4e-05,False,,,,No GLP-1 or anti-obesity medication in structured data or notes.,
main_hybrid_t0.90,GLP1-018__BCBS_FEP_WEGOVY_2026_07_01,GLP1-018,BCBS_FEP_WEGOVY_2026_07_01,hybrid,no_concurrent_pa_weight_loss_med,medication_reconciliation,missing_evidence,partial_program,PASS,PASS,True,jev,1.0,PASS,1.0,DocumentReference/GLP1-018-LAB-002;DocumentReference/GLP1-018-PCP-003,DocumentReference/GLP1-018-LAB-002;DocumentReference/GLP1-018-PCP-003,,,115.9,1769.0,0.0,7.4e-05,False,,,,No PA weight-loss medication in structured data or notes.,
main_hybrid_t0.90,GLP1-018__UHC_WEGOVY_P1114_22_2026_09_01,GLP1-018,UHC_WEGOVY_P1114_22_2026_09_01,hybrid,age,deterministic,missing_evidence,partial_program,PASS,PASS,True,code,1.0,,,,Patient/GLP1-018,,,0.0,0.0,0.0,0.0,False,,,,Age 49 on 2026-09-01 (min 12).,
main_hybrid_t0.90,GLP1-018__UHC_WEGOVY_P1114_22_2026_09_01,GLP1-018,UHC_WEGOVY_P1114_22_2026_09_01,hybrid,indication,deterministic,missing_evidence,partial_program,PASS,PASS,True,code,1.0,,,,,,,0.0,0.0,0.0,0.0,False,,,,Initial Wegovy request for chronic weight management.,
main_hybrid_t0.90,GLP1-018__UHC_WEGOVY_P1114_22_2026_09_01,GLP1-018,UHC_WEGOVY_P1114_22_2026_09_01,hybrid,lifestyle_adjunct,semantic,missing_evidence,partial_program,PASS,PASS,True,jev,1.0,PASS,1.0,DocumentReference/GLP1-018-PCP-001;DocumentReference/GLP1-018-PCP-002;DocumentReference/GLP1-018-PCP-003,DocumentReference/GLP1-018-PCP-001;DocumentReference/GLP1-018-PCP-002;DocumentReference/GLP1-018-PCP-003,True,,126.8,4429.0,0.0,0.000186,False,,,,Ongoing dietary changes (food tracking) documented at the request.,
main_hybrid_t0.90,GLP1-018__UHC_WEGOVY_P1114_22_2026_09_01,GLP1-018,UHC_WEGOVY_P1114_22_2026_09_01,hybrid,bmi_threshold,deterministic,missing_evidence,partial_program,PASS,PASS,True,code,1.0,,,,Observation/GLP1-018-BMI-2026-08-06,,,0.0,0.0,0.0,0.0,False,,,,Latest structured BMI 33.5 (2026-08-06).,
main_hybrid_t0.90,GLP1-019__AETNA_WEGOVY_4774C_2026_08_20,GLP1-019,AETNA_WEGOVY_4774C_2026_08_20,hybrid,age,deterministic,missing_evidence,partial_program,PASS,PASS,True,code,1.0,,,,Patient/GLP1-019,,,0.0,0.0,0.0,0.0,False,,,,Age 56 on 2026-09-01 (min 18).,
main_hybrid_t0.90,GLP1-019__AETNA_WEGOVY_4774C_2026_08_20,GLP1-019,AETNA_WEGOVY_4774C_2026_08_20,hybrid,indication,deterministic,missing_evidence,partial_program,PASS,PASS,True,code,1.0,,,,,,,0.0,0.0,0.0,0.0,False,,,,Initial Wegovy request for chronic weight management.,
main_hybrid_t0.90,GLP1-019__AETNA_WEGOVY_4774C_2026_08_20,GLP1-019,AETNA_WEGOVY_4774C_2026_08_20,hybrid,adjunct_diet_and_activity,semantic,missing_evidence,partial_program,INSUFFICIENT,INSUFFICIENT,True,jev,0.92,INSUFFICIENT,0.92,DocumentReference/GLP1-019-APE-001;DocumentReference/GLP1-019-PCP-001;DocumentReference/GLP1-019-PCP-002;DocumentReference/GLP1-019-PCP-003;DocumentReference/GLP1-019-TEL-001,DocumentReference/GLP1-019-APE-001;DocumentReference/GLP1-019-PCP-001;DocumentReference/GLP1-019-PCP-002;DocumentReference/GLP1-019-PCP-003;DocumentReference/GLP1-019-TEL-001,True,,133.5,3961.0,0.0,0.000166,False,,,,Reduced-calorie diet never documented.,
main_hybrid_t0.90,GLP1-019__AETNA_WEGOVY_4774C_2026_08_20,GLP1-019,AETNA_WEGOVY_4774C_2026_08_20,hybrid,program_6_months,semantic_temporal,missing_evidence,partial_program,INSUFFICIENT,INSUFFICIENT,True,jev,0.92,INSUFFICIENT,0.92,DocumentReference/GLP1-019-APE-001;DocumentReference/GLP1-019-PCP-001;DocumentReference/GLP1-019-PCP-002;DocumentReference/GLP1-019-PCP-003;DocumentReference/GLP1-019-TEL-001,DocumentReference/GLP1-019-APE-001;DocumentReference/GLP1-019-PCP-001;DocumentReference/GLP1-019-PCP-002;DocumentReference/GLP1-019-PCP-003;DocumentReference/GLP1-019-TEL-001,True,,133.5,3961.0,0.0,0.000166,False,,,,"Exercise-only effort; no dietary component, no comprehensive program.",
main_hybrid_t0.90,GLP1-019__AETNA_WEGOVY_4774C_2026_08_20,GLP1-019,AETNA_WEGOVY_4774C_2026_08_20,hybrid,bmi_threshold,deterministic,missing_evidence,partial_program,PASS,PASS,True,code,1.0,,,,Observation/GLP1-019-BMI-2026-08-04,,,0.0,0.0,0.0,0.0,False,,,,Latest structured BMI 31.2 (2026-08-04).,
main_hybrid_t0.90,GLP1-019__BCBS_FEP_WEGOVY_2026_07_01,GLP1-019,BCBS_FEP_WEGOVY_2026_07_01,hybrid,age,deterministic,missing_evidence,partial_program,PASS,PASS,True,code,1.0,,,,Patient/GLP1-019,,,0.0,0.0,0.0,0.0,False,,,,Age 56 on 2026-09-01 (min 18).,
main_hybrid_t0.90,GLP1-019__BCBS_FEP_WEGOVY_2026_07_01,GLP1-019,BCBS_FEP_WEGOVY_2026_07_01,hybrid,indication,deterministic,missing_evidence,partial_program,PASS,PASS,True,code,1.0,,,,,,,0.0,0.0,0.0,0.0,False,,,,Initial Wegovy request for chronic weight management.,
main_hybrid_t0.90,GLP1-019__BCBS_FEP_WEGOVY_2026_07_01,GLP1-019,BCBS_FEP_WEGOVY_2026_07_01,hybrid,bmi_threshold,deterministic,missing_evidence,partial_program,PASS,PASS,True,code,1.0,,,,Observation/GLP1-019-BMI-2026-08-04,,,0.0,0.0,0.0,0.0,False,,,,Latest structured BMI 31.2 (2026-08-04).,
main_hybrid_t0.90,GLP1-019__BCBS_FEP_WEGOVY_2026_07_01,GLP1-019,BCBS_FEP_WEGOVY_2026_07_01,hybrid,weight_management_program,semantic,missing_evidence,partial_program,INSUFFICIENT,INSUFFICIENT,True,gpt_escalation,0.96,INSUFFICIENT,0.86,DocumentReference/GLP1-019-MSG-001;DocumentReference/GLP1-019-PCP-001;DocumentReference/GLP1-019-PCP-002;DocumentReference/GLP1-019-PCP-003,DocumentReference/GLP1-019-PCP-001;DocumentReference/GLP1-019-PCP-002;DocumentReference/GLP1-019-PCP-003,True,,7727.8,6503.0,396.0,0.013514,True,both_correct,,,Solo exercise routine only; no comprehensive program documented.,"The notes document a sustained gym exercise routine, but not participation in a comprehensive program incorporating behavioral modification, reduced-calorie diet, and physical activity. An exercise-only effort does not establish this requirement."
main_hybrid_t0.90,GLP1-019__BCBS_FEP_WEGOVY_2026_07_01,GLP1-019,BCBS_FEP_WEGOVY_2026_07_01,hybrid,no_concurrent_glp1,medication_reconciliation,missing_evidence,partial_program,PASS,PASS,True,jev,1.0,PASS,1.0,DocumentReference/GLP1-019-PCP-003;DocumentReference/GLP1-019-TEL-001,DocumentReference/GLP1-019-PCP-003;DocumentReference/GLP1-019-TEL-001,,,154.9,1763.0,0.0,7.4e-05,False,,,,No GLP-1 or anti-obesity medication in structured data or notes.,
main_hybrid_t0.90,GLP1-019__BCBS_FEP_WEGOVY_2026_07_01,GLP1-019,BCBS_FEP_WEGOVY_2026_07_01,hybrid,no_concurrent_pa_weight_loss_med,medication_reconciliation,missing_evidence,partial_program,PASS,PASS,True,jev,1.0,PASS,1.0,DocumentReference/GLP1-019-PCP-003;DocumentReference/GLP1-019-TEL-001,DocumentReference/GLP1-019-PCP-003;DocumentReference/GLP1-019-TEL-001,,,154.9,1763.0,0.0,7.4e-05,False,,,,No PA weight-loss medication in structured data or notes.,
main_hybrid_t0.90,GLP1-019__UHC_WEGOVY_P1114_22_2026_09_01,GLP1-019,UHC_WEGOVY_P1114_22_2026_09_01,hybrid,age,deterministic,missing_evidence,partial_program,PASS,PASS,True,code,1.0,,,,Patient/GLP1-019,,,0.0,0.0,0.0,0.0,False,,,,Age 56 on 2026-09-01 (min 12).,
main_hybrid_t0.90,GLP1-019__UHC_WEGOVY_P1114_22_2026_09_01,GLP1-019,UHC_WEGOVY_P1114_22_2026_09_01,hybrid,indication,deterministic,missing_evidence,partial_program,PASS,PASS,True,code,1.0,,,,,,,0.0,0.0,0.0,0.0,False,,,,Initial Wegovy request for chronic weight management.,
main_hybrid_t0.90,GLP1-019__UHC_WEGOVY_P1114_22_2026_09_01,GLP1-019,UHC_WEGOVY_P1114_22_2026_09_01,hybrid,lifestyle_adjunct,semantic,missing_evidence,partial_program,PASS,PASS,True,jev,1.0,PASS,1.0,DocumentReference/GLP1-019-APE-001;DocumentReference/GLP1-019-PCP-001;DocumentReference/GLP1-019-PCP-002;DocumentReference/GLP1-019-PCP-003;DocumentReference/GLP1-019-TEL-001,DocumentReference/GLP1-019-APE-001;DocumentReference/GLP1-019-PCP-001;DocumentReference/GLP1-019-PCP-002;DocumentReference/GLP1-019-PCP-003;DocumentReference/GLP1-019-TEL-001,True,,120.0,5264.0,0.0,0.000221,False,,,,Ongoing regular exercise documented at the request.,
main_hybrid_t0.90,GLP1-019__UHC_WEGOVY_P1114_22_2026_09_01,GLP1-019,UHC_WEGOVY_P1114_22_2026_09_01,hybrid,bmi_threshold,deterministic,missing_evidence,partial_program,PASS,PASS,True,code,1.0,,,,Observation/GLP1-019-BMI-2026-08-04,,,0.0,0.0,0.0,0.0,False,,,,Latest structured BMI 31.2 (2026-08-04).,
main_hybrid_t0.90,GLP1-020__AETNA_WEGOVY_4774C_2026_08_20,GLP1-020,AETNA_WEGOVY_4774C_2026_08_20,hybrid,age,deterministic,missing_evidence,missing_temporality,PASS,PASS,True,code,1.0,,,,Patient/GLP1-020,,,0.0,0.0,0.0,0.0,False,,,,Age 28 on 2026-09-01 (min 18).,
main_hybrid_t0.90,GLP1-020__AETNA_WEGOVY_4774C_2026_08_20,GLP1-020,AETNA_WEGOVY_4774C_2026_08_20,hybrid,indication,deterministic,missing_evidence,missing_temporality,PASS,PASS,True,code,1.0,,,,,,,0.0,0.0,0.0,0.0,False,,,,Initial Wegovy request for chronic weight management.,
main_hybrid_t0.90,GLP1-020__AETNA_WEGOVY_4774C_2026_08_20,GLP1-020,AETNA_WEGOVY_4774C_2026_08_20,hybrid,adjunct_diet_and_activity,semantic,missing_evidence,missing_temporality,PASS,PASS,True,jev,0.92,PASS,0.92,DocumentReference/GLP1-020-DERM-001;DocumentReference/GLP1-020-MSG-002;DocumentReference/GLP1-020-ORTH-002;DocumentReference/GLP1-020-PCP-001,DocumentReference/GLP1-020-DERM-001;DocumentReference/GLP1-020-MSG-002;DocumentReference/GLP1-020-ORTH-002;DocumentReference/GLP1-020-PCP-001,True,,141.0,3358.5,0.0,0.000141,False,,,,Follows program meal plan and exercise sessions.,
main_hybrid_t0.90,GLP1-020__AETNA_WEGOVY_4774C_2026_08_20,GLP1-020,AETNA_WEGOVY_4774C_2026_08_20,hybrid,program_6_months,semantic_temporal,missing_evidence,missing_temporality,INSUFFICIENT,INSUFFICIENT,True,gpt_escalation,0.98,INSUFFICIENT,0.79,DocumentReference/GLP1-020-DERM-001;DocumentReference/GLP1-020-MSG-002;DocumentReference/GLP1-020-ORTH-002;DocumentReference/GLP1-020-PCP-001,DocumentReference/GLP1-020-MSG-002;DocumentReference/GLP1-020-PCP-001,True,,5616.2,7233.5,258.0,0.010471,True,both_correct,,,Participation documented but no start date or duration recoverable.,"The June 15 coaching message and August 20 note document participation and follow-up, but neither establishes when participation began. A 12-month program length does not establish that this patient participated continuously for at least 6 months."
main_hybrid_t0.90,GLP1-020__AETNA_WEGOVY_4774C_2026_08_20,GLP1-020,AETNA_WEGOVY_4774C_2026_08_20,hybrid,bmi_threshold,deterministic,missing_evidence,missing_temporality,PASS,PASS,True,code,1.0,,,,Condition/GLP1-020-HTN;Observation/GLP1-020-BMI-2026-08-20,,,0.0,0.0,0.0,0.0,False,,,,Latest structured BMI 38.7 (2026-08-20).,
main_hybrid_t0.90,GLP1-020__BCBS_FEP_WEGOVY_2026_07_01,GLP1-020,BCBS_FEP_WEGOVY_2026_07_01,hybrid,age,deterministic,missing_evidence,missing_temporality,PASS,PASS,True,code,1.0,,,,Patient/GLP1-020,,,0.0,0.0,0.0,0.0,False,,,,Age 28 on 2026-09-01 (min 18).,
main_hybrid_t0.90,GLP1-020__BCBS_FEP_WEGOVY_2026_07_01,GLP1-020,BCBS_FEP_WEGOVY_2026_07_01,hybrid,indication,deterministic,missing_evidence,missing_temporality,PASS,PASS,True,code,1.0,,,,,,,0.0,0.0,0.0,0.0,False,,,,Initial Wegovy request for chronic weight management.,
main_hybrid_t0.90,GLP1-020__BCBS_FEP_WEGOVY_2026_07_01,GLP1-020,BCBS_FEP_WEGOVY_2026_07_01,hybrid,bmi_threshold,deterministic,missing_evidence,missing_temporality,PASS,PASS,True,code,1.0,,,,Condition/GLP1-020-HTN;Observation/GLP1-020-BMI-2026-08-20,,,0.0,0.0,0.0,0.0,False,,,,Latest structured BMI 38.7 (2026-08-20).,
main_hybrid_t0.90,GLP1-020__BCBS_FEP_WEGOVY_2026_07_01,GLP1-020,BCBS_FEP_WEGOVY_2026_07_01,hybrid,weight_management_program,semantic,missing_evidence,missing_temporality,PASS,PASS,True,jev,0.96,PASS,0.96,DocumentReference/GLP1-020-MSG-002;DocumentReference/GLP1-020-ORTH-002;DocumentReference/GLP1-020-PCP-001,DocumentReference/GLP1-020-MSG-002;DocumentReference/GLP1-020-ORTH-002;DocumentReference/GLP1-020-PCP-001,True,,124.3,1495.0,0.0,6.3e-05,False,,,,Currently participating in a named lifestyle program.,
main_hybrid_t0.90,GLP1-020__BCBS_FEP_WEGOVY_2026_07_01,GLP1-020,BCBS_FEP_WEGOVY_2026_07_01,hybrid,no_concurrent_glp1,medication_reconciliation,missing_evidence,missing_temporality,PASS,PASS,True,jev,0.97,PASS,0.97,DocumentReference/GLP1-020-MSG-001;DocumentReference/GLP1-020-ORTH-002;DocumentReference/GLP1-020-PCP-001;DocumentReference/GLP1-020-PHARM-001,DocumentReference/GLP1-020-MSG-001;DocumentReference/GLP1-020-ORTH-002;DocumentReference/GLP1-020-PCP-001;DocumentReference/GLP1-020-PHARM-001,,,124.3,1495.0,0.0,6.3e-05,False,,,,No GLP-1 or anti-obesity medication in structured data or notes.,
main_hybrid_t0.90,GLP1-020__BCBS_FEP_WEGOVY_2026_07_01,GLP1-020,BCBS_FEP_WEGOVY_2026_07_01,hybrid,no_concurrent_pa_weight_loss_med,medication_reconciliation,missing_evidence,missing_temporality,PASS,PASS,True,jev,0.97,PASS,0.97,DocumentReference/GLP1-020-MSG-001;DocumentReference/GLP1-020-ORTH-002;DocumentReference/GLP1-020-PCP-001;DocumentReference/GLP1-020-PHARM-001,DocumentReference/GLP1-020-MSG-001;DocumentReference/GLP1-020-ORTH-002;DocumentReference/GLP1-020-PCP-001;DocumentReference/GLP1-020-PHARM-001,,,124.3,1495.0,0.0,6.3e-05,False,,,,No PA weight-loss medication in structured data or notes.,
main_hybrid_t0.90,GLP1-020__UHC_WEGOVY_P1114_22_2026_09_01,GLP1-020,UHC_WEGOVY_P1114_22_2026_09_01,hybrid,age,deterministic,missing_evidence,missing_temporality,PASS,PASS,True,code,1.0,,,,Patient/GLP1-020,,,0.0,0.0,0.0,0.0,False,,,,Age 28 on 2026-09-01 (min 12).,
main_hybrid_t0.90,GLP1-020__UHC_WEGOVY_P1114_22_2026_09_01,GLP1-020,UHC_WEGOVY_P1114_22_2026_09_01,hybrid,indication,deterministic,missing_evidence,missing_temporality,PASS,PASS,True,code,1.0,,,,,,,0.0,0.0,0.0,0.0,False,,,,Initial Wegovy request for chronic weight management.,
main_hybrid_t0.90,GLP1-020__UHC_WEGOVY_P1114_22_2026_09_01,GLP1-020,UHC_WEGOVY_P1114_22_2026_09_01,hybrid,lifestyle_adjunct,semantic,missing_evidence,missing_temporality,PASS,PASS,True,jev,1.0,PASS,1.0,DocumentReference/GLP1-020-DERM-001;DocumentReference/GLP1-020-MSG-002;DocumentReference/GLP1-020-ORTH-002;DocumentReference/GLP1-020-PCP-001,DocumentReference/GLP1-020-DERM-001;DocumentReference/GLP1-020-MSG-002;DocumentReference/GLP1-020-ORTH-002;DocumentReference/GLP1-020-PCP-001,True,,254.8,4502.0,0.0,0.000189,False,,,,Follows program meal plan and exercise sessions.,
main_hybrid_t0.90,GLP1-020__UHC_WEGOVY_P1114_22_2026_09_01,GLP1-020,UHC_WEGOVY_P1114_22_2026_09_01,hybrid,bmi_threshold,deterministic,missing_evidence,missing_temporality,PASS,PASS,True,code,1.0,,,,Condition/GLP1-020-HTN;Observation/GLP1-020-BMI-2026-08-20,,,0.0,0.0,0.0,0.0,False,,,,Latest structured BMI 38.7 (2026-08-20).,
main_hybrid_t0.90,GLP1-021__AETNA_WEGOVY_4774C_2026_08_20,GLP1-021,AETNA_WEGOVY_4774C_2026_08_20,hybrid,age,deterministic,missing_evidence,incomplete_longitudinal,PASS,PASS,True,code,1.0,,,,Patient/GLP1-021,,,0.0,0.0,0.0,0.0,False,,,,Age 35 on 2026-09-01 (min 18).,
main_hybrid_t0.90,GLP1-021__AETNA_WEGOVY_4774C_2026_08_20,GLP1-021,AETNA_WEGOVY_4774C_2026_08_20,hybrid,indication,deterministic,missing_evidence,incomplete_longitudinal,PASS,PASS,True,code,1.0,,,,,,,0.0,0.0,0.0,0.0,False,,,,Initial Wegovy request for chronic weight management.,
main_hybrid_t0.90,GLP1-021__AETNA_WEGOVY_4774C_2026_08_20,GLP1-021,AETNA_WEGOVY_4774C_2026_08_20,hybrid,adjunct_diet_and_activity,semantic,missing_evidence,incomplete_longitudinal,INSUFFICIENT,INSUFFICIENT,True,jev,1.0,INSUFFICIENT,1.0,DocumentReference/GLP1-021-PCP-001,DocumentReference/GLP1-021-PCP-001,True,,192.2,1428.0,0.0,6e-05,False,,,,No lifestyle efforts documented after the start visit.,
main_hybrid_t0.90,GLP1-021__AETNA_WEGOVY_4774C_2026_08_20,GLP1-021,AETNA_WEGOVY_4774C_2026_08_20,hybrid,program_6_months,semantic_temporal,missing_evidence,incomplete_longitudinal,INSUFFICIENT,INSUFFICIENT,True,jev,1.0,INSUFFICIENT,1.0,DocumentReference/GLP1-021-PCP-001,DocumentReference/GLP1-021-PCP-001,True,,192.2,1428.0,0.0,6e-05,False,,,,Only a start note; no continuing follow-up or later participation documented.,
main_hybrid_t0.90,GLP1-021__AETNA_WEGOVY_4774C_2026_08_20,GLP1-021,AETNA_WEGOVY_4774C_2026_08_20,hybrid,bmi_threshold,deterministic,missing_evidence,incomplete_longitudinal,PASS,PASS,True,code,1.0,,,,Observation/GLP1-021-BMI-2026-08-17,,,0.0,0.0,0.0,0.0,False,,,,Latest structured BMI 34.8 (2026-08-17).,
main_hybrid_t0.90,GLP1-021__BCBS_FEP_WEGOVY_2026_07_01,GLP1-021,BCBS_FEP_WEGOVY_2026_07_01,hybrid,age,deterministic,missing_evidence,incomplete_longitudinal,PASS,PASS,True,code,1.0,,,,Patient/GLP1-021,,,0.0,0.0,0.0,0.0,False,,,,Age 35 on 2026-09-01 (min 18).,
main_hybrid_t0.90,GLP1-021__BCBS_FEP_WEGOVY_2026_07_01,GLP1-021,BCBS_FEP_WEGOVY_2026_07_01,hybrid,indication,deterministic,missing_evidence,incomplete_longitudinal,PASS,PASS,True,code,1.0,,,,,,,0.0,0.0,0.0,0.0,False,,,,Initial Wegovy request for chronic weight management.,
main_hybrid_t0.90,GLP1-021__BCBS_FEP_WEGOVY_2026_07_01,GLP1-021,BCBS_FEP_WEGOVY_2026_07_01,hybrid,bmi_threshold,deterministic,missing_evidence,incomplete_longitudinal,PASS,PASS,True,code,1.0,,,,Observation/GLP1-021-BMI-2026-08-17,,,0.0,0.0,0.0,0.0,False,,,,Latest structured BMI 34.8 (2026-08-17).,
main_hybrid_t0.90,GLP1-021__BCBS_FEP_WEGOVY_2026_07_01,GLP1-021,BCBS_FEP_WEGOVY_2026_07_01,hybrid,weight_management_program,semantic,missing_evidence,incomplete_longitudinal,PASS,PASS,True,jev,0.96,PASS,0.96,DocumentReference/GLP1-021-PCP-001,DocumentReference/GLP1-021-PCP-001,True,,133.8,1153.0,0.0,4.8e-05,False,,,,Enrolled in an employer weight-management program at the start visit (literal reading).,
main_hybrid_t0.90,GLP1-021__BCBS_FEP_WEGOVY_2026_07_01,GLP1-021,BCBS_FEP_WEGOVY_2026_07_01,hybrid,no_concurrent_glp1,medication_reconciliation,missing_evidence,incomplete_longitudinal,PASS,PASS,True,jev,0.97,PASS,0.97,DocumentReference/GLP1-021-MSG-001;DocumentReference/GLP1-021-PCP-002;DocumentReference/GLP1-021-PHARM-001,DocumentReference/GLP1-021-MSG-001;DocumentReference/GLP1-021-PCP-002;DocumentReference/GLP1-021-PHARM-001,,,133.8,1153.0,0.0,4.8e-05,False,,,,No GLP-1 or anti-obesity medication in structured data or notes.,
main_hybrid_t0.90,GLP1-021__BCBS_FEP_WEGOVY_2026_07_01,GLP1-021,BCBS_FEP_WEGOVY_2026_07_01,hybrid,no_concurrent_pa_weight_loss_med,medication_reconciliation,missing_evidence,incomplete_longitudinal,PASS,PASS,True,jev,0.97,PASS,0.97,DocumentReference/GLP1-021-MSG-001;DocumentReference/GLP1-021-PCP-002;DocumentReference/GLP1-021-PHARM-001,DocumentReference/GLP1-021-MSG-001;DocumentReference/GLP1-021-PCP-002;DocumentReference/GLP1-021-PHARM-001,,,133.8,1153.0,0.0,4.8e-05,False,,,,No PA weight-loss medication in structured data or notes.,
main_hybrid_t0.90,GLP1-021__UHC_WEGOVY_P1114_22_2026_09_01,GLP1-021,UHC_WEGOVY_P1114_22_2026_09_01,hybrid,age,deterministic,missing_evidence,incomplete_longitudinal,PASS,PASS,True,code,1.0,,,,Patient/GLP1-021,,,0.0,0.0,0.0,0.0,False,,,,Age 35 on 2026-09-01 (min 12).,
main_hybrid_t0.90,GLP1-021__UHC_WEGOVY_P1114_22_2026_09_01,GLP1-021,UHC_WEGOVY_P1114_22_2026_09_01,hybrid,indication,deterministic,missing_evidence,incomplete_longitudinal,PASS,PASS,True,code,1.0,,,,,,,0.0,0.0,0.0,0.0,False,,,,Initial Wegovy request for chronic weight management.,
main_hybrid_t0.90,GLP1-021__UHC_WEGOVY_P1114_22_2026_09_01,GLP1-021,UHC_WEGOVY_P1114_22_2026_09_01,hybrid,lifestyle_adjunct,semantic,missing_evidence,incomplete_longitudinal,INSUFFICIENT,INSUFFICIENT,True,jev,1.0,INSUFFICIENT,1.0,DocumentReference/GLP1-021-PCP-001,DocumentReference/GLP1-021-PCP-001,True,,165.7,1970.0,0.0,8.3e-05,False,,,,No lifestyle efforts documented after the start visit ~8 months earlier.,
main_hybrid_t0.90,GLP1-021__UHC_WEGOVY_P1114_22_2026_09_01,GLP1-021,UHC_WEGOVY_P1114_22_2026_09_01,hybrid,bmi_threshold,deterministic,missing_evidence,incomplete_longitudinal,PASS,PASS,True,code,1.0,,,,Observation/GLP1-021-BMI-2026-08-17,,,0.0,0.0,0.0,0.0,False,,,,Latest structured BMI 34.8 (2026-08-17).,
main_hybrid_t0.90,GLP1-022__AETNA_WEGOVY_4774C_2026_08_20,GLP1-022,AETNA_WEGOVY_4774C_2026_08_20,hybrid,age,deterministic,missing_evidence,structured_data_omission,PASS,PASS,True,code,1.0,,,,Patient/GLP1-022,,,0.0,0.0,0.0,0.0,False,,,,Age 42 on 2026-09-01 (min 18).,
main_hybrid_t0.90,GLP1-022__AETNA_WEGOVY_4774C_2026_08_20,GLP1-022,AETNA_WEGOVY_4774C_2026_08_20,hybrid,indication,deterministic,missing_evidence,structured_data_omission,PASS,PASS,True,code,1.0,,,,,,,0.0,0.0,0.0,0.0,False,,,,Initial Wegovy request for chronic weight management.,
main_hybrid_t0.90,GLP1-022__AETNA_WEGOVY_4774C_2026_08_20,GLP1-022,AETNA_WEGOVY_4774C_2026_08_20,hybrid,adjunct_diet_and_activity,semantic,missing_evidence,structured_data_omission,PASS,PASS,True,jev,0.92,PASS,0.92,DocumentReference/GLP1-022-APE-001;DocumentReference/GLP1-022-NUTR-001;DocumentReference/GLP1-022-NUTR-002;DocumentReference/GLP1-022-PCP-001;DocumentReference/GLP1-022-PCP-002;DocumentReference/GLP1-022-PCP-003,DocumentReference/GLP1-022-APE-001;DocumentReference/GLP1-022-NUTR-001;DocumentReference/GLP1-022-NUTR-002;DocumentReference/GLP1-022-PCP-001;DocumentReference/GLP1-022-PCP-002;DocumentReference/GLP1-022-PCP-003,True,,204.3,2824.333333,0.0,0.000119,False,,,,Final note documents continued diet AND exercise.,
main_hybrid_t0.90,GLP1-022__AETNA_WEGOVY_4774C_2026_08_20,GLP1-022,AETNA_WEGOVY_4774C_2026_08_20,hybrid,program_6_months,semantic_temporal,missing_evidence,structured_data_omission,PASS,PASS,True,jev,0.96,PASS,0.96,DocumentReference/GLP1-022-NUTR-001;DocumentReference/GLP1-022-NUTR-002;DocumentReference/GLP1-022-PCP-001;DocumentReference/GLP1-022-PCP-002;DocumentReference/GLP1-022-PCP-003,DocumentReference/GLP1-022-NUTR-001;DocumentReference/GLP1-022-NUTR-002;DocumentReference/GLP1-022-PCP-001;DocumentReference/GLP1-022-PCP-002;DocumentReference/GLP1-022-PCP-003,True,,204.3,2824.333333,0.0,0.000119,False,,,,"Continuous program with diet, activity and follow-up; duration computed from dated events. 2025-12-11 -> 2026-08-11 = 8 whole months (min 6).",
main_hybrid_t0.90,GLP1-022__AETNA_WEGOVY_4774C_2026_08_20,GLP1-022,AETNA_WEGOVY_4774C_2026_08_20,hybrid,bmi_threshold,deterministic,missing_evidence,structured_data_omission,PASS,PASS,True,jev,0.99,PASS,0.99,,DocumentReference/GLP1-022-APE-001;DocumentReference/GLP1-022-LAB-001;DocumentReference/GLP1-022-PCP-001;DocumentReference/GLP1-022-PCP-002;DocumentReference/GLP1-022-PCP-003;Observation/GLP1-022-BMI-2026-08-11,,,204.3,2824.333333,0.0,0.000119,False,,,,"Latest structured BMI 29.0 (2026-08-11). In 27–30 band; comorbidity: PASS — hypertension documented (narrative only, no structured Condition).",
main_hybrid_t0.90,GLP1-022__BCBS_FEP_WEGOVY_2026_07_01,GLP1-022,BCBS_FEP_WEGOVY_2026_07_01,hybrid,age,deterministic,missing_evidence,structured_data_omission,PASS,PASS,True,code,1.0,,,,Patient/GLP1-022,,,0.0,0.0,0.0,0.0,False,,,,Age 42 on 2026-09-01 (min 18).,
main_hybrid_t0.90,GLP1-022__BCBS_FEP_WEGOVY_2026_07_01,GLP1-022,BCBS_FEP_WEGOVY_2026_07_01,hybrid,indication,deterministic,missing_evidence,structured_data_omission,PASS,PASS,True,code,1.0,,,,,,,0.0,0.0,0.0,0.0,False,,,,Initial Wegovy request for chronic weight management.,
main_hybrid_t0.90,GLP1-022__BCBS_FEP_WEGOVY_2026_07_01,GLP1-022,BCBS_FEP_WEGOVY_2026_07_01,hybrid,bmi_threshold,deterministic,missing_evidence,structured_data_omission,PASS,PASS,True,jev,0.99,PASS,0.99,,DocumentReference/GLP1-022-APE-001;DocumentReference/GLP1-022-LAB-001;DocumentReference/GLP1-022-PCP-001;DocumentReference/GLP1-022-PCP-002;DocumentReference/GLP1-022-PCP-003;Observation/GLP1-022-BMI-2026-08-11,,,200.8,1656.25,0.0,7e-05,False,,,,"Latest structured BMI 29.0 (2026-08-11). In 27–30 band; comorbidity: PASS — hypertension documented (narrative only, no structured Condition).",
main_hybrid_t0.90,GLP1-022__BCBS_FEP_WEGOVY_2026_07_01,GLP1-022,BCBS_FEP_WEGOVY_2026_07_01,hybrid,weight_management_program,semantic,missing_evidence,structured_data_omission,PASS,PASS,True,jev,0.96,PASS,0.96,DocumentReference/GLP1-022-NUTR-001;DocumentReference/GLP1-022-NUTR-002;DocumentReference/GLP1-022-PCP-001;DocumentReference/GLP1-022-PCP-002;DocumentReference/GLP1-022-PCP-003,DocumentReference/GLP1-022-NUTR-001;DocumentReference/GLP1-022-NUTR-002;DocumentReference/GLP1-022-PCP-001;DocumentReference/GLP1-022-PCP-002;DocumentReference/GLP1-022-PCP-003,True,,200.8,1656.25,0.0,7e-05,False,,,,Enrolled in a comprehensive program with dietitian visits and follow-ups.,
main_hybrid_t0.90,GLP1-022__BCBS_FEP_WEGOVY_2026_07_01,GLP1-022,BCBS_FEP_WEGOVY_2026_07_01,hybrid,no_concurrent_glp1,medication_reconciliation,missing_evidence,structured_data_omission,PASS,PASS,True,jev,0.95,PASS,0.95,DocumentReference/GLP1-022-LAB-001;DocumentReference/GLP1-022-MSG-001;DocumentReference/GLP1-022-NUTR-002;DocumentReference/GLP1-022-PCP-003;DocumentReference/GLP1-022-PHARM-001,DocumentReference/GLP1-022-LAB-001;DocumentReference/GLP1-022-MSG-001;DocumentReference/GLP1-022-NUTR-002;DocumentReference/GLP1-022-PCP-003;DocumentReference/GLP1-022-PHARM-001,,,200.8,1656.25,0.0,7e-05,False,,,,No GLP-1 or anti-obesity medication in structured data or notes.,
main_hybrid_t0.90,GLP1-022__BCBS_FEP_WEGOVY_2026_07_01,GLP1-022,BCBS_FEP_WEGOVY_2026_07_01,hybrid,no_concurrent_pa_weight_loss_med,medication_reconciliation,missing_evidence,structured_data_omission,PASS,PASS,True,jev,0.95,PASS,0.95,DocumentReference/GLP1-022-LAB-001;DocumentReference/GLP1-022-MSG-001;DocumentReference/GLP1-022-NUTR-002;DocumentReference/GLP1-022-PCP-003;DocumentReference/GLP1-022-PHARM-001,DocumentReference/GLP1-022-LAB-001;DocumentReference/GLP1-022-MSG-001;DocumentReference/GLP1-022-NUTR-002;DocumentReference/GLP1-022-PCP-003;DocumentReference/GLP1-022-PHARM-001,,,200.8,1656.25,0.0,7e-05,False,,,,No PA weight-loss medication in structured data or notes.,
main_hybrid_t0.90,GLP1-022__UHC_WEGOVY_P1114_22_2026_09_01,GLP1-022,UHC_WEGOVY_P1114_22_2026_09_01,hybrid,age,deterministic,missing_evidence,structured_data_omission,PASS,PASS,True,code,1.0,,,,Patient/GLP1-022,,,0.0,0.0,0.0,0.0,False,,,,Age 42 on 2026-09-01 (min 12).,
main_hybrid_t0.90,GLP1-022__UHC_WEGOVY_P1114_22_2026_09_01,GLP1-022,UHC_WEGOVY_P1114_22_2026_09_01,hybrid,indication,deterministic,missing_evidence,structured_data_omission,PASS,PASS,True,code,1.0,,,,,,,0.0,0.0,0.0,0.0,False,,,,Initial Wegovy request for chronic weight management.,
main_hybrid_t0.90,GLP1-022__UHC_WEGOVY_P1114_22_2026_09_01,GLP1-022,UHC_WEGOVY_P1114_22_2026_09_01,hybrid,lifestyle_adjunct,semantic,missing_evidence,structured_data_omission,PASS,PASS,True,jev,0.92,PASS,0.92,DocumentReference/GLP1-022-NUTR-001;DocumentReference/GLP1-022-NUTR-002;DocumentReference/GLP1-022-PCP-001;DocumentReference/GLP1-022-PCP-002;DocumentReference/GLP1-022-PCP-003,DocumentReference/GLP1-022-NUTR-001;DocumentReference/GLP1-022-NUTR-002;DocumentReference/GLP1-022-PCP-001;DocumentReference/GLP1-022-PCP-002;DocumentReference/GLP1-022-PCP-003,True,,130.5,2558.5,0.0,0.000107,False,,,,Final note documents continued diet and exercise.,
main_hybrid_t0.90,GLP1-022__UHC_WEGOVY_P1114_22_2026_09_01,GLP1-022,UHC_WEGOVY_P1114_22_2026_09_01,hybrid,bmi_threshold,deterministic,missing_evidence,structured_data_omission,PASS,PASS,True,jev,0.99,PASS,0.99,,DocumentReference/GLP1-022-APE-001;DocumentReference/GLP1-022-LAB-001;DocumentReference/GLP1-022-PCP-001;DocumentReference/GLP1-022-PCP-002;DocumentReference/GLP1-022-PCP-003;Observation/GLP1-022-BMI-2026-08-11,,,130.5,2558.5,0.0,0.000107,False,,,,"Latest structured BMI 29.0 (2026-08-11). In 27–30 band; comorbidity: PASS — hypertension documented (narrative only, no structured Condition).",
main_hybrid_t0.90,GLP1-023__AETNA_WEGOVY_4774C_2026_08_20,GLP1-023,AETNA_WEGOVY_4774C_2026_08_20,hybrid,age,deterministic,missing_evidence,missing_medication_evidence,PASS,PASS,True,code,1.0,,,,Patient/GLP1-023,,,0.0,0.0,0.0,0.0,False,,,,Age 49 on 2026-09-01 (min 18).,
main_hybrid_t0.90,GLP1-023__AETNA_WEGOVY_4774C_2026_08_20,GLP1-023,AETNA_WEGOVY_4774C_2026_08_20,hybrid,indication,deterministic,missing_evidence,missing_medication_evidence,PASS,PASS,True,code,1.0,,,,,,,0.0,0.0,0.0,0.0,False,,,,Initial Wegovy request for chronic weight management.,
main_hybrid_t0.90,GLP1-023__AETNA_WEGOVY_4774C_2026_08_20,GLP1-023,AETNA_WEGOVY_4774C_2026_08_20,hybrid,adjunct_diet_and_activity,semantic,missing_evidence,missing_medication_evidence,PASS,PASS,True,jev,0.96,PASS,0.96,DocumentReference/GLP1-023-NUTR-001;DocumentReference/GLP1-023-NUTR-002;DocumentReference/GLP1-023-PCP-001;DocumentReference/GLP1-023-PCP-002;DocumentReference/GLP1-023-PCP-003,DocumentReference/GLP1-023-NUTR-001;DocumentReference/GLP1-023-NUTR-002;DocumentReference/GLP1-023-PCP-001;DocumentReference/GLP1-023-PCP-002;DocumentReference/GLP1-023-PCP-003,True,,206.1,3354.5,0.0,0.000141,False,,,,Final note documents continued diet AND exercise.,
main_hybrid_t0.90,GLP1-023__AETNA_WEGOVY_4774C_2026_08_20,GLP1-023,AETNA_WEGOVY_4774C_2026_08_20,hybrid,program_6_months,semantic_temporal,missing_evidence,missing_medication_evidence,PASS,PASS,True,jev,0.96,PASS,0.96,DocumentReference/GLP1-023-NUTR-001;DocumentReference/GLP1-023-NUTR-002;DocumentReference/GLP1-023-PCP-001;DocumentReference/GLP1-023-PCP-002;DocumentReference/GLP1-023-PCP-003,DocumentReference/GLP1-023-NUTR-001;DocumentReference/GLP1-023-NUTR-002;DocumentReference/GLP1-023-PCP-001;DocumentReference/GLP1-023-PCP-002;DocumentReference/GLP1-023-PCP-003,True,,206.1,3354.5,0.0,0.000141,False,,,,"Continuous program with diet, activity and follow-up; duration computed from dated events. 2025-12-18 -> 2026-08-18 = 8 whole months (min 6).",
main_hybrid_t0.90,GLP1-023__AETNA_WEGOVY_4774C_2026_08_20,GLP1-023,AETNA_WEGOVY_4774C_2026_08_20,hybrid,bmi_threshold,deterministic,missing_evidence,missing_medication_evidence,PASS,PASS,True,code,1.0,,,,Observation/GLP1-023-BMI-2026-08-18,,,0.0,0.0,0.0,0.0,False,,,,Latest structured BMI 35.1 (2026-08-18).,
main_hybrid_t0.90,GLP1-023__BCBS_FEP_WEGOVY_2026_07_01,GLP1-023,BCBS_FEP_WEGOVY_2026_07_01,hybrid,age,deterministic,missing_evidence,missing_medication_evidence,PASS,PASS,True,code,1.0,,,,Patient/GLP1-023,,,0.0,0.0,0.0,0.0,False,,,,Age 49 on 2026-09-01 (min 18).,
main_hybrid_t0.90,GLP1-023__BCBS_FEP_WEGOVY_2026_07_01,GLP1-023,BCBS_FEP_WEGOVY_2026_07_01,hybrid,indication,deterministic,missing_evidence,missing_medication_evidence,PASS,PASS,True,code,1.0,,,,,,,0.0,0.0,0.0,0.0,False,,,,Initial Wegovy request for chronic weight management.,
main_hybrid_t0.90,GLP1-023__BCBS_FEP_WEGOVY_2026_07_01,GLP1-023,BCBS_FEP_WEGOVY_2026_07_01,hybrid,bmi_threshold,deterministic,missing_evidence,missing_medication_evidence,PASS,PASS,True,code,1.0,,,,Observation/GLP1-023-BMI-2026-08-18,,,0.0,0.0,0.0,0.0,False,,,,Latest structured BMI 35.1 (2026-08-18).,
main_hybrid_t0.90,GLP1-023__BCBS_FEP_WEGOVY_2026_07_01,GLP1-023,BCBS_FEP_WEGOVY_2026_07_01,hybrid,weight_management_program,semantic,missing_evidence,missing_medication_evidence,PASS,PASS,True,jev,0.96,PASS,0.96,DocumentReference/GLP1-023-NUTR-001;DocumentReference/GLP1-023-NUTR-002;DocumentReference/GLP1-023-PCP-001;DocumentReference/GLP1-023-PCP-002;DocumentReference/GLP1-023-PCP-003,DocumentReference/GLP1-023-NUTR-001;DocumentReference/GLP1-023-NUTR-002;DocumentReference/GLP1-023-PCP-001;DocumentReference/GLP1-023-PCP-002;DocumentReference/GLP1-023-PCP-003,True,,315.7,2030.0,0.0,8.5e-05,False,,,,Enrolled in a comprehensive program with dietitian visits and follow-ups.,
main_hybrid_t0.90,GLP1-023__BCBS_FEP_WEGOVY_2026_07_01,GLP1-023,BCBS_FEP_WEGOVY_2026_07_01,hybrid,no_concurrent_glp1,medication_reconciliation,missing_evidence,missing_medication_evidence,INSUFFICIENT,INSUFFICIENT,True,jev,0.95,INSUFFICIENT,0.95,DocumentReference/GLP1-023-MSG-001;DocumentReference/GLP1-023-NUTR-002;DocumentReference/GLP1-023-OSR-001;DocumentReference/GLP1-023-PCP-003,DocumentReference/GLP1-023-MSG-001;DocumentReference/GLP1-023-NUTR-002;DocumentReference/GLP1-023-OSR-001;DocumentReference/GLP1-023-PCP-003,,,315.7,2030.0,0.0,8.5e-05,False,,,,Medication list not reconciled/obtained; concurrent use cannot be confirmed.,
main_hybrid_t0.90,GLP1-023__BCBS_FEP_WEGOVY_2026_07_01,GLP1-023,BCBS_FEP_WEGOVY_2026_07_01,hybrid,no_concurrent_pa_weight_loss_med,medication_reconciliation,missing_evidence,missing_medication_evidence,INSUFFICIENT,INSUFFICIENT,True,jev,0.95,INSUFFICIENT,0.95,DocumentReference/GLP1-023-MSG-001;DocumentReference/GLP1-023-NUTR-002;DocumentReference/GLP1-023-OSR-001;DocumentReference/GLP1-023-PCP-003,DocumentReference/GLP1-023-MSG-001;DocumentReference/GLP1-023-NUTR-002;DocumentReference/GLP1-023-OSR-001;DocumentReference/GLP1-023-PCP-003,,,315.7,2030.0,0.0,8.5e-05,False,,,,Medication list not reconciled/obtained.,
main_hybrid_t0.90,GLP1-023__UHC_WEGOVY_P1114_22_2026_09_01,GLP1-023,UHC_WEGOVY_P1114_22_2026_09_01,hybrid,age,deterministic,missing_evidence,missing_medication_evidence,PASS,PASS,True,code,1.0,,,,Patient/GLP1-023,,,0.0,0.0,0.0,0.0,False,,,,Age 49 on 2026-09-01 (min 12).,
main_hybrid_t0.90,GLP1-023__UHC_WEGOVY_P1114_22_2026_09_01,GLP1-023,UHC_WEGOVY_P1114_22_2026_09_01,hybrid,indication,deterministic,missing_evidence,missing_medication_evidence,PASS,PASS,True,code,1.0,,,,,,,0.0,0.0,0.0,0.0,False,,,,Initial Wegovy request for chronic weight management.,
main_hybrid_t0.90,GLP1-023__UHC_WEGOVY_P1114_22_2026_09_01,GLP1-023,UHC_WEGOVY_P1114_22_2026_09_01,hybrid,lifestyle_adjunct,semantic,missing_evidence,missing_medication_evidence,PASS,PASS,True,jev,0.96,PASS,0.96,DocumentReference/GLP1-023-NUTR-001;DocumentReference/GLP1-023-NUTR-002;DocumentReference/GLP1-023-OSR-001;DocumentReference/GLP1-023-PCP-001;DocumentReference/GLP1-023-PCP-002;DocumentReference/GLP1-023-PCP-003,DocumentReference/GLP1-023-NUTR-001;DocumentReference/GLP1-023-NUTR-002;DocumentReference/GLP1-023-OSR-001;DocumentReference/GLP1-023-PCP-001;DocumentReference/GLP1-023-PCP-002;DocumentReference/GLP1-023-PCP-003,True,,109.4,5302.0,0.0,0.000223,False,,,,Final note documents continued diet and exercise.,
main_hybrid_t0.90,GLP1-023__UHC_WEGOVY_P1114_22_2026_09_01,GLP1-023,UHC_WEGOVY_P1114_22_2026_09_01,hybrid,bmi_threshold,deterministic,missing_evidence,missing_medication_evidence,PASS,PASS,True,code,1.0,,,,Observation/GLP1-023-BMI-2026-08-18,,,0.0,0.0,0.0,0.0,False,,,,Latest structured BMI 35.1 (2026-08-18).,
main_hybrid_t0.90,GLP1-024__AETNA_WEGOVY_4774C_2026_08_20,GLP1-024,AETNA_WEGOVY_4774C_2026_08_20,hybrid,age,deterministic,missing_evidence,unknown_not_negative,PASS,PASS,True,code,1.0,,,,Patient/GLP1-024,,,0.0,0.0,0.0,0.0,False,,,,Age 56 on 2026-09-01 (min 18).,
main_hybrid_t0.90,GLP1-024__AETNA_WEGOVY_4774C_2026_08_20,GLP1-024,AETNA_WEGOVY_4774C_2026_08_20,hybrid,indication,deterministic,missing_evidence,unknown_not_negative,PASS,PASS,True,code,1.0,,,,,,,0.0,0.0,0.0,0.0,False,,,,Initial Wegovy request for chronic weight management.,
main_hybrid_t0.90,GLP1-024__AETNA_WEGOVY_4774C_2026_08_20,GLP1-024,AETNA_WEGOVY_4774C_2026_08_20,hybrid,adjunct_diet_and_activity,semantic,missing_evidence,unknown_not_negative,PASS,PASS,True,jev,0.92,PASS,0.92,DocumentReference/GLP1-024-NUTR-001;DocumentReference/GLP1-024-NUTR-002;DocumentReference/GLP1-024-PCP-001;DocumentReference/GLP1-024-PCP-003,DocumentReference/GLP1-024-NUTR-001;DocumentReference/GLP1-024-NUTR-002;DocumentReference/GLP1-024-PCP-001;DocumentReference/GLP1-024-PCP-003,True,,127.8,3367.5,0.0,0.000141,False,,,,Final note documents continued diet AND exercise.,
main_hybrid_t0.90,GLP1-024__AETNA_WEGOVY_4774C_2026_08_20,GLP1-024,AETNA_WEGOVY_4774C_2026_08_20,hybrid,program_6_months,semantic_temporal,missing_evidence,unknown_not_negative,PASS,PASS,True,jev,0.93,PASS,0.93,DocumentReference/GLP1-024-NUTR-001;DocumentReference/GLP1-024-NUTR-002;DocumentReference/GLP1-024-PCP-001;DocumentReference/GLP1-024-PCP-003,DocumentReference/GLP1-024-NUTR-001;DocumentReference/GLP1-024-NUTR-002;DocumentReference/GLP1-024-PCP-001;DocumentReference/GLP1-024-PCP-003,True,,127.8,3367.5,0.0,0.000141,False,,,,"Continuous program with diet, activity and follow-up; duration computed from dated events. 2025-12-15 -> 2026-08-15 = 8 whole months (min 6).",
main_hybrid_t0.90,GLP1-024__AETNA_WEGOVY_4774C_2026_08_20,GLP1-024,AETNA_WEGOVY_4774C_2026_08_20,hybrid,bmi_threshold,deterministic,missing_evidence,unknown_not_negative,PASS,PASS,True,code,1.0,,,,Condition/GLP1-024-HTN;Observation/GLP1-024-BMI-2026-08-15,,,0.0,0.0,0.0,0.0,False,,,,Latest structured BMI 37.0 (2026-08-15).,
main_hybrid_t0.90,GLP1-024__BCBS_FEP_WEGOVY_2026_07_01,GLP1-024,BCBS_FEP_WEGOVY_2026_07_01,hybrid,age,deterministic,missing_evidence,unknown_not_negative,PASS,PASS,True,code,1.0,,,,Patient/GLP1-024,,,0.0,0.0,0.0,0.0,False,,,,Age 56 on 2026-09-01 (min 18).,
main_hybrid_t0.90,GLP1-024__BCBS_FEP_WEGOVY_2026_07_01,GLP1-024,BCBS_FEP_WEGOVY_2026_07_01,hybrid,indication,deterministic,missing_evidence,unknown_not_negative,PASS,PASS,True,code,1.0,,,,,,,0.0,0.0,0.0,0.0,False,,,,Initial Wegovy request for chronic weight management.,
main_hybrid_t0.90,GLP1-024__BCBS_FEP_WEGOVY_2026_07_01,GLP1-024,BCBS_FEP_WEGOVY_2026_07_01,hybrid,bmi_threshold,deterministic,missing_evidence,unknown_not_negative,PASS,PASS,True,code,1.0,,,,Condition/GLP1-024-HTN;Observation/GLP1-024-BMI-2026-08-15,,,0.0,0.0,0.0,0.0,False,,,,Latest structured BMI 37.0 (2026-08-15).,
main_hybrid_t0.90,GLP1-024__BCBS_FEP_WEGOVY_2026_07_01,GLP1-024,BCBS_FEP_WEGOVY_2026_07_01,hybrid,weight_management_program,semantic,missing_evidence,unknown_not_negative,PASS,PASS,True,jev,0.96,PASS,0.96,DocumentReference/GLP1-024-NUTR-001;DocumentReference/GLP1-024-NUTR-002;DocumentReference/GLP1-024-PCP-001;DocumentReference/GLP1-024-PCP-003,DocumentReference/GLP1-024-NUTR-001;DocumentReference/GLP1-024-NUTR-002;DocumentReference/GLP1-024-PCP-001;DocumentReference/GLP1-024-PCP-003,True,,121.0,1927.0,0.0,8.1e-05,False,,,,Enrolled in a comprehensive program with dietitian visits and follow-ups.,
main_hybrid_t0.90,GLP1-024__BCBS_FEP_WEGOVY_2026_07_01,GLP1-024,BCBS_FEP_WEGOVY_2026_07_01,hybrid,no_concurrent_glp1,medication_reconciliation,missing_evidence,unknown_not_negative,INSUFFICIENT,INSUFFICIENT,True,jev,1.0,INSUFFICIENT,1.0,DocumentReference/GLP1-024-NUTR-002;DocumentReference/GLP1-024-OSR-001;DocumentReference/GLP1-024-PCP-003,DocumentReference/GLP1-024-NUTR-002;DocumentReference/GLP1-024-OSR-001;DocumentReference/GLP1-024-PCP-003;MedicationStatement/GLP1-024-OUTSIDE-GLP1,,,121.0,1927.0,0.0,8.1e-05,False,,,,Outside semaglutide injection with unknown current status (structured status 'unknown'; patient unsure).,
main_hybrid_t0.90,GLP1-024__BCBS_FEP_WEGOVY_2026_07_01,GLP1-024,BCBS_FEP_WEGOVY_2026_07_01,hybrid,no_concurrent_pa_weight_loss_med,medication_reconciliation,missing_evidence,unknown_not_negative,INSUFFICIENT,INSUFFICIENT,True,jev,1.0,INSUFFICIENT,1.0,DocumentReference/GLP1-024-NUTR-002;DocumentReference/GLP1-024-OSR-001;DocumentReference/GLP1-024-PCP-003,DocumentReference/GLP1-024-NUTR-002;DocumentReference/GLP1-024-OSR-001;DocumentReference/GLP1-024-PCP-003;MedicationStatement/GLP1-024-OUTSIDE-GLP1,,,121.0,1927.0,0.0,8.1e-05,False,,,,Unnamed outside weight-loss injection with unknown status.,
main_hybrid_t0.90,GLP1-024__UHC_WEGOVY_P1114_22_2026_09_01,GLP1-024,UHC_WEGOVY_P1114_22_2026_09_01,hybrid,age,deterministic,missing_evidence,unknown_not_negative,PASS,PASS,True,code,1.0,,,,Patient/GLP1-024,,,0.0,0.0,0.0,0.0,False,,,,Age 56 on 2026-09-01 (min 12).,
main_hybrid_t0.90,GLP1-024__UHC_WEGOVY_P1114_22_2026_09_01,GLP1-024,UHC_WEGOVY_P1114_22_2026_09_01,hybrid,indication,deterministic,missing_evidence,unknown_not_negative,PASS,PASS,True,code,1.0,,,,,,,0.0,0.0,0.0,0.0,False,,,,Initial Wegovy request for chronic weight management.,
main_hybrid_t0.90,GLP1-024__UHC_WEGOVY_P1114_22_2026_09_01,GLP1-024,UHC_WEGOVY_P1114_22_2026_09_01,hybrid,lifestyle_adjunct,semantic,missing_evidence,unknown_not_negative,PASS,PASS,True,jev,0.94,PASS,0.94,DocumentReference/GLP1-024-NUTR-001;DocumentReference/GLP1-024-NUTR-002;DocumentReference/GLP1-024-PCP-001;DocumentReference/GLP1-024-PCP-003,DocumentReference/GLP1-024-NUTR-001;DocumentReference/GLP1-024-NUTR-002;DocumentReference/GLP1-024-PCP-001;DocumentReference/GLP1-024-PCP-003,True,,186.5,4520.0,0.0,0.00019,False,,,,Final note documents continued diet and exercise.,
main_hybrid_t0.90,GLP1-024__UHC_WEGOVY_P1114_22_2026_09_01,GLP1-024,UHC_WEGOVY_P1114_22_2026_09_01,hybrid,bmi_threshold,deterministic,missing_evidence,unknown_not_negative,PASS,PASS,True,code,1.0,,,,Condition/GLP1-024-HTN;Observation/GLP1-024-BMI-2026-08-15,,,0.0,0.0,0.0,0.0,False,,,,Latest structured BMI 37.0 (2026-08-15).,
main_hybrid_t0.90,GLP1-025__AETNA_WEGOVY_4774C_2026_08_20,GLP1-025,AETNA_WEGOVY_4774C_2026_08_20,hybrid,age,deterministic,missing_evidence,missing_response,PASS,PASS,True,code,1.0,,,,Patient/GLP1-025,,,0.0,0.0,0.0,0.0,False,,,,Age 28 on 2026-09-01 (min 18).,
main_hybrid_t0.90,GLP1-025__AETNA_WEGOVY_4774C_2026_08_20,GLP1-025,AETNA_WEGOVY_4774C_2026_08_20,hybrid,indication,deterministic,missing_evidence,missing_response,PASS,PASS,True,code,1.0,,,,,,,0.0,0.0,0.0,0.0,False,,,,Initial Wegovy request for chronic weight management.,
main_hybrid_t0.90,GLP1-025__AETNA_WEGOVY_4774C_2026_08_20,GLP1-025,AETNA_WEGOVY_4774C_2026_08_20,hybrid,adjunct_diet_and_activity,semantic,missing_evidence,missing_response,PASS,PASS,True,jev,0.94,PASS,0.94,DocumentReference/GLP1-025-NUTR-001;DocumentReference/GLP1-025-NUTR-002;DocumentReference/GLP1-025-PCP-001;DocumentReference/GLP1-025-PCP-002;DocumentReference/GLP1-025-PCP-003,DocumentReference/GLP1-025-NUTR-001;DocumentReference/GLP1-025-NUTR-002;DocumentReference/GLP1-025-PCP-001;DocumentReference/GLP1-025-PCP-002;DocumentReference/GLP1-025-PCP-003,True,,132.5,3335.5,0.0,0.00014,False,,,,Final note documents continued diet AND exercise.,
main_hybrid_t0.90,GLP1-025__AETNA_WEGOVY_4774C_2026_08_20,GLP1-025,AETNA_WEGOVY_4774C_2026_08_20,hybrid,program_6_months,semantic_temporal,missing_evidence,missing_response,PASS,PASS,True,jev,0.96,PASS,0.96,DocumentReference/GLP1-025-NUTR-001;DocumentReference/GLP1-025-NUTR-002;DocumentReference/GLP1-025-PCP-001;DocumentReference/GLP1-025-PCP-002;DocumentReference/GLP1-025-PCP-003,DocumentReference/GLP1-025-NUTR-001;DocumentReference/GLP1-025-NUTR-002;DocumentReference/GLP1-025-PCP-001;DocumentReference/GLP1-025-PCP-002;DocumentReference/GLP1-025-PCP-003,True,,132.5,3335.5,0.0,0.00014,False,,,,"Continuous program with diet, activity and follow-up; duration computed from dated events. 2025-12-08 -> 2026-08-08 = 8 whole months (min 6).",
main_hybrid_t0.90,GLP1-025__AETNA_WEGOVY_4774C_2026_08_20,GLP1-025,AETNA_WEGOVY_4774C_2026_08_20,hybrid,bmi_threshold,deterministic,missing_evidence,missing_response,PASS,PASS,True,code,1.0,,,,Observation/GLP1-025-BMI-2026-08-08,,,0.0,0.0,0.0,0.0,False,,,,Latest structured BMI 32.6 (2026-08-08).,
main_hybrid_t0.90,GLP1-025__BCBS_FEP_WEGOVY_2026_07_01,GLP1-025,BCBS_FEP_WEGOVY_2026_07_01,hybrid,age,deterministic,missing_evidence,missing_response,PASS,PASS,True,code,1.0,,,,Patient/GLP1-025,,,0.0,0.0,0.0,0.0,False,,,,Age 28 on 2026-09-01 (min 18).,
main_hybrid_t0.90,GLP1-025__BCBS_FEP_WEGOVY_2026_07_01,GLP1-025,BCBS_FEP_WEGOVY_2026_07_01,hybrid,indication,deterministic,missing_evidence,missing_response,PASS,PASS,True,code,1.0,,,,,,,0.0,0.0,0.0,0.0,False,,,,Initial Wegovy request for chronic weight management.,
main_hybrid_t0.90,GLP1-025__BCBS_FEP_WEGOVY_2026_07_01,GLP1-025,BCBS_FEP_WEGOVY_2026_07_01,hybrid,bmi_threshold,deterministic,missing_evidence,missing_response,PASS,PASS,True,code,1.0,,,,Observation/GLP1-025-BMI-2026-08-08,,,0.0,0.0,0.0,0.0,False,,,,Latest structured BMI 32.6 (2026-08-08).,
main_hybrid_t0.90,GLP1-025__BCBS_FEP_WEGOVY_2026_07_01,GLP1-025,BCBS_FEP_WEGOVY_2026_07_01,hybrid,weight_management_program,semantic,missing_evidence,missing_response,PASS,PASS,True,jev,0.96,PASS,0.96,DocumentReference/GLP1-025-NUTR-001;DocumentReference/GLP1-025-NUTR-002;DocumentReference/GLP1-025-PCP-001;DocumentReference/GLP1-025-PCP-002;DocumentReference/GLP1-025-PCP-003,DocumentReference/GLP1-025-NUTR-001;DocumentReference/GLP1-025-NUTR-002;DocumentReference/GLP1-025-PCP-001;DocumentReference/GLP1-025-PCP-002;DocumentReference/GLP1-025-PCP-003,True,,167.9,2028.666667,0.0,8.5e-05,False,,,,Enrolled in a comprehensive program with dietitian visits and follow-ups.,
main_hybrid_t0.90,GLP1-025__BCBS_FEP_WEGOVY_2026_07_01,GLP1-025,BCBS_FEP_WEGOVY_2026_07_01,hybrid,no_concurrent_glp1,medication_reconciliation,missing_evidence,missing_response,PASS,PASS,True,jev,0.95,PASS,0.95,DocumentReference/GLP1-025-NUTR-002;DocumentReference/GLP1-025-PCP-001;DocumentReference/GLP1-025-PCP-003;DocumentReference/GLP1-025-PHARM-001,DocumentReference/GLP1-025-NUTR-002;DocumentReference/GLP1-025-PCP-001;DocumentReference/GLP1-025-PCP-003;DocumentReference/GLP1-025-PHARM-001,,,167.9,2028.666667,0.0,8.5e-05,False,,,,No GLP-1 or anti-obesity medication in structured data or notes.,
main_hybrid_t0.90,GLP1-025__BCBS_FEP_WEGOVY_2026_07_01,GLP1-025,BCBS_FEP_WEGOVY_2026_07_01,hybrid,no_concurrent_pa_weight_loss_med,medication_reconciliation,missing_evidence,missing_response,PASS,PASS,True,jev,0.95,PASS,0.95,DocumentReference/GLP1-025-NUTR-002;DocumentReference/GLP1-025-PCP-001;DocumentReference/GLP1-025-PCP-003;DocumentReference/GLP1-025-PHARM-001,DocumentReference/GLP1-025-NUTR-002;DocumentReference/GLP1-025-PCP-001;DocumentReference/GLP1-025-PCP-003;DocumentReference/GLP1-025-PHARM-001,,,167.9,2028.666667,0.0,8.5e-05,False,,,,No PA weight-loss medication in structured data or notes.,
main_hybrid_t0.90,GLP1-025__UHC_WEGOVY_P1114_22_2026_09_01,GLP1-025,UHC_WEGOVY_P1114_22_2026_09_01,hybrid,age,deterministic,missing_evidence,missing_response,PASS,PASS,True,code,1.0,,,,Patient/GLP1-025,,,0.0,0.0,0.0,0.0,False,,,,Age 28 on 2026-09-01 (min 12).,
main_hybrid_t0.90,GLP1-025__UHC_WEGOVY_P1114_22_2026_09_01,GLP1-025,UHC_WEGOVY_P1114_22_2026_09_01,hybrid,indication,deterministic,missing_evidence,missing_response,PASS,PASS,True,code,1.0,,,,,,,0.0,0.0,0.0,0.0,False,,,,Initial Wegovy request for chronic weight management.,
main_hybrid_t0.90,GLP1-025__UHC_WEGOVY_P1114_22_2026_09_01,GLP1-025,UHC_WEGOVY_P1114_22_2026_09_01,hybrid,lifestyle_adjunct,semantic,missing_evidence,missing_response,PASS,PASS,True,jev,0.96,PASS,0.96,DocumentReference/GLP1-025-NUTR-001;DocumentReference/GLP1-025-NUTR-002;DocumentReference/GLP1-025-PCP-001;DocumentReference/GLP1-025-PCP-002;DocumentReference/GLP1-025-PCP-003,DocumentReference/GLP1-025-NUTR-001;DocumentReference/GLP1-025-NUTR-002;DocumentReference/GLP1-025-PCP-001;DocumentReference/GLP1-025-PCP-002;DocumentReference/GLP1-025-PCP-003,True,,178.3,4456.0,0.0,0.000187,False,,,,Final note documents continued diet and exercise.,
main_hybrid_t0.90,GLP1-025__UHC_WEGOVY_P1114_22_2026_09_01,GLP1-025,UHC_WEGOVY_P1114_22_2026_09_01,hybrid,bmi_threshold,deterministic,missing_evidence,missing_response,PASS,PASS,True,code,1.0,,,,Observation/GLP1-025-BMI-2026-08-08,,,0.0,0.0,0.0,0.0,False,,,,Latest structured BMI 32.6 (2026-08-08).,
main_hybrid_t0.90,GLP1-026__AETNA_WEGOVY_4774C_2026_08_20,GLP1-026,AETNA_WEGOVY_4774C_2026_08_20,hybrid,age,deterministic,ambiguous,duration_ambiguity,PASS,PASS,True,code,1.0,,,,Patient/GLP1-026,,,0.0,0.0,0.0,0.0,False,,,,Age 35 on 2026-09-01 (min 18).,
main_hybrid_t0.90,GLP1-026__AETNA_WEGOVY_4774C_2026_08_20,GLP1-026,AETNA_WEGOVY_4774C_2026_08_20,hybrid,indication,deterministic,ambiguous,duration_ambiguity,PASS,PASS,True,code,1.0,,,,,,,0.0,0.0,0.0,0.0,False,,,,Initial Wegovy request for chronic weight management.,
main_hybrid_t0.90,GLP1-026__AETNA_WEGOVY_4774C_2026_08_20,GLP1-026,AETNA_WEGOVY_4774C_2026_08_20,hybrid,adjunct_diet_and_activity,semantic,ambiguous,duration_ambiguity,PASS,INSUFFICIENT,False,gpt_escalation,0.82,PASS,0.32,DocumentReference/GLP1-026-DERM-001;DocumentReference/GLP1-026-ORTH-001;DocumentReference/GLP1-026-PCP-001;DocumentReference/GLP1-026-PCP-002,DocumentReference/GLP1-026-PCP-002,True,,16424.5,6038.0,447.5,0.008785,True,escalation_broke,TEMPORAL_REASONING,,Diet changes and walking documented at the request.,The recent note documents walking most evenings and a plan to continue diet and walking with Wegovy. It describes cutting back on fast food but does not establish that the diet is reduced-calorie.
main_hybrid_t0.90,GLP1-026__AETNA_WEGOVY_4774C_2026_08_20,GLP1-026,AETNA_WEGOVY_4774C_2026_08_20,hybrid,program_6_months,semantic_temporal,ambiguous,duration_ambiguity,INSUFFICIENT,INSUFFICIENT,True,gpt_escalation,0.98,INSUFFICIENT,0.83,DocumentReference/GLP1-026-DERM-001;DocumentReference/GLP1-026-ORTH-001;DocumentReference/GLP1-026-PCP-001;DocumentReference/GLP1-026-PCP-002,DocumentReference/GLP1-026-PCP-001;DocumentReference/GLP1-026-PCP-002,True,,16424.5,6038.0,447.5,0.008785,True,both_correct,,,No program; duration only 'past several months' (undated).,"The notes document diet and walking efforts in May and August, but neither establishes participation in a comprehensive program with continuing follow-up for a continuous six months. The phrase “past several months” cannot establish the required duration."
main_hybrid_t0.90,GLP1-026__AETNA_WEGOVY_4774C_2026_08_20,GLP1-026,AETNA_WEGOVY_4774C_2026_08_20,hybrid,bmi_threshold,deterministic,ambiguous,duration_ambiguity,PASS,PASS,True,code,1.0,,,,Condition/GLP1-026-HTN;Observation/GLP1-026-BMI-2026-08-13,,,0.0,0.0,0.0,0.0,False,,,,Latest structured BMI 35.7 (2026-08-13).,
main_hybrid_t0.90,GLP1-026__BCBS_FEP_WEGOVY_2026_07_01,GLP1-026,BCBS_FEP_WEGOVY_2026_07_01,hybrid,age,deterministic,ambiguous,duration_ambiguity,PASS,PASS,True,code,1.0,,,,Patient/GLP1-026,,,0.0,0.0,0.0,0.0,False,,,,Age 35 on 2026-09-01 (min 18).,
main_hybrid_t0.90,GLP1-026__BCBS_FEP_WEGOVY_2026_07_01,GLP1-026,BCBS_FEP_WEGOVY_2026_07_01,hybrid,indication,deterministic,ambiguous,duration_ambiguity,PASS,PASS,True,code,1.0,,,,,,,0.0,0.0,0.0,0.0,False,,,,Initial Wegovy request for chronic weight management.,
main_hybrid_t0.90,GLP1-026__BCBS_FEP_WEGOVY_2026_07_01,GLP1-026,BCBS_FEP_WEGOVY_2026_07_01,hybrid,bmi_threshold,deterministic,ambiguous,duration_ambiguity,PASS,PASS,True,code,1.0,,,,Condition/GLP1-026-HTN;Observation/GLP1-026-BMI-2026-08-13,,,0.0,0.0,0.0,0.0,False,,,,Latest structured BMI 35.7 (2026-08-13).,
main_hybrid_t0.90,GLP1-026__BCBS_FEP_WEGOVY_2026_07_01,GLP1-026,BCBS_FEP_WEGOVY_2026_07_01,hybrid,weight_management_program,semantic,ambiguous,duration_ambiguity,INSUFFICIENT,INSUFFICIENT,True,gpt_escalation,0.98,INSUFFICIENT,0.88,DocumentReference/GLP1-026-ORTH-001;DocumentReference/GLP1-026-PCP-001;DocumentReference/GLP1-026-PCP-002,DocumentReference/GLP1-026-PCP-001;DocumentReference/GLP1-026-PCP-002,True,,5609.5,6442.333333,288.0,0.011977,True,both_correct,,,Informal diet/walking efforts; no program documented.,"The notes document changes to food choices and walking, but do not document participation in a comprehensive weight management program. Lack of program documentation is insufficient evidence, not evidence that he declined or never enrolled."
main_hybrid_t0.90,GLP1-026__BCBS_FEP_WEGOVY_2026_07_01,GLP1-026,BCBS_FEP_WEGOVY_2026_07_01,hybrid,no_concurrent_glp1,medication_reconciliation,ambiguous,duration_ambiguity,PASS,PASS,True,jev,1.0,PASS,1.0,DocumentReference/GLP1-026-ORTH-001;DocumentReference/GLP1-026-PCP-001;DocumentReference/GLP1-026-PCP-002;DocumentReference/GLP1-026-PHARM-001,DocumentReference/GLP1-026-ORTH-001;DocumentReference/GLP1-026-PCP-001;DocumentReference/GLP1-026-PCP-002;DocumentReference/GLP1-026-PHARM-001,,,112.7,1934.333333,0.0,8.1e-05,False,,,,No GLP-1 or anti-obesity medication in structured data or notes.,
main_hybrid_t0.90,GLP1-026__BCBS_FEP_WEGOVY_2026_07_01,GLP1-026,BCBS_FEP_WEGOVY_2026_07_01,hybrid,no_concurrent_pa_weight_loss_med,medication_reconciliation,ambiguous,duration_ambiguity,PASS,PASS,True,jev,1.0,PASS,1.0,DocumentReference/GLP1-026-ORTH-001;DocumentReference/GLP1-026-PCP-001;DocumentReference/GLP1-026-PCP-002;DocumentReference/GLP1-026-PHARM-001,DocumentReference/GLP1-026-ORTH-001;DocumentReference/GLP1-026-PCP-001;DocumentReference/GLP1-026-PCP-002;DocumentReference/GLP1-026-PHARM-001,,,112.7,1934.333333,0.0,8.1e-05,False,,,,No PA weight-loss medication in structured data or notes.,
main_hybrid_t0.90,GLP1-026__UHC_WEGOVY_P1114_22_2026_09_01,GLP1-026,UHC_WEGOVY_P1114_22_2026_09_01,hybrid,age,deterministic,ambiguous,duration_ambiguity,PASS,PASS,True,code,1.0,,,,Patient/GLP1-026,,,0.0,0.0,0.0,0.0,False,,,,Age 35 on 2026-09-01 (min 12).,
main_hybrid_t0.90,GLP1-026__UHC_WEGOVY_P1114_22_2026_09_01,GLP1-026,UHC_WEGOVY_P1114_22_2026_09_01,hybrid,indication,deterministic,ambiguous,duration_ambiguity,PASS,PASS,True,code,1.0,,,,,,,0.0,0.0,0.0,0.0,False,,,,Initial Wegovy request for chronic weight management.,
main_hybrid_t0.90,GLP1-026__UHC_WEGOVY_P1114_22_2026_09_01,GLP1-026,UHC_WEGOVY_P1114_22_2026_09_01,hybrid,lifestyle_adjunct,semantic,ambiguous,duration_ambiguity,PASS,PASS,True,jev,1.0,PASS,1.0,DocumentReference/GLP1-026-ORTH-001;DocumentReference/GLP1-026-OSR-001;DocumentReference/GLP1-026-PCP-001;DocumentReference/GLP1-026-PCP-002,DocumentReference/GLP1-026-ORTH-001;DocumentReference/GLP1-026-OSR-001;DocumentReference/GLP1-026-PCP-001;DocumentReference/GLP1-026-PCP-002,True,,142.0,5211.0,0.0,0.000219,False,,,,"Working on diet and exercise, documented at the request.",
main_hybrid_t0.90,GLP1-026__UHC_WEGOVY_P1114_22_2026_09_01,GLP1-026,UHC_WEGOVY_P1114_22_2026_09_01,hybrid,bmi_threshold,deterministic,ambiguous,duration_ambiguity,PASS,PASS,True,code,1.0,,,,Condition/GLP1-026-HTN;Observation/GLP1-026-BMI-2026-08-13,,,0.0,0.0,0.0,0.0,False,,,,Latest structured BMI 35.7 (2026-08-13).,
main_hybrid_t0.90,GLP1-027__AETNA_WEGOVY_4774C_2026_08_20,GLP1-027,AETNA_WEGOVY_4774C_2026_08_20,hybrid,age,deterministic,ambiguous,vague_temporality,PASS,PASS,True,code,1.0,,,,Patient/GLP1-027,,,0.0,0.0,0.0,0.0,False,,,,Age 42 on 2026-09-01 (min 18).,
main_hybrid_t0.90,GLP1-027__AETNA_WEGOVY_4774C_2026_08_20,GLP1-027,AETNA_WEGOVY_4774C_2026_08_20,hybrid,indication,deterministic,ambiguous,vague_temporality,PASS,PASS,True,code,1.0,,,,,,,0.0,0.0,0.0,0.0,False,,,,Initial Wegovy request for chronic weight management.,
main_hybrid_t0.90,GLP1-027__AETNA_WEGOVY_4774C_2026_08_20,GLP1-027,AETNA_WEGOVY_4774C_2026_08_20,hybrid,adjunct_diet_and_activity,semantic,ambiguous,vague_temporality,PASS,INSUFFICIENT,False,jev,0.92,INSUFFICIENT,0.92,DocumentReference/GLP1-027-APE-001;DocumentReference/GLP1-027-GI-001;DocumentReference/GLP1-027-LAB-001;DocumentReference/GLP1-027-PCP-001,DocumentReference/GLP1-027-APE-001;DocumentReference/GLP1-027-GI-001;DocumentReference/GLP1-027-LAB-001;DocumentReference/GLP1-027-PCP-001,True,,130.0,3943.0,0.0,0.000166,False,,TEMPORAL_REASONING,MODEL_OVERCONFIDENCE,Ongoing diet and exercise efforts documented at the request.,
main_hybrid_t0.90,GLP1-027__AETNA_WEGOVY_4774C_2026_08_20,GLP1-027,AETNA_WEGOVY_4774C_2026_08_20,hybrid,program_6_months,semantic_temporal,ambiguous,vague_temporality,INSUFFICIENT,INSUFFICIENT,True,jev,1.0,INSUFFICIENT,1.0,DocumentReference/GLP1-027-APE-001;DocumentReference/GLP1-027-GI-001;DocumentReference/GLP1-027-LAB-003;DocumentReference/GLP1-027-PCP-001,DocumentReference/GLP1-027-APE-001;DocumentReference/GLP1-027-GI-001;DocumentReference/GLP1-027-LAB-003;DocumentReference/GLP1-027-PCP-001,True,,130.0,3943.0,0.0,0.000166,False,,,,No dated program; 'dieted on and off for years' cannot establish a continuous program.,
main_hybrid_t0.90,GLP1-027__AETNA_WEGOVY_4774C_2026_08_20,GLP1-027,AETNA_WEGOVY_4774C_2026_08_20,hybrid,bmi_threshold,deterministic,ambiguous,vague_temporality,PASS,PASS,True,code,1.0,,,,Observation/GLP1-027-BMI-2026-08-10,,,0.0,0.0,0.0,0.0,False,,,,Latest structured BMI 31.9 (2026-08-10).,
main_hybrid_t0.90,GLP1-027__BCBS_FEP_WEGOVY_2026_07_01,GLP1-027,BCBS_FEP_WEGOVY_2026_07_01,hybrid,age,deterministic,ambiguous,vague_temporality,PASS,PASS,True,code,1.0,,,,Patient/GLP1-027,,,0.0,0.0,0.0,0.0,False,,,,Age 42 on 2026-09-01 (min 18).,
main_hybrid_t0.90,GLP1-027__BCBS_FEP_WEGOVY_2026_07_01,GLP1-027,BCBS_FEP_WEGOVY_2026_07_01,hybrid,indication,deterministic,ambiguous,vague_temporality,PASS,PASS,True,code,1.0,,,,,,,0.0,0.0,0.0,0.0,False,,,,Initial Wegovy request for chronic weight management.,
main_hybrid_t0.90,GLP1-027__BCBS_FEP_WEGOVY_2026_07_01,GLP1-027,BCBS_FEP_WEGOVY_2026_07_01,hybrid,bmi_threshold,deterministic,ambiguous,vague_temporality,PASS,PASS,True,code,1.0,,,,Observation/GLP1-027-BMI-2026-08-10,,,0.0,0.0,0.0,0.0,False,,,,Latest structured BMI 31.9 (2026-08-10).,
main_hybrid_t0.90,GLP1-027__BCBS_FEP_WEGOVY_2026_07_01,GLP1-027,BCBS_FEP_WEGOVY_2026_07_01,hybrid,weight_management_program,semantic,ambiguous,vague_temporality,INSUFFICIENT,INSUFFICIENT,True,jev,1.0,INSUFFICIENT,1.0,DocumentReference/GLP1-027-APE-001;DocumentReference/GLP1-027-GI-001;DocumentReference/GLP1-027-LAB-003;DocumentReference/GLP1-027-PCP-001,DocumentReference/GLP1-027-APE-001;DocumentReference/GLP1-027-GI-001;DocumentReference/GLP1-027-LAB-003;DocumentReference/GLP1-027-PCP-001,True,,140.5,1545.666667,0.0,6.5e-05,False,,,,Long-standing informal dieting; no program documented.,
main_hybrid_t0.90,GLP1-027__BCBS_FEP_WEGOVY_2026_07_01,GLP1-027,BCBS_FEP_WEGOVY_2026_07_01,hybrid,no_concurrent_glp1,medication_reconciliation,ambiguous,vague_temporality,PASS,PASS,True,jev,0.97,PASS,0.97,DocumentReference/GLP1-027-PCP-001;DocumentReference/GLP1-027-PHARM-001,DocumentReference/GLP1-027-PCP-001;DocumentReference/GLP1-027-PHARM-001,,,140.5,1545.666667,0.0,6.5e-05,False,,,,No GLP-1 or anti-obesity medication in structured data or notes.,
main_hybrid_t0.90,GLP1-027__BCBS_FEP_WEGOVY_2026_07_01,GLP1-027,BCBS_FEP_WEGOVY_2026_07_01,hybrid,no_concurrent_pa_weight_loss_med,medication_reconciliation,ambiguous,vague_temporality,PASS,PASS,True,jev,0.97,PASS,0.97,DocumentReference/GLP1-027-PCP-001;DocumentReference/GLP1-027-PHARM-001,DocumentReference/GLP1-027-PCP-001;DocumentReference/GLP1-027-PHARM-001,,,140.5,1545.666667,0.0,6.5e-05,False,,,,No PA weight-loss medication in structured data or notes.,
main_hybrid_t0.90,GLP1-027__UHC_WEGOVY_P1114_22_2026_09_01,GLP1-027,UHC_WEGOVY_P1114_22_2026_09_01,hybrid,age,deterministic,ambiguous,vague_temporality,PASS,PASS,True,code,1.0,,,,Patient/GLP1-027,,,0.0,0.0,0.0,0.0,False,,,,Age 42 on 2026-09-01 (min 12).,
main_hybrid_t0.90,GLP1-027__UHC_WEGOVY_P1114_22_2026_09_01,GLP1-027,UHC_WEGOVY_P1114_22_2026_09_01,hybrid,indication,deterministic,ambiguous,vague_temporality,PASS,PASS,True,code,1.0,,,,,,,0.0,0.0,0.0,0.0,False,,,,Initial Wegovy request for chronic weight management.,
main_hybrid_t0.90,GLP1-027__UHC_WEGOVY_P1114_22_2026_09_01,GLP1-027,UHC_WEGOVY_P1114_22_2026_09_01,hybrid,lifestyle_adjunct,semantic,ambiguous,vague_temporality,PASS,PASS,True,gpt_escalation,0.99,PASS,0.24,DocumentReference/GLP1-027-APE-001;DocumentReference/GLP1-027-GI-001;DocumentReference/GLP1-027-OSR-001;DocumentReference/GLP1-027-PCP-001,DocumentReference/GLP1-027-PCP-001,True,,4674.2,8267.0,180.0,0.00959,True,both_correct,,,Ongoing diet efforts and daily dog walking documented at the request.,The August 10 note documents daily dog walking as an ongoing exercise effort and plans to start Wegovy. This is within 180 days of the request and meets the requirement for one ongoing lifestyle modification.
main_hybrid_t0.90,GLP1-027__UHC_WEGOVY_P1114_22_2026_09_01,GLP1-027,UHC_WEGOVY_P1114_22_2026_09_01,hybrid,bmi_threshold,deterministic,ambiguous,vague_temporality,PASS,PASS,True,code,1.0,,,,Observation/GLP1-027-BMI-2026-08-10,,,0.0,0.0,0.0,0.0,False,,,,Latest structured BMI 31.9 (2026-08-10).,
main_hybrid_t0.90,GLP1-028__AETNA_WEGOVY_4774C_2026_08_20,GLP1-028,AETNA_WEGOVY_4774C_2026_08_20,hybrid,age,deterministic,ambiguous,condition_ambiguity,PASS,PASS,True,code,1.0,,,,Patient/GLP1-028,,,0.0,0.0,0.0,0.0,False,,,,Age 49 on 2026-09-01 (min 18).,
main_hybrid_t0.90,GLP1-028__AETNA_WEGOVY_4774C_2026_08_20,GLP1-028,AETNA_WEGOVY_4774C_2026_08_20,hybrid,indication,deterministic,ambiguous,condition_ambiguity,PASS,PASS,True,code,1.0,,,,,,,0.0,0.0,0.0,0.0,False,,,,Initial Wegovy request for chronic weight management.,
main_hybrid_t0.90,GLP1-028__AETNA_WEGOVY_4774C_2026_08_20,GLP1-028,AETNA_WEGOVY_4774C_2026_08_20,hybrid,adjunct_diet_and_activity,semantic,ambiguous,condition_ambiguity,PASS,PASS,True,jev,0.94,PASS,0.94,DocumentReference/GLP1-028-LAB-001;DocumentReference/GLP1-028-NUTR-001;DocumentReference/GLP1-028-NUTR-002;DocumentReference/GLP1-028-PCP-001;DocumentReference/GLP1-028-PCP-003,DocumentReference/GLP1-028-LAB-001;DocumentReference/GLP1-028-NUTR-001;DocumentReference/GLP1-028-NUTR-002;DocumentReference/GLP1-028-PCP-001;DocumentReference/GLP1-028-PCP-003,True,,135.6,2859.666667,0.0,0.00012,False,,,,Final note documents continued diet AND exercise.,
main_hybrid_t0.90,GLP1-028__AETNA_WEGOVY_4774C_2026_08_20,GLP1-028,AETNA_WEGOVY_4774C_2026_08_20,hybrid,program_6_months,semantic_temporal,ambiguous,condition_ambiguity,PASS,PASS,True,jev,1.0,PASS,1.0,DocumentReference/GLP1-028-NUTR-001;DocumentReference/GLP1-028-NUTR-002;DocumentReference/GLP1-028-PCP-001;DocumentReference/GLP1-028-PCP-003,DocumentReference/GLP1-028-NUTR-001;DocumentReference/GLP1-028-NUTR-002;DocumentReference/GLP1-028-PCP-001;DocumentReference/GLP1-028-PCP-003,True,,135.6,2859.666667,0.0,0.00012,False,,,,"Continuous program with diet, activity and follow-up; duration computed from dated events. 2025-12-16 -> 2026-08-16 = 8 whole months (min 6).",
main_hybrid_t0.90,GLP1-028__AETNA_WEGOVY_4774C_2026_08_20,GLP1-028,AETNA_WEGOVY_4774C_2026_08_20,hybrid,bmi_threshold,deterministic,ambiguous,condition_ambiguity,CONFLICT,CONFLICT,True,jev,1.0,CONFLICT,1.0,,DocumentReference/GLP1-028-PCP-001;DocumentReference/GLP1-028-PCP-002;DocumentReference/GLP1-028-PCP-003;DocumentReference/GLP1-028-UC-001;Observation/GLP1-028-BMI-2026-08-16,,,135.6,2859.666667,0.0,0.00012,False,,,,Latest structured BMI 28.8 (2026-08-16). In 27–30 band; comorbidity: CONFLICT — Repeatedly elevated BP without a hypertension diagnosis.,
main_hybrid_t0.90,GLP1-028__BCBS_FEP_WEGOVY_2026_07_01,GLP1-028,BCBS_FEP_WEGOVY_2026_07_01,hybrid,age,deterministic,ambiguous,condition_ambiguity,PASS,PASS,True,code,1.0,,,,Patient/GLP1-028,,,0.0,0.0,0.0,0.0,False,,,,Age 49 on 2026-09-01 (min 18).,
main_hybrid_t0.90,GLP1-028__BCBS_FEP_WEGOVY_2026_07_01,GLP1-028,BCBS_FEP_WEGOVY_2026_07_01,hybrid,indication,deterministic,ambiguous,condition_ambiguity,PASS,PASS,True,code,1.0,,,,,,,0.0,0.0,0.0,0.0,False,,,,Initial Wegovy request for chronic weight management.,
main_hybrid_t0.90,GLP1-028__BCBS_FEP_WEGOVY_2026_07_01,GLP1-028,BCBS_FEP_WEGOVY_2026_07_01,hybrid,bmi_threshold,deterministic,ambiguous,condition_ambiguity,CONFLICT,CONFLICT,True,jev,1.0,CONFLICT,1.0,,DocumentReference/GLP1-028-PCP-001;DocumentReference/GLP1-028-PCP-002;DocumentReference/GLP1-028-PCP-003;DocumentReference/GLP1-028-UC-001;Observation/GLP1-028-BMI-2026-08-16,,,113.8,1564.0,0.0,6.6e-05,False,,,,Latest structured BMI 28.8 (2026-08-16). In 27–30 band; comorbidity: CONFLICT — Repeatedly elevated BP without a hypertension diagnosis.,
main_hybrid_t0.90,GLP1-028__BCBS_FEP_WEGOVY_2026_07_01,GLP1-028,BCBS_FEP_WEGOVY_2026_07_01,hybrid,weight_management_program,semantic,ambiguous,condition_ambiguity,PASS,PASS,True,jev,1.0,PASS,1.0,DocumentReference/GLP1-028-NUTR-001;DocumentReference/GLP1-028-NUTR-002;DocumentReference/GLP1-028-PCP-001;DocumentReference/GLP1-028-PCP-003,DocumentReference/GLP1-028-NUTR-001;DocumentReference/GLP1-028-NUTR-002;DocumentReference/GLP1-028-PCP-001;DocumentReference/GLP1-028-PCP-003,True,,113.8,1564.0,0.0,6.6e-05,False,,,,Enrolled in a comprehensive program with dietitian visits and follow-ups.,
main_hybrid_t0.90,GLP1-028__BCBS_FEP_WEGOVY_2026_07_01,GLP1-028,BCBS_FEP_WEGOVY_2026_07_01,hybrid,no_concurrent_glp1,medication_reconciliation,ambiguous,condition_ambiguity,PASS,PASS,True,jev,1.0,PASS,1.0,DocumentReference/GLP1-028-MSG-001;DocumentReference/GLP1-028-NUTR-002;DocumentReference/GLP1-028-PCP-003,DocumentReference/GLP1-028-MSG-001;DocumentReference/GLP1-028-NUTR-002;DocumentReference/GLP1-028-PCP-003,,,113.8,1564.0,0.0,6.6e-05,False,,,,No GLP-1 or anti-obesity medication in structured data or notes.,
main_hybrid_t0.90,GLP1-028__BCBS_FEP_WEGOVY_2026_07_01,GLP1-028,BCBS_FEP_WEGOVY_2026_07_01,hybrid,no_concurrent_pa_weight_loss_med,medication_reconciliation,ambiguous,condition_ambiguity,PASS,PASS,True,jev,1.0,PASS,1.0,DocumentReference/GLP1-028-MSG-001;DocumentReference/GLP1-028-NUTR-002;DocumentReference/GLP1-028-PCP-003,DocumentReference/GLP1-028-MSG-001;DocumentReference/GLP1-028-NUTR-002;DocumentReference/GLP1-028-PCP-003,,,113.8,1564.0,0.0,6.6e-05,False,,,,No PA weight-loss medication in structured data or notes.,
main_hybrid_t0.90,GLP1-028__UHC_WEGOVY_P1114_22_2026_09_01,GLP1-028,UHC_WEGOVY_P1114_22_2026_09_01,hybrid,age,deterministic,ambiguous,condition_ambiguity,PASS,PASS,True,code,1.0,,,,Patient/GLP1-028,,,0.0,0.0,0.0,0.0,False,,,,Age 49 on 2026-09-01 (min 12).,
main_hybrid_t0.90,GLP1-028__UHC_WEGOVY_P1114_22_2026_09_01,GLP1-028,UHC_WEGOVY_P1114_22_2026_09_01,hybrid,indication,deterministic,ambiguous,condition_ambiguity,PASS,PASS,True,code,1.0,,,,,,,0.0,0.0,0.0,0.0,False,,,,Initial Wegovy request for chronic weight management.,
main_hybrid_t0.90,GLP1-028__UHC_WEGOVY_P1114_22_2026_09_01,GLP1-028,UHC_WEGOVY_P1114_22_2026_09_01,hybrid,lifestyle_adjunct,semantic,ambiguous,condition_ambiguity,PASS,PASS,True,jev,0.96,PASS,0.96,DocumentReference/GLP1-028-NUTR-001;DocumentReference/GLP1-028-NUTR-002;DocumentReference/GLP1-028-PCP-001;DocumentReference/GLP1-028-PCP-003,DocumentReference/GLP1-028-NUTR-001;DocumentReference/GLP1-028-NUTR-002;DocumentReference/GLP1-028-PCP-001;DocumentReference/GLP1-028-PCP-003,True,,124.8,2564.5,0.0,0.000108,False,,,,Final note documents continued diet and exercise.,
main_hybrid_t0.90,GLP1-028__UHC_WEGOVY_P1114_22_2026_09_01,GLP1-028,UHC_WEGOVY_P1114_22_2026_09_01,hybrid,bmi_threshold,deterministic,ambiguous,condition_ambiguity,CONFLICT,CONFLICT,True,jev,1.0,CONFLICT,1.0,,DocumentReference/GLP1-028-PCP-001;DocumentReference/GLP1-028-PCP-002;DocumentReference/GLP1-028-PCP-003;DocumentReference/GLP1-028-UC-001;Observation/GLP1-028-BMI-2026-08-16,,,124.8,2564.5,0.0,0.000108,False,,,,Latest structured BMI 28.8 (2026-08-16). In 27–30 band; comorbidity: CONFLICT — Repeatedly elevated BP without a hypertension diagnosis.,
main_hybrid_t0.90,GLP1-029__AETNA_WEGOVY_4774C_2026_08_20,GLP1-029,AETNA_WEGOVY_4774C_2026_08_20,hybrid,age,deterministic,ambiguous,duration_boundary,PASS,PASS,True,code,1.0,,,,Patient/GLP1-029,,,0.0,0.0,0.0,0.0,False,,,,Age 56 on 2026-09-01 (min 18).,
main_hybrid_t0.90,GLP1-029__AETNA_WEGOVY_4774C_2026_08_20,GLP1-029,AETNA_WEGOVY_4774C_2026_08_20,hybrid,indication,deterministic,ambiguous,duration_boundary,PASS,PASS,True,code,1.0,,,,,,,0.0,0.0,0.0,0.0,False,,,,Initial Wegovy request for chronic weight management.,
main_hybrid_t0.90,GLP1-029__AETNA_WEGOVY_4774C_2026_08_20,GLP1-029,AETNA_WEGOVY_4774C_2026_08_20,hybrid,adjunct_diet_and_activity,semantic,ambiguous,duration_boundary,PASS,PASS,True,jev,0.94,PASS,0.94,DocumentReference/GLP1-029-PCP-001;DocumentReference/GLP1-029-PCP-002;DocumentReference/GLP1-029-PCP-003,DocumentReference/GLP1-029-PCP-001;DocumentReference/GLP1-029-PCP-002;DocumentReference/GLP1-029-PCP-003,True,,141.4,3332.0,0.0,0.00014,False,,,,Final note documents continued diet AND exercise.,
main_hybrid_t0.90,GLP1-029__AETNA_WEGOVY_4774C_2026_08_20,GLP1-029,AETNA_WEGOVY_4774C_2026_08_20,hybrid,program_6_months,semantic_temporal,ambiguous,duration_boundary,PASS,PASS,True,jev,0.96,PASS,0.96,DocumentReference/GLP1-029-PCP-001;DocumentReference/GLP1-029-PCP-002;DocumentReference/GLP1-029-PCP-003,DocumentReference/GLP1-029-PCP-001;DocumentReference/GLP1-029-PCP-002;DocumentReference/GLP1-029-PCP-003,True,,141.4,3332.0,0.0,0.00014,False,,,,"Continuous program with diet, activity and follow-up; duration computed from dated events. 2026-02-18 -> 2026-08-18 = 6 whole months (min 6).",
main_hybrid_t0.90,GLP1-029__AETNA_WEGOVY_4774C_2026_08_20,GLP1-029,AETNA_WEGOVY_4774C_2026_08_20,hybrid,bmi_threshold,deterministic,ambiguous,duration_boundary,PASS,PASS,True,code,1.0,,,,Observation/GLP1-029-BMI-2026-08-18,,,0.0,0.0,0.0,0.0,False,,,,Latest structured BMI 30.0 (2026-08-18).,
main_hybrid_t0.90,GLP1-029__BCBS_FEP_WEGOVY_2026_07_01,GLP1-029,BCBS_FEP_WEGOVY_2026_07_01,hybrid,age,deterministic,ambiguous,duration_boundary,PASS,PASS,True,code,1.0,,,,Patient/GLP1-029,,,0.0,0.0,0.0,0.0,False,,,,Age 56 on 2026-09-01 (min 18).,
main_hybrid_t0.90,GLP1-029__BCBS_FEP_WEGOVY_2026_07_01,GLP1-029,BCBS_FEP_WEGOVY_2026_07_01,hybrid,indication,deterministic,ambiguous,duration_boundary,PASS,PASS,True,code,1.0,,,,,,,0.0,0.0,0.0,0.0,False,,,,Initial Wegovy request for chronic weight management.,
main_hybrid_t0.90,GLP1-029__BCBS_FEP_WEGOVY_2026_07_01,GLP1-029,BCBS_FEP_WEGOVY_2026_07_01,hybrid,bmi_threshold,deterministic,ambiguous,duration_boundary,PASS,PASS,True,code,1.0,,,,Observation/GLP1-029-BMI-2026-08-18,,,0.0,0.0,0.0,0.0,False,,,,Latest structured BMI 30.0 (2026-08-18).,
main_hybrid_t0.90,GLP1-029__BCBS_FEP_WEGOVY_2026_07_01,GLP1-029,BCBS_FEP_WEGOVY_2026_07_01,hybrid,weight_management_program,semantic,ambiguous,duration_boundary,PASS,PASS,True,jev,0.96,PASS,0.96,DocumentReference/GLP1-029-PCP-001;DocumentReference/GLP1-029-PCP-002;DocumentReference/GLP1-029-PCP-003,DocumentReference/GLP1-029-PCP-001;DocumentReference/GLP1-029-PCP-002;DocumentReference/GLP1-029-PCP-003,True,,141.0,1385.666667,0.0,5.8e-05,False,,,,Enrolled in a comprehensive program with dietitian visits and follow-ups.,
main_hybrid_t0.90,GLP1-029__BCBS_FEP_WEGOVY_2026_07_01,GLP1-029,BCBS_FEP_WEGOVY_2026_07_01,hybrid,no_concurrent_glp1,medication_reconciliation,ambiguous,duration_boundary,PASS,PASS,True,jev,0.98,PASS,0.98,DocumentReference/GLP1-029-MSG-001;DocumentReference/GLP1-029-PCP-003;DocumentReference/GLP1-029-PHARM-001,DocumentReference/GLP1-029-MSG-001;DocumentReference/GLP1-029-PCP-003;DocumentReference/GLP1-029-PHARM-001,,,141.0,1385.666667,0.0,5.8e-05,False,,,,No GLP-1 or anti-obesity medication in structured data or notes.,
main_hybrid_t0.90,GLP1-029__BCBS_FEP_WEGOVY_2026_07_01,GLP1-029,BCBS_FEP_WEGOVY_2026_07_01,hybrid,no_concurrent_pa_weight_loss_med,medication_reconciliation,ambiguous,duration_boundary,PASS,PASS,True,jev,0.98,PASS,0.98,DocumentReference/GLP1-029-MSG-001;DocumentReference/GLP1-029-PCP-003;DocumentReference/GLP1-029-PHARM-001,DocumentReference/GLP1-029-MSG-001;DocumentReference/GLP1-029-PCP-003;DocumentReference/GLP1-029-PHARM-001,,,141.0,1385.666667,0.0,5.8e-05,False,,,,No PA weight-loss medication in structured data or notes.,
main_hybrid_t0.90,GLP1-029__UHC_WEGOVY_P1114_22_2026_09_01,GLP1-029,UHC_WEGOVY_P1114_22_2026_09_01,hybrid,age,deterministic,ambiguous,duration_boundary,PASS,PASS,True,code,1.0,,,,Patient/GLP1-029,,,0.0,0.0,0.0,0.0,False,,,,Age 56 on 2026-09-01 (min 12).,
main_hybrid_t0.90,GLP1-029__UHC_WEGOVY_P1114_22_2026_09_01,GLP1-029,UHC_WEGOVY_P1114_22_2026_09_01,hybrid,indication,deterministic,ambiguous,duration_boundary,PASS,PASS,True,code,1.0,,,,,,,0.0,0.0,0.0,0.0,False,,,,Initial Wegovy request for chronic weight management.,
main_hybrid_t0.90,GLP1-029__UHC_WEGOVY_P1114_22_2026_09_01,GLP1-029,UHC_WEGOVY_P1114_22_2026_09_01,hybrid,lifestyle_adjunct,semantic,ambiguous,duration_boundary,PASS,PASS,True,jev,0.96,PASS,0.96,DocumentReference/GLP1-029-PCP-001;DocumentReference/GLP1-029-PCP-002;DocumentReference/GLP1-029-PCP-003,DocumentReference/GLP1-029-PCP-001;DocumentReference/GLP1-029-PCP-002;DocumentReference/GLP1-029-PCP-003,True,,208.7,3651.0,0.0,0.000153,False,,,,Final note documents continued diet and exercise.,
main_hybrid_t0.90,GLP1-029__UHC_WEGOVY_P1114_22_2026_09_01,GLP1-029,UHC_WEGOVY_P1114_22_2026_09_01,hybrid,bmi_threshold,deterministic,ambiguous,duration_boundary,PASS,PASS,True,code,1.0,,,,Observation/GLP1-029-BMI-2026-08-18,,,0.0,0.0,0.0,0.0,False,,,,Latest structured BMI 30.0 (2026-08-18).,
main_hybrid_t0.90,GLP1-030__AETNA_WEGOVY_4774C_2026_08_20,GLP1-030,AETNA_WEGOVY_4774C_2026_08_20,hybrid,age,deterministic,ambiguous,numeric_boundary,PASS,PASS,True,code,1.0,,,,Patient/GLP1-030,,,0.0,0.0,0.0,0.0,False,,,,Age 28 on 2026-09-01 (min 18).,
main_hybrid_t0.90,GLP1-030__AETNA_WEGOVY_4774C_2026_08_20,GLP1-030,AETNA_WEGOVY_4774C_2026_08_20,hybrid,indication,deterministic,ambiguous,numeric_boundary,PASS,PASS,True,code,1.0,,,,,,,0.0,0.0,0.0,0.0,False,,,,Initial Wegovy request for chronic weight management.,
main_hybrid_t0.90,GLP1-030__AETNA_WEGOVY_4774C_2026_08_20,GLP1-030,AETNA_WEGOVY_4774C_2026_08_20,hybrid,adjunct_diet_and_activity,semantic,ambiguous,numeric_boundary,PASS,PASS,True,jev,0.92,PASS,0.92,DocumentReference/GLP1-030-NUTR-001;DocumentReference/GLP1-030-NUTR-002;DocumentReference/GLP1-030-PCP-001;DocumentReference/GLP1-030-PCP-002;DocumentReference/GLP1-030-PCP-003;DocumentReference/GLP1-030-PT-001,DocumentReference/GLP1-030-NUTR-001;DocumentReference/GLP1-030-NUTR-002;DocumentReference/GLP1-030-PCP-001;DocumentReference/GLP1-030-PCP-002;DocumentReference/GLP1-030-PCP-003;DocumentReference/GLP1-030-PT-001,True,,215.7,2733.333333,0.0,0.000115,False,,,,Final note documents continued diet AND exercise.,
main_hybrid_t0.90,GLP1-030__AETNA_WEGOVY_4774C_2026_08_20,GLP1-030,AETNA_WEGOVY_4774C_2026_08_20,hybrid,program_6_months,semantic_temporal,ambiguous,numeric_boundary,PASS,PASS,True,jev,0.96,PASS,0.96,DocumentReference/GLP1-030-NUTR-001;DocumentReference/GLP1-030-NUTR-002;DocumentReference/GLP1-030-PCP-001;DocumentReference/GLP1-030-PCP-002;DocumentReference/GLP1-030-PCP-003;DocumentReference/GLP1-030-PT-001,DocumentReference/GLP1-030-NUTR-001;DocumentReference/GLP1-030-NUTR-002;DocumentReference/GLP1-030-PCP-001;DocumentReference/GLP1-030-PCP-002;DocumentReference/GLP1-030-PCP-003;DocumentReference/GLP1-030-PT-001,True,,215.7,2733.333333,0.0,0.000115,False,,,,"Continuous program with diet, activity and follow-up; duration computed from dated events. 2025-12-05 -> 2026-08-05 = 8 whole months (min 6).",
main_hybrid_t0.90,GLP1-030__AETNA_WEGOVY_4774C_2026_08_20,GLP1-030,AETNA_WEGOVY_4774C_2026_08_20,hybrid,bmi_threshold,deterministic,ambiguous,numeric_boundary,FAIL,INSUFFICIENT,False,gpt_escalation,0.96,FAIL,0.61,,Observation/GLP1-030-BMI-2026-08-05;DocumentReference/GLP1-030-PCP-003,,,9073.8,6522.333333,496.0,0.012653,True,escalation_broke,MISSING_NOT_NEGATIVE,MODEL_OVERCONFIDENCE,Latest structured BMI 29.95 (2026-08-05). In 27–30 band; comorbidity: FAIL — No weight-related comorbidity.,"The latest structured BMI is 29.95, below 30 but at least 27. No weight-related comorbid condition is documented to establish eligibility under the BMI ≥27 pathway."
main_hybrid_t0.90,GLP1-030__BCBS_FEP_WEGOVY_2026_07_01,GLP1-030,BCBS_FEP_WEGOVY_2026_07_01,hybrid,age,deterministic,ambiguous,numeric_boundary,PASS,PASS,True,code,1.0,,,,Patient/GLP1-030,,,0.0,0.0,0.0,0.0,False,,,,Age 28 on 2026-09-01 (min 18).,
main_hybrid_t0.90,GLP1-030__BCBS_FEP_WEGOVY_2026_07_01,GLP1-030,BCBS_FEP_WEGOVY_2026_07_01,hybrid,indication,deterministic,ambiguous,numeric_boundary,PASS,PASS,True,code,1.0,,,,,,,0.0,0.0,0.0,0.0,False,,,,Initial Wegovy request for chronic weight management.,
main_hybrid_t0.90,GLP1-030__BCBS_FEP_WEGOVY_2026_07_01,GLP1-030,BCBS_FEP_WEGOVY_2026_07_01,hybrid,bmi_threshold,deterministic,ambiguous,numeric_boundary,FAIL,INSUFFICIENT,False,gpt_escalation,0.97,FAIL,0.69,,Observation/GLP1-030-BMI-2026-08-05;DocumentReference/GLP1-030-PCP-003;Condition/GLP1-030-OVERWT,,,7770.7,5787.25,476.0,0.013411,True,escalation_broke,MISSING_NOT_NEGATIVE,MODEL_OVERCONFIDENCE,Latest structured BMI 29.95 (2026-08-05). In 27–30 band; comorbidity: FAIL — No weight-related comorbidity.,"The latest structured BMI is 29.95, below the standalone threshold of 30. At this BMI, qualifying cardiovascular disease or a weight-related comorbid condition is required, but neither is documented in the provided evidence."
main_hybrid_t0.90,GLP1-030__BCBS_FEP_WEGOVY_2026_07_01,GLP1-030,BCBS_FEP_WEGOVY_2026_07_01,hybrid,weight_management_program,semantic,ambiguous,numeric_boundary,PASS,PASS,True,jev,0.96,PASS,0.96,DocumentReference/GLP1-030-NUTR-001;DocumentReference/GLP1-030-NUTR-002;DocumentReference/GLP1-030-PCP-001;DocumentReference/GLP1-030-PCP-003;DocumentReference/GLP1-030-PT-001,DocumentReference/GLP1-030-NUTR-001;DocumentReference/GLP1-030-NUTR-002;DocumentReference/GLP1-030-PCP-001;DocumentReference/GLP1-030-PCP-003;DocumentReference/GLP1-030-PT-001,True,,305.9,1493.25,0.0,6.3e-05,False,,,,Enrolled in a comprehensive program with dietitian visits and follow-ups.,
main_hybrid_t0.90,GLP1-030__BCBS_FEP_WEGOVY_2026_07_01,GLP1-030,BCBS_FEP_WEGOVY_2026_07_01,hybrid,no_concurrent_glp1,medication_reconciliation,ambiguous,numeric_boundary,PASS,PASS,True,jev,1.0,PASS,1.0,DocumentReference/GLP1-030-NUTR-002;DocumentReference/GLP1-030-PCP-001;DocumentReference/GLP1-030-PCP-003,DocumentReference/GLP1-030-NUTR-002;DocumentReference/GLP1-030-PCP-001;DocumentReference/GLP1-030-PCP-003,,,305.9,1493.25,0.0,6.3e-05,False,,,,No GLP-1 or anti-obesity medication in structured data or notes.,
main_hybrid_t0.90,GLP1-030__BCBS_FEP_WEGOVY_2026_07_01,GLP1-030,BCBS_FEP_WEGOVY_2026_07_01,hybrid,no_concurrent_pa_weight_loss_med,medication_reconciliation,ambiguous,numeric_boundary,PASS,PASS,True,jev,1.0,PASS,1.0,DocumentReference/GLP1-030-NUTR-002;DocumentReference/GLP1-030-PCP-001;DocumentReference/GLP1-030-PCP-003,DocumentReference/GLP1-030-NUTR-002;DocumentReference/GLP1-030-PCP-001;DocumentReference/GLP1-030-PCP-003,,,305.9,1493.25,0.0,6.3e-05,False,,,,No PA weight-loss medication in structured data or notes.,
main_hybrid_t0.90,GLP1-030__UHC_WEGOVY_P1114_22_2026_09_01,GLP1-030,UHC_WEGOVY_P1114_22_2026_09_01,hybrid,age,deterministic,ambiguous,numeric_boundary,PASS,PASS,True,code,1.0,,,,Patient/GLP1-030,,,0.0,0.0,0.0,0.0,False,,,,Age 28 on 2026-09-01 (min 12).,
main_hybrid_t0.90,GLP1-030__UHC_WEGOVY_P1114_22_2026_09_01,GLP1-030,UHC_WEGOVY_P1114_22_2026_09_01,hybrid,indication,deterministic,ambiguous,numeric_boundary,PASS,PASS,True,code,1.0,,,,,,,0.0,0.0,0.0,0.0,False,,,,Initial Wegovy request for chronic weight management.,
main_hybrid_t0.90,GLP1-030__UHC_WEGOVY_P1114_22_2026_09_01,GLP1-030,UHC_WEGOVY_P1114_22_2026_09_01,hybrid,lifestyle_adjunct,semantic,ambiguous,numeric_boundary,PASS,PASS,True,jev,0.94,PASS,0.94,DocumentReference/GLP1-030-NUTR-001;DocumentReference/GLP1-030-NUTR-002;DocumentReference/GLP1-030-PCP-001;DocumentReference/GLP1-030-PCP-002;DocumentReference/GLP1-030-PCP-003;DocumentReference/GLP1-030-PT-001,DocumentReference/GLP1-030-NUTR-001;DocumentReference/GLP1-030-NUTR-002;DocumentReference/GLP1-030-PCP-001;DocumentReference/GLP1-030-PCP-002;DocumentReference/GLP1-030-PCP-003;DocumentReference/GLP1-030-PT-001,True,,127.9,2771.0,0.0,0.000116,False,,,,Final note documents continued diet and exercise.,
main_hybrid_t0.90,GLP1-030__UHC_WEGOVY_P1114_22_2026_09_01,GLP1-030,UHC_WEGOVY_P1114_22_2026_09_01,hybrid,bmi_threshold,deterministic,ambiguous,numeric_boundary,FAIL,INSUFFICIENT,False,gpt_escalation,0.96,FAIL,0.63,,Observation/GLP1-030-BMI-2026-08-05;DocumentReference/GLP1-030-PCP-003;Condition/GLP1-030-OVERWT,,,7951.1,6216.0,459.0,0.011596,True,escalation_broke,MISSING_NOT_NEGATIVE,MODEL_OVERCONFIDENCE,Latest structured BMI 29.95 (2026-08-05). In 27–30 band; comorbidity: FAIL — No weight-related comorbidity.,"The latest structured BMI is 29.95, below the BMI ≥30 pathway. It qualifies for the BMI ≥27 pathway only with a documented weight-related comorbidity, which the provided evidence does not establish."
main_hybrid_t0.90,GLP1-031__AETNA_WEGOVY_4774C_2026_08_20,GLP1-031,AETNA_WEGOVY_4774C_2026_08_20,hybrid,age,deterministic,ambiguous,infer_duration_from_dates,PASS,PASS,True,code,1.0,,,,Patient/GLP1-031,,,0.0,0.0,0.0,0.0,False,,,,Age 35 on 2026-09-01 (min 18).,
main_hybrid_t0.90,GLP1-031__AETNA_WEGOVY_4774C_2026_08_20,GLP1-031,AETNA_WEGOVY_4774C_2026_08_20,hybrid,indication,deterministic,ambiguous,infer_duration_from_dates,PASS,PASS,True,code,1.0,,,,,,,0.0,0.0,0.0,0.0,False,,,,Initial Wegovy request for chronic weight management.,
main_hybrid_t0.90,GLP1-031__AETNA_WEGOVY_4774C_2026_08_20,GLP1-031,AETNA_WEGOVY_4774C_2026_08_20,hybrid,adjunct_diet_and_activity,semantic,ambiguous,infer_duration_from_dates,PASS,PASS,True,jev,0.94,PASS,0.94,DocumentReference/GLP1-031-PCP-001;DocumentReference/GLP1-031-PCP-002;DocumentReference/GLP1-031-PT-001,DocumentReference/GLP1-031-PCP-001;DocumentReference/GLP1-031-PCP-002;DocumentReference/GLP1-031-PT-001,True,,141.1,3359.0,0.0,0.000141,False,,,,Final note documents continued diet AND exercise.,
main_hybrid_t0.90,GLP1-031__AETNA_WEGOVY_4774C_2026_08_20,GLP1-031,AETNA_WEGOVY_4774C_2026_08_20,hybrid,program_6_months,semantic_temporal,ambiguous,infer_duration_from_dates,PASS,PASS,True,jev,1.0,PASS,1.0,DocumentReference/GLP1-031-PCP-001;DocumentReference/GLP1-031-PCP-002;DocumentReference/GLP1-031-PT-001,DocumentReference/GLP1-031-PCP-001;DocumentReference/GLP1-031-PCP-002;DocumentReference/GLP1-031-PT-001,True,,141.1,3359.0,0.0,0.000141,False,,,,Start 01/20 and continuation 07/28 (no interruption documented); duration computed. 2026-01-20 -> 2026-07-28 = 6 whole months (min 6).,
main_hybrid_t0.90,GLP1-031__AETNA_WEGOVY_4774C_2026_08_20,GLP1-031,AETNA_WEGOVY_4774C_2026_08_20,hybrid,bmi_threshold,deterministic,ambiguous,infer_duration_from_dates,PASS,PASS,True,code,1.0,,,,Observation/GLP1-031-BMI-2026-07-28,,,0.0,0.0,0.0,0.0,False,,,,Latest structured BMI 33.8 (2026-07-28).,
main_hybrid_t0.90,GLP1-031__BCBS_FEP_WEGOVY_2026_07_01,GLP1-031,BCBS_FEP_WEGOVY_2026_07_01,hybrid,age,deterministic,ambiguous,infer_duration_from_dates,PASS,PASS,True,code,1.0,,,,Patient/GLP1-031,,,0.0,0.0,0.0,0.0,False,,,,Age 35 on 2026-09-01 (min 18).,
main_hybrid_t0.90,GLP1-031__BCBS_FEP_WEGOVY_2026_07_01,GLP1-031,BCBS_FEP_WEGOVY_2026_07_01,hybrid,indication,deterministic,ambiguous,infer_duration_from_dates,PASS,PASS,True,code,1.0,,,,,,,0.0,0.0,0.0,0.0,False,,,,Initial Wegovy request for chronic weight management.,
main_hybrid_t0.90,GLP1-031__BCBS_FEP_WEGOVY_2026_07_01,GLP1-031,BCBS_FEP_WEGOVY_2026_07_01,hybrid,bmi_threshold,deterministic,ambiguous,infer_duration_from_dates,PASS,PASS,True,code,1.0,,,,Observation/GLP1-031-BMI-2026-07-28,,,0.0,0.0,0.0,0.0,False,,,,Latest structured BMI 33.8 (2026-07-28).,
main_hybrid_t0.90,GLP1-031__BCBS_FEP_WEGOVY_2026_07_01,GLP1-031,BCBS_FEP_WEGOVY_2026_07_01,hybrid,weight_management_program,semantic,ambiguous,infer_duration_from_dates,PASS,PASS,True,jev,1.0,PASS,1.0,DocumentReference/GLP1-031-PCP-001;DocumentReference/GLP1-031-PCP-002;DocumentReference/GLP1-031-PT-001,DocumentReference/GLP1-031-PCP-001;DocumentReference/GLP1-031-PCP-002;DocumentReference/GLP1-031-PT-001,True,,167.0,1919.666667,0.0,8.1e-05,False,,,,Enrolled in a comprehensive program with dietitian visits and follow-ups.,
main_hybrid_t0.90,GLP1-031__BCBS_FEP_WEGOVY_2026_07_01,GLP1-031,BCBS_FEP_WEGOVY_2026_07_01,hybrid,no_concurrent_glp1,medication_reconciliation,ambiguous,infer_duration_from_dates,PASS,PASS,True,jev,0.95,PASS,0.95,DocumentReference/GLP1-031-APE-001;DocumentReference/GLP1-031-PCP-002;DocumentReference/GLP1-031-PHARM-001,DocumentReference/GLP1-031-APE-001;DocumentReference/GLP1-031-PCP-002;DocumentReference/GLP1-031-PHARM-001,,,167.0,1919.666667,0.0,8.1e-05,False,,,,No GLP-1 or anti-obesity medication in structured data or notes.,
main_hybrid_t0.90,GLP1-031__BCBS_FEP_WEGOVY_2026_07_01,GLP1-031,BCBS_FEP_WEGOVY_2026_07_01,hybrid,no_concurrent_pa_weight_loss_med,medication_reconciliation,ambiguous,infer_duration_from_dates,PASS,PASS,True,jev,0.95,PASS,0.95,DocumentReference/GLP1-031-APE-001;DocumentReference/GLP1-031-PCP-002;DocumentReference/GLP1-031-PHARM-001,DocumentReference/GLP1-031-APE-001;DocumentReference/GLP1-031-PCP-002;DocumentReference/GLP1-031-PHARM-001,,,167.0,1919.666667,0.0,8.1e-05,False,,,,No PA weight-loss medication in structured data or notes.,
main_hybrid_t0.90,GLP1-031__UHC_WEGOVY_P1114_22_2026_09_01,GLP1-031,UHC_WEGOVY_P1114_22_2026_09_01,hybrid,age,deterministic,ambiguous,infer_duration_from_dates,PASS,PASS,True,code,1.0,,,,Patient/GLP1-031,,,0.0,0.0,0.0,0.0,False,,,,Age 35 on 2026-09-01 (min 12).,
main_hybrid_t0.90,GLP1-031__UHC_WEGOVY_P1114_22_2026_09_01,GLP1-031,UHC_WEGOVY_P1114_22_2026_09_01,hybrid,indication,deterministic,ambiguous,infer_duration_from_dates,PASS,PASS,True,code,1.0,,,,,,,0.0,0.0,0.0,0.0,False,,,,Initial Wegovy request for chronic weight management.,
main_hybrid_t0.90,GLP1-031__UHC_WEGOVY_P1114_22_2026_09_01,GLP1-031,UHC_WEGOVY_P1114_22_2026_09_01,hybrid,lifestyle_adjunct,semantic,ambiguous,infer_duration_from_dates,PASS,PASS,True,jev,0.92,PASS,0.92,DocumentReference/GLP1-031-PCP-001;DocumentReference/GLP1-031-PCP-002;DocumentReference/GLP1-031-PT-001,DocumentReference/GLP1-031-PCP-001;DocumentReference/GLP1-031-PCP-002;DocumentReference/GLP1-031-PT-001,True,,157.7,4503.0,0.0,0.000189,False,,,,Final note documents continued diet and exercise.,
main_hybrid_t0.90,GLP1-031__UHC_WEGOVY_P1114_22_2026_09_01,GLP1-031,UHC_WEGOVY_P1114_22_2026_09_01,hybrid,bmi_threshold,deterministic,ambiguous,infer_duration_from_dates,PASS,PASS,True,code,1.0,,,,Observation/GLP1-031-BMI-2026-07-28,,,0.0,0.0,0.0,0.0,False,,,,Latest structured BMI 33.8 (2026-07-28).,
main_hybrid_t0.90,GLP1-032__AETNA_WEGOVY_4774C_2026_08_20,GLP1-032,AETNA_WEGOVY_4774C_2026_08_20,hybrid,age,deterministic,ambiguous,evidence_aggregation,PASS,PASS,True,code,1.0,,,,Patient/GLP1-032,,,0.0,0.0,0.0,0.0,False,,,,Age 42 on 2026-09-01 (min 18).,
main_hybrid_t0.90,GLP1-032__AETNA_WEGOVY_4774C_2026_08_20,GLP1-032,AETNA_WEGOVY_4774C_2026_08_20,hybrid,indication,deterministic,ambiguous,evidence_aggregation,PASS,PASS,True,code,1.0,,,,,,,0.0,0.0,0.0,0.0,False,,,,Initial Wegovy request for chronic weight management.,
main_hybrid_t0.90,GLP1-032__AETNA_WEGOVY_4774C_2026_08_20,GLP1-032,AETNA_WEGOVY_4774C_2026_08_20,hybrid,adjunct_diet_and_activity,semantic,ambiguous,evidence_aggregation,PASS,PASS,True,jev,1.0,PASS,1.0,DocumentReference/GLP1-032-MSG-001;DocumentReference/GLP1-032-NUTR-001;DocumentReference/GLP1-032-ORTH-001;DocumentReference/GLP1-032-PCP-001;DocumentReference/GLP1-032-PCP-002;DocumentReference/GLP1-032-TEL-003,DocumentReference/GLP1-032-MSG-001;DocumentReference/GLP1-032-NUTR-001;DocumentReference/GLP1-032-ORTH-001;DocumentReference/GLP1-032-PCP-001;DocumentReference/GLP1-032-PCP-002;DocumentReference/GLP1-032-TEL-003,True,,193.4,3956.0,0.0,0.000166,False,,,,RN check-in 06/14 documents ongoing meal plan and exercise.,
main_hybrid_t0.90,GLP1-032__AETNA_WEGOVY_4774C_2026_08_20,GLP1-032,AETNA_WEGOVY_4774C_2026_08_20,hybrid,program_6_months,semantic_temporal,ambiguous,evidence_aggregation,PASS,INSUFFICIENT,False,gpt_escalation,0.91,PASS,0.7,DocumentReference/GLP1-032-MSG-001;DocumentReference/GLP1-032-NUTR-001;DocumentReference/GLP1-032-ORTH-001;DocumentReference/GLP1-032-PCP-001;DocumentReference/GLP1-032-PCP-002;DocumentReference/GLP1-032-TEL-003,DocumentReference/GLP1-032-PCP-001;DocumentReference/GLP1-032-NUTR-001;DocumentReference/GLP1-032-MSG-001;DocumentReference/GLP1-032-TEL-003;DocumentReference/GLP1-032-PCP-002,True,,9956.0,8399.0,517.0,0.014222,True,escalation_broke,TEMPORAL_REASONING,MODEL_OVERCONFIDENCE,"Referral, dietitian plan, exercise update and RN follow-up across notes; duration computed. 2025-12-14 -> 2026-06-14 = 6 whole months (min 6).","The December note documents a referral, not program participation. Documented participation runs from the January 2 dietitian visit through the June 14 check-in—less than six whole calendar months; the August weight follow-up does not document continued participation in the diet-and-activity program."
main_hybrid_t0.90,GLP1-032__AETNA_WEGOVY_4774C_2026_08_20,GLP1-032,AETNA_WEGOVY_4774C_2026_08_20,hybrid,bmi_threshold,deterministic,ambiguous,evidence_aggregation,PASS,PASS,True,code,1.0,,,,Condition/GLP1-032-HTN;Observation/GLP1-032-BMI-2026-08-14,,,0.0,0.0,0.0,0.0,False,,,,Latest structured BMI 34.6 (2026-08-14).,
main_hybrid_t0.90,GLP1-032__BCBS_FEP_WEGOVY_2026_07_01,GLP1-032,BCBS_FEP_WEGOVY_2026_07_01,hybrid,age,deterministic,ambiguous,evidence_aggregation,PASS,PASS,True,code,1.0,,,,Patient/GLP1-032,,,0.0,0.0,0.0,0.0,False,,,,Age 42 on 2026-09-01 (min 18).,
main_hybrid_t0.90,GLP1-032__BCBS_FEP_WEGOVY_2026_07_01,GLP1-032,BCBS_FEP_WEGOVY_2026_07_01,hybrid,indication,deterministic,ambiguous,evidence_aggregation,PASS,PASS,True,code,1.0,,,,,,,0.0,0.0,0.0,0.0,False,,,,Initial Wegovy request for chronic weight management.,
main_hybrid_t0.90,GLP1-032__BCBS_FEP_WEGOVY_2026_07_01,GLP1-032,BCBS_FEP_WEGOVY_2026_07_01,hybrid,bmi_threshold,deterministic,ambiguous,evidence_aggregation,PASS,PASS,True,code,1.0,,,,Condition/GLP1-032-HTN;Observation/GLP1-032-BMI-2026-08-14,,,0.0,0.0,0.0,0.0,False,,,,Latest structured BMI 34.6 (2026-08-14).,
main_hybrid_t0.90,GLP1-032__BCBS_FEP_WEGOVY_2026_07_01,GLP1-032,BCBS_FEP_WEGOVY_2026_07_01,hybrid,weight_management_program,semantic,ambiguous,evidence_aggregation,PASS,PASS,True,jev,1.0,PASS,1.0,DocumentReference/GLP1-032-MSG-001;DocumentReference/GLP1-032-NUTR-001;DocumentReference/GLP1-032-ORTH-001;DocumentReference/GLP1-032-PCP-001;DocumentReference/GLP1-032-TEL-003,DocumentReference/GLP1-032-MSG-001;DocumentReference/GLP1-032-NUTR-001;DocumentReference/GLP1-032-ORTH-001;DocumentReference/GLP1-032-PCP-001;DocumentReference/GLP1-032-TEL-003,True,,140.7,1910.333333,0.0,8e-05,False,,,,Enrolled in a comprehensive program with dietitian visits and follow-ups.,
main_hybrid_t0.90,GLP1-032__BCBS_FEP_WEGOVY_2026_07_01,GLP1-032,BCBS_FEP_WEGOVY_2026_07_01,hybrid,no_concurrent_glp1,medication_reconciliation,ambiguous,evidence_aggregation,PASS,PASS,True,jev,1.0,PASS,1.0,DocumentReference/GLP1-032-MSG-001;DocumentReference/GLP1-032-ORTH-001;DocumentReference/GLP1-032-PCP-002,DocumentReference/GLP1-032-MSG-001;DocumentReference/GLP1-032-ORTH-001;DocumentReference/GLP1-032-PCP-002,,,140.7,1910.333333,0.0,8e-05,False,,,,No GLP-1 or anti-obesity medication in structured data or notes.,
main_hybrid_t0.90,GLP1-032__BCBS_FEP_WEGOVY_2026_07_01,GLP1-032,BCBS_FEP_WEGOVY_2026_07_01,hybrid,no_concurrent_pa_weight_loss_med,medication_reconciliation,ambiguous,evidence_aggregation,PASS,PASS,True,jev,1.0,PASS,1.0,DocumentReference/GLP1-032-MSG-001;DocumentReference/GLP1-032-ORTH-001;DocumentReference/GLP1-032-PCP-002,DocumentReference/GLP1-032-MSG-001;DocumentReference/GLP1-032-ORTH-001;DocumentReference/GLP1-032-PCP-002,,,140.7,1910.333333,0.0,8e-05,False,,,,No PA weight-loss medication in structured data or notes.,
main_hybrid_t0.90,GLP1-032__UHC_WEGOVY_P1114_22_2026_09_01,GLP1-032,UHC_WEGOVY_P1114_22_2026_09_01,hybrid,age,deterministic,ambiguous,evidence_aggregation,PASS,PASS,True,code,1.0,,,,Patient/GLP1-032,,,0.0,0.0,0.0,0.0,False,,,,Age 42 on 2026-09-01 (min 12).,
main_hybrid_t0.90,GLP1-032__UHC_WEGOVY_P1114_22_2026_09_01,GLP1-032,UHC_WEGOVY_P1114_22_2026_09_01,hybrid,indication,deterministic,ambiguous,evidence_aggregation,PASS,PASS,True,code,1.0,,,,,,,0.0,0.0,0.0,0.0,False,,,,Initial Wegovy request for chronic weight management.,
main_hybrid_t0.90,GLP1-032__UHC_WEGOVY_P1114_22_2026_09_01,GLP1-032,UHC_WEGOVY_P1114_22_2026_09_01,hybrid,lifestyle_adjunct,semantic,ambiguous,evidence_aggregation,PASS,PASS,True,jev,1.0,PASS,1.0,DocumentReference/GLP1-032-MSG-001;DocumentReference/GLP1-032-NUTR-001;DocumentReference/GLP1-032-ORTH-001;DocumentReference/GLP1-032-PCP-001;DocumentReference/GLP1-032-PCP-002;DocumentReference/GLP1-032-TEL-003,DocumentReference/GLP1-032-MSG-001;DocumentReference/GLP1-032-NUTR-001;DocumentReference/GLP1-032-ORTH-001;DocumentReference/GLP1-032-PCP-001;DocumentReference/GLP1-032-PCP-002;DocumentReference/GLP1-032-TEL-003,True,,155.2,5254.0,0.0,0.000221,False,,,,RN check-in 06/14 documents ongoing meal plan and exercise (~2 months before request).,
main_hybrid_t0.90,GLP1-032__UHC_WEGOVY_P1114_22_2026_09_01,GLP1-032,UHC_WEGOVY_P1114_22_2026_09_01,hybrid,bmi_threshold,deterministic,ambiguous,evidence_aggregation,PASS,PASS,True,code,1.0,,,,Condition/GLP1-032-HTN;Observation/GLP1-032-BMI-2026-08-14,,,0.0,0.0,0.0,0.0,False,,,,Latest structured BMI 34.6 (2026-08-14).,
main_hybrid_t0.90,GLP1-033__AETNA_WEGOVY_4774C_2026_08_20,GLP1-033,AETNA_WEGOVY_4774C_2026_08_20,hybrid,age,deterministic,ambiguous,continuity,PASS,PASS,True,code,1.0,,,,Patient/GLP1-033,,,0.0,0.0,0.0,0.0,False,,,,Age 49 on 2026-09-01 (min 18).,
main_hybrid_t0.90,GLP1-033__AETNA_WEGOVY_4774C_2026_08_20,GLP1-033,AETNA_WEGOVY_4774C_2026_08_20,hybrid,indication,deterministic,ambiguous,continuity,PASS,PASS,True,code,1.0,,,,,,,0.0,0.0,0.0,0.0,False,,,,Initial Wegovy request for chronic weight management.,
main_hybrid_t0.90,GLP1-033__AETNA_WEGOVY_4774C_2026_08_20,GLP1-033,AETNA_WEGOVY_4774C_2026_08_20,hybrid,adjunct_diet_and_activity,semantic,ambiguous,continuity,PASS,PASS,True,jev,0.94,PASS,0.94,DocumentReference/GLP1-033-NUTR-001;DocumentReference/GLP1-033-PCP-001;DocumentReference/GLP1-033-PCP-002;DocumentReference/GLP1-033-TEL-001,DocumentReference/GLP1-033-NUTR-001;DocumentReference/GLP1-033-PCP-001;DocumentReference/GLP1-033-PCP-002;DocumentReference/GLP1-033-TEL-001,True,True,251.9,3329.5,0.0,0.00014,False,,,,Meal plan and exercise documented at the request.,
main_hybrid_t0.90,GLP1-033__AETNA_WEGOVY_4774C_2026_08_20,GLP1-033,AETNA_WEGOVY_4774C_2026_08_20,hybrid,program_6_months,semantic_temporal,ambiguous,continuity,CONFLICT,CONFLICT,True,jev,1.0,CONFLICT,1.0,DocumentReference/GLP1-033-NUTR-001;DocumentReference/GLP1-033-PCP-001;DocumentReference/GLP1-033-PCP-002;DocumentReference/GLP1-033-TEL-001,DocumentReference/GLP1-033-NUTR-001;DocumentReference/GLP1-033-PCP-001;DocumentReference/GLP1-033-PCP-002;DocumentReference/GLP1-033-TEL-001,True,True,251.9,3329.5,0.0,0.00014,False,,,,"Oct start, lapse Nov/Dec–Mar, restart Mar: ~7 months total but only ~5 continuous; whether an interrupted program meets 'at least 6 months' is genuinely ambiguous.",
main_hybrid_t0.90,GLP1-033__AETNA_WEGOVY_4774C_2026_08_20,GLP1-033,AETNA_WEGOVY_4774C_2026_08_20,hybrid,bmi_threshold,deterministic,ambiguous,continuity,PASS,PASS,True,code,1.0,,,,Observation/GLP1-033-BMI-2026-08-17,,,0.0,0.0,0.0,0.0,False,,,,Latest structured BMI 37.3 (2026-08-17).,
main_hybrid_t0.90,GLP1-033__BCBS_FEP_WEGOVY_2026_07_01,GLP1-033,BCBS_FEP_WEGOVY_2026_07_01,hybrid,age,deterministic,ambiguous,continuity,PASS,PASS,True,code,1.0,,,,Patient/GLP1-033,,,0.0,0.0,0.0,0.0,False,,,,Age 49 on 2026-09-01 (min 18).,
main_hybrid_t0.90,GLP1-033__BCBS_FEP_WEGOVY_2026_07_01,GLP1-033,BCBS_FEP_WEGOVY_2026_07_01,hybrid,indication,deterministic,ambiguous,continuity,PASS,PASS,True,code,1.0,,,,,,,0.0,0.0,0.0,0.0,False,,,,Initial Wegovy request for chronic weight management.,
main_hybrid_t0.90,GLP1-033__BCBS_FEP_WEGOVY_2026_07_01,GLP1-033,BCBS_FEP_WEGOVY_2026_07_01,hybrid,bmi_threshold,deterministic,ambiguous,continuity,PASS,PASS,True,code,1.0,,,,Observation/GLP1-033-BMI-2026-08-17,,,0.0,0.0,0.0,0.0,False,,,,Latest structured BMI 37.3 (2026-08-17).,
main_hybrid_t0.90,GLP1-033__BCBS_FEP_WEGOVY_2026_07_01,GLP1-033,BCBS_FEP_WEGOVY_2026_07_01,hybrid,weight_management_program,semantic,ambiguous,continuity,PASS,PASS,True,jev,1.0,PASS,1.0,DocumentReference/GLP1-033-NUTR-001;DocumentReference/GLP1-033-PCP-001;DocumentReference/GLP1-033-PCP-002;DocumentReference/GLP1-033-TEL-001,DocumentReference/GLP1-033-NUTR-001;DocumentReference/GLP1-033-PCP-001;DocumentReference/GLP1-033-PCP-002;DocumentReference/GLP1-033-TEL-001,True,True,118.5,1904.0,0.0,8e-05,False,,,,Enrolled in a dietitian-led program in October.,
main_hybrid_t0.90,GLP1-033__BCBS_FEP_WEGOVY_2026_07_01,GLP1-033,BCBS_FEP_WEGOVY_2026_07_01,hybrid,no_concurrent_glp1,medication_reconciliation,ambiguous,continuity,PASS,PASS,True,jev,1.0,PASS,1.0,DocumentReference/GLP1-033-NUTR-001;DocumentReference/GLP1-033-PCP-002;DocumentReference/GLP1-033-PHARM-001,DocumentReference/GLP1-033-NUTR-001;DocumentReference/GLP1-033-PCP-002;DocumentReference/GLP1-033-PHARM-001,,,118.5,1904.0,0.0,8e-05,False,,,,No GLP-1 or anti-obesity medication in structured data or notes.,
main_hybrid_t0.90,GLP1-033__BCBS_FEP_WEGOVY_2026_07_01,GLP1-033,BCBS_FEP_WEGOVY_2026_07_01,hybrid,no_concurrent_pa_weight_loss_med,medication_reconciliation,ambiguous,continuity,PASS,PASS,True,jev,1.0,PASS,1.0,DocumentReference/GLP1-033-NUTR-001;DocumentReference/GLP1-033-PCP-002;DocumentReference/GLP1-033-PHARM-001,DocumentReference/GLP1-033-NUTR-001;DocumentReference/GLP1-033-PCP-002;DocumentReference/GLP1-033-PHARM-001,,,118.5,1904.0,0.0,8e-05,False,,,,No PA weight-loss medication in structured data or notes.,
main_hybrid_t0.90,GLP1-033__UHC_WEGOVY_P1114_22_2026_09_01,GLP1-033,UHC_WEGOVY_P1114_22_2026_09_01,hybrid,age,deterministic,ambiguous,continuity,PASS,PASS,True,code,1.0,,,,Patient/GLP1-033,,,0.0,0.0,0.0,0.0,False,,,,Age 49 on 2026-09-01 (min 12).,
main_hybrid_t0.90,GLP1-033__UHC_WEGOVY_P1114_22_2026_09_01,GLP1-033,UHC_WEGOVY_P1114_22_2026_09_01,hybrid,indication,deterministic,ambiguous,continuity,PASS,PASS,True,code,1.0,,,,,,,0.0,0.0,0.0,0.0,False,,,,Initial Wegovy request for chronic weight management.,
main_hybrid_t0.90,GLP1-033__UHC_WEGOVY_P1114_22_2026_09_01,GLP1-033,UHC_WEGOVY_P1114_22_2026_09_01,hybrid,lifestyle_adjunct,semantic,ambiguous,continuity,PASS,PASS,True,jev,1.0,PASS,1.0,DocumentReference/GLP1-033-NUTR-001;DocumentReference/GLP1-033-PCP-001;DocumentReference/GLP1-033-PCP-002;DocumentReference/GLP1-033-TEL-001,DocumentReference/GLP1-033-NUTR-001;DocumentReference/GLP1-033-PCP-001;DocumentReference/GLP1-033-PCP-002;DocumentReference/GLP1-033-TEL-001,True,True,139.4,4444.0,0.0,0.000187,False,,,,More consistent with meal plan and exercise since spring.,
main_hybrid_t0.90,GLP1-033__UHC_WEGOVY_P1114_22_2026_09_01,GLP1-033,UHC_WEGOVY_P1114_22_2026_09_01,hybrid,bmi_threshold,deterministic,ambiguous,continuity,PASS,PASS,True,code,1.0,,,,Observation/GLP1-033-BMI-2026-08-17,,,0.0,0.0,0.0,0.0,False,,,,Latest structured BMI 37.3 (2026-08-17).,
main_hybrid_t0.90,GLP1-034__AETNA_WEGOVY_4774C_2026_08_20,GLP1-034,AETNA_WEGOVY_4774C_2026_08_20,hybrid,age,deterministic,ambiguous,semantic_comorbidity,PASS,PASS,True,code,1.0,,,,Patient/GLP1-034,,,0.0,0.0,0.0,0.0,False,,,,Age 56 on 2026-09-01 (min 18).,
main_hybrid_t0.90,GLP1-034__AETNA_WEGOVY_4774C_2026_08_20,GLP1-034,AETNA_WEGOVY_4774C_2026_08_20,hybrid,indication,deterministic,ambiguous,semantic_comorbidity,PASS,PASS,True,code,1.0,,,,,,,0.0,0.0,0.0,0.0,False,,,,Initial Wegovy request for chronic weight management.,
main_hybrid_t0.90,GLP1-034__AETNA_WEGOVY_4774C_2026_08_20,GLP1-034,AETNA_WEGOVY_4774C_2026_08_20,hybrid,adjunct_diet_and_activity,semantic,ambiguous,semantic_comorbidity,PASS,PASS,True,jev,0.92,PASS,0.92,DocumentReference/GLP1-034-NUTR-001;DocumentReference/GLP1-034-NUTR-002;DocumentReference/GLP1-034-PCP-001;DocumentReference/GLP1-034-PCP-002;DocumentReference/GLP1-034-PCP-003,DocumentReference/GLP1-034-NUTR-001;DocumentReference/GLP1-034-NUTR-002;DocumentReference/GLP1-034-PCP-001;DocumentReference/GLP1-034-PCP-002;DocumentReference/GLP1-034-PCP-003,True,,139.5,2834.0,0.0,0.000119,False,,,,Final note documents continued diet AND exercise.,
main_hybrid_t0.90,GLP1-034__AETNA_WEGOVY_4774C_2026_08_20,GLP1-034,AETNA_WEGOVY_4774C_2026_08_20,hybrid,program_6_months,semantic_temporal,ambiguous,semantic_comorbidity,PASS,PASS,True,jev,0.96,PASS,0.96,DocumentReference/GLP1-034-NUTR-001;DocumentReference/GLP1-034-NUTR-002;DocumentReference/GLP1-034-PCP-001;DocumentReference/GLP1-034-PCP-002;DocumentReference/GLP1-034-PCP-003;DocumentReference/GLP1-034-PHARM-001,DocumentReference/GLP1-034-NUTR-001;DocumentReference/GLP1-034-NUTR-002;DocumentReference/GLP1-034-PCP-001;DocumentReference/GLP1-034-PCP-002;DocumentReference/GLP1-034-PCP-003;DocumentReference/GLP1-034-PHARM-001,True,,139.5,2834.0,0.0,0.000119,False,,,,"Continuous program with diet, activity and follow-up; duration computed from dated events. 2025-12-20 -> 2026-08-20 = 8 whole months (min 6).",
main_hybrid_t0.90,GLP1-034__AETNA_WEGOVY_4774C_2026_08_20,GLP1-034,AETNA_WEGOVY_4774C_2026_08_20,hybrid,bmi_threshold,deterministic,ambiguous,semantic_comorbidity,PASS,PASS,True,jev,0.99,PASS,0.99,,DocumentReference/GLP1-034-PCP-002;DocumentReference/GLP1-034-PCP-003;DocumentReference/GLP1-034-PHARM-001;DocumentReference/GLP1-034-UC-001;Observation/GLP1-034-BMI-2026-08-20,,,139.5,2834.0,0.0,0.000119,False,,,,"Latest structured BMI 28.0 (2026-08-20). In 27–30 band; comorbidity: PASS — dyslipidemia documented (narrative only, no structured Condition).",
main_hybrid_t0.90,GLP1-034__BCBS_FEP_WEGOVY_2026_07_01,GLP1-034,BCBS_FEP_WEGOVY_2026_07_01,hybrid,age,deterministic,ambiguous,semantic_comorbidity,PASS,PASS,True,code,1.0,,,,Patient/GLP1-034,,,0.0,0.0,0.0,0.0,False,,,,Age 56 on 2026-09-01 (min 18).,
main_hybrid_t0.90,GLP1-034__BCBS_FEP_WEGOVY_2026_07_01,GLP1-034,BCBS_FEP_WEGOVY_2026_07_01,hybrid,indication,deterministic,ambiguous,semantic_comorbidity,PASS,PASS,True,code,1.0,,,,,,,0.0,0.0,0.0,0.0,False,,,,Initial Wegovy request for chronic weight management.,
main_hybrid_t0.90,GLP1-034__BCBS_FEP_WEGOVY_2026_07_01,GLP1-034,BCBS_FEP_WEGOVY_2026_07_01,hybrid,bmi_threshold,deterministic,ambiguous,semantic_comorbidity,PASS,PASS,True,jev,0.99,PASS,0.99,,DocumentReference/GLP1-034-PCP-002;DocumentReference/GLP1-034-PCP-003;DocumentReference/GLP1-034-PHARM-001;DocumentReference/GLP1-034-UC-001;Observation/GLP1-034-BMI-2026-08-20,,,148.3,1540.5,0.0,6.5e-05,False,,,,"Latest structured BMI 28.0 (2026-08-20). In 27–30 band; comorbidity: PASS — dyslipidemia documented (narrative only, no structured Condition).",
main_hybrid_t0.90,GLP1-034__BCBS_FEP_WEGOVY_2026_07_01,GLP1-034,BCBS_FEP_WEGOVY_2026_07_01,hybrid,weight_management_program,semantic,ambiguous,semantic_comorbidity,PASS,PASS,True,jev,0.96,PASS,0.96,DocumentReference/GLP1-034-NUTR-001;DocumentReference/GLP1-034-NUTR-002;DocumentReference/GLP1-034-PCP-001;DocumentReference/GLP1-034-PCP-002;DocumentReference/GLP1-034-PCP-003,DocumentReference/GLP1-034-NUTR-001;DocumentReference/GLP1-034-NUTR-002;DocumentReference/GLP1-034-PCP-001;DocumentReference/GLP1-034-PCP-002;DocumentReference/GLP1-034-PCP-003,True,,148.3,1540.5,0.0,6.5e-05,False,,,,Enrolled in a comprehensive program with dietitian visits and follow-ups.,
main_hybrid_t0.90,GLP1-034__BCBS_FEP_WEGOVY_2026_07_01,GLP1-034,BCBS_FEP_WEGOVY_2026_07_01,hybrid,no_concurrent_glp1,medication_reconciliation,ambiguous,semantic_comorbidity,PASS,PASS,True,jev,0.97,PASS,0.97,DocumentReference/GLP1-034-NUTR-002;DocumentReference/GLP1-034-PCP-003;DocumentReference/GLP1-034-PHARM-001,DocumentReference/GLP1-034-NUTR-002;DocumentReference/GLP1-034-PCP-003;DocumentReference/GLP1-034-PHARM-001,,,148.3,1540.5,0.0,6.5e-05,False,,,,No GLP-1 or anti-obesity medication in structured data or notes.,
main_hybrid_t0.90,GLP1-034__BCBS_FEP_WEGOVY_2026_07_01,GLP1-034,BCBS_FEP_WEGOVY_2026_07_01,hybrid,no_concurrent_pa_weight_loss_med,medication_reconciliation,ambiguous,semantic_comorbidity,PASS,PASS,True,jev,0.97,PASS,0.97,DocumentReference/GLP1-034-NUTR-002;DocumentReference/GLP1-034-PCP-003;DocumentReference/GLP1-034-PHARM-001,DocumentReference/GLP1-034-NUTR-002;DocumentReference/GLP1-034-PCP-003;DocumentReference/GLP1-034-PHARM-001,,,148.3,1540.5,0.0,6.5e-05,False,,,,No PA weight-loss medication in structured data or notes.,
main_hybrid_t0.90,GLP1-034__UHC_WEGOVY_P1114_22_2026_09_01,GLP1-034,UHC_WEGOVY_P1114_22_2026_09_01,hybrid,age,deterministic,ambiguous,semantic_comorbidity,PASS,PASS,True,code,1.0,,,,Patient/GLP1-034,,,0.0,0.0,0.0,0.0,False,,,,Age 56 on 2026-09-01 (min 12).,
main_hybrid_t0.90,GLP1-034__UHC_WEGOVY_P1114_22_2026_09_01,GLP1-034,UHC_WEGOVY_P1114_22_2026_09_01,hybrid,indication,deterministic,ambiguous,semantic_comorbidity,PASS,PASS,True,code,1.0,,,,,,,0.0,0.0,0.0,0.0,False,,,,Initial Wegovy request for chronic weight management.,
main_hybrid_t0.90,GLP1-034__UHC_WEGOVY_P1114_22_2026_09_01,GLP1-034,UHC_WEGOVY_P1114_22_2026_09_01,hybrid,lifestyle_adjunct,semantic,ambiguous,semantic_comorbidity,PASS,PASS,True,jev,0.94,PASS,0.94,DocumentReference/GLP1-034-NUTR-001;DocumentReference/GLP1-034-NUTR-002;DocumentReference/GLP1-034-PCP-001;DocumentReference/GLP1-034-PCP-002;DocumentReference/GLP1-034-PCP-003;DocumentReference/GLP1-034-PHARM-001,DocumentReference/GLP1-034-NUTR-001;DocumentReference/GLP1-034-NUTR-002;DocumentReference/GLP1-034-PCP-001;DocumentReference/GLP1-034-PCP-002;DocumentReference/GLP1-034-PCP-003;DocumentReference/GLP1-034-PHARM-001,True,,113.0,2922.0,0.0,0.000123,False,,,,Final note documents continued diet and exercise.,
main_hybrid_t0.90,GLP1-034__UHC_WEGOVY_P1114_22_2026_09_01,GLP1-034,UHC_WEGOVY_P1114_22_2026_09_01,hybrid,bmi_threshold,deterministic,ambiguous,semantic_comorbidity,PASS,PASS,True,jev,0.99,PASS,0.99,,DocumentReference/GLP1-034-PCP-002;DocumentReference/GLP1-034-PCP-003;DocumentReference/GLP1-034-PHARM-001;DocumentReference/GLP1-034-UC-001;Observation/GLP1-034-BMI-2026-08-20,,,113.0,2922.0,0.0,0.000123,False,,,,"Latest structured BMI 28.0 (2026-08-20). In 27–30 band; comorbidity: PASS — dyslipidemia documented (narrative only, no structured Condition).",
main_hybrid_t0.90,GLP1-035__AETNA_WEGOVY_4774C_2026_08_20,GLP1-035,AETNA_WEGOVY_4774C_2026_08_20,hybrid,age,deterministic,ambiguous,response_semantics,PASS,PASS,True,code,1.0,,,,Patient/GLP1-035,,,0.0,0.0,0.0,0.0,False,,,,Age 28 on 2026-09-01 (min 18).,
main_hybrid_t0.90,GLP1-035__AETNA_WEGOVY_4774C_2026_08_20,GLP1-035,AETNA_WEGOVY_4774C_2026_08_20,hybrid,indication,deterministic,ambiguous,response_semantics,PASS,PASS,True,code,1.0,,,,,,,0.0,0.0,0.0,0.0,False,,,,Initial Wegovy request for chronic weight management.,
main_hybrid_t0.90,GLP1-035__AETNA_WEGOVY_4774C_2026_08_20,GLP1-035,AETNA_WEGOVY_4774C_2026_08_20,hybrid,adjunct_diet_and_activity,semantic,ambiguous,response_semantics,PASS,PASS,True,jev,0.92,PASS,0.92,DocumentReference/GLP1-035-NUTR-001;DocumentReference/GLP1-035-NUTR-002;DocumentReference/GLP1-035-OPH-001;DocumentReference/GLP1-035-PCP-001;DocumentReference/GLP1-035-PCP-002;DocumentReference/GLP1-035-PCP-003,DocumentReference/GLP1-035-NUTR-001;DocumentReference/GLP1-035-NUTR-002;DocumentReference/GLP1-035-OPH-001;DocumentReference/GLP1-035-PCP-001;DocumentReference/GLP1-035-PCP-002;DocumentReference/GLP1-035-PCP-003,True,,146.0,3969.0,0.0,0.000167,False,,,,Final note documents continued diet AND exercise.,
main_hybrid_t0.90,GLP1-035__AETNA_WEGOVY_4774C_2026_08_20,GLP1-035,AETNA_WEGOVY_4774C_2026_08_20,hybrid,program_6_months,semantic_temporal,ambiguous,response_semantics,PASS,PASS,True,jev,0.96,PASS,0.96,DocumentReference/GLP1-035-NUTR-001;DocumentReference/GLP1-035-NUTR-002;DocumentReference/GLP1-035-OPH-001;DocumentReference/GLP1-035-PCP-001;DocumentReference/GLP1-035-PCP-002;DocumentReference/GLP1-035-PCP-003,DocumentReference/GLP1-035-NUTR-001;DocumentReference/GLP1-035-NUTR-002;DocumentReference/GLP1-035-OPH-001;DocumentReference/GLP1-035-PCP-001;DocumentReference/GLP1-035-PCP-002;DocumentReference/GLP1-035-PCP-003,True,,146.0,3969.0,0.0,0.000167,False,,,,"Continuous program with diet, activity and follow-up; duration computed from dated events. 2025-12-10 -> 2026-08-10 = 8 whole months (min 6).",
main_hybrid_t0.90,GLP1-035__AETNA_WEGOVY_4774C_2026_08_20,GLP1-035,AETNA_WEGOVY_4774C_2026_08_20,hybrid,bmi_threshold,deterministic,ambiguous,response_semantics,PASS,PASS,True,code,1.0,,,,Observation/GLP1-035-BMI-2026-08-10,,,0.0,0.0,0.0,0.0,False,,,,Latest structured BMI 35.9 (2026-08-10).,
main_hybrid_t0.90,GLP1-035__BCBS_FEP_WEGOVY_2026_07_01,GLP1-035,BCBS_FEP_WEGOVY_2026_07_01,hybrid,age,deterministic,ambiguous,response_semantics,PASS,PASS,True,code,1.0,,,,Patient/GLP1-035,,,0.0,0.0,0.0,0.0,False,,,,Age 28 on 2026-09-01 (min 18).,
main_hybrid_t0.90,GLP1-035__BCBS_FEP_WEGOVY_2026_07_01,GLP1-035,BCBS_FEP_WEGOVY_2026_07_01,hybrid,indication,deterministic,ambiguous,response_semantics,PASS,PASS,True,code,1.0,,,,,,,0.0,0.0,0.0,0.0,False,,,,Initial Wegovy request for chronic weight management.,
main_hybrid_t0.90,GLP1-035__BCBS_FEP_WEGOVY_2026_07_01,GLP1-035,BCBS_FEP_WEGOVY_2026_07_01,hybrid,bmi_threshold,deterministic,ambiguous,response_semantics,PASS,PASS,True,code,1.0,,,,Observation/GLP1-035-BMI-2026-08-10,,,0.0,0.0,0.0,0.0,False,,,,Latest structured BMI 35.9 (2026-08-10).,
main_hybrid_t0.90,GLP1-035__BCBS_FEP_WEGOVY_2026_07_01,GLP1-035,BCBS_FEP_WEGOVY_2026_07_01,hybrid,weight_management_program,semantic,ambiguous,response_semantics,PASS,PASS,True,jev,0.96,PASS,0.96,DocumentReference/GLP1-035-NUTR-001;DocumentReference/GLP1-035-NUTR-002;DocumentReference/GLP1-035-PCP-001;DocumentReference/GLP1-035-PCP-002;DocumentReference/GLP1-035-PCP-003,DocumentReference/GLP1-035-NUTR-001;DocumentReference/GLP1-035-NUTR-002;DocumentReference/GLP1-035-PCP-001;DocumentReference/GLP1-035-PCP-002;DocumentReference/GLP1-035-PCP-003,True,,166.1,2022.333333,0.0,8.5e-05,False,,,,Enrolled in a comprehensive program with dietitian visits and follow-ups.,
main_hybrid_t0.90,GLP1-035__BCBS_FEP_WEGOVY_2026_07_01,GLP1-035,BCBS_FEP_WEGOVY_2026_07_01,hybrid,no_concurrent_glp1,medication_reconciliation,ambiguous,response_semantics,PASS,PASS,True,jev,1.0,PASS,1.0,DocumentReference/GLP1-035-LAB-002;DocumentReference/GLP1-035-NUTR-002;DocumentReference/GLP1-035-ORTH-001;DocumentReference/GLP1-035-PCP-003,DocumentReference/GLP1-035-LAB-002;DocumentReference/GLP1-035-NUTR-002;DocumentReference/GLP1-035-ORTH-001;DocumentReference/GLP1-035-PCP-003,,,166.1,2022.333333,0.0,8.5e-05,False,,,,No GLP-1 or anti-obesity medication in structured data or notes.,
main_hybrid_t0.90,GLP1-035__BCBS_FEP_WEGOVY_2026_07_01,GLP1-035,BCBS_FEP_WEGOVY_2026_07_01,hybrid,no_concurrent_pa_weight_loss_med,medication_reconciliation,ambiguous,response_semantics,PASS,PASS,True,jev,1.0,PASS,1.0,DocumentReference/GLP1-035-LAB-002;DocumentReference/GLP1-035-NUTR-002;DocumentReference/GLP1-035-ORTH-001;DocumentReference/GLP1-035-PCP-003,DocumentReference/GLP1-035-LAB-002;DocumentReference/GLP1-035-NUTR-002;DocumentReference/GLP1-035-ORTH-001;DocumentReference/GLP1-035-PCP-003,,,166.1,2022.333333,0.0,8.5e-05,False,,,,No PA weight-loss medication in structured data or notes.,
main_hybrid_t0.90,GLP1-035__UHC_WEGOVY_P1114_22_2026_09_01,GLP1-035,UHC_WEGOVY_P1114_22_2026_09_01,hybrid,age,deterministic,ambiguous,response_semantics,PASS,PASS,True,code,1.0,,,,Patient/GLP1-035,,,0.0,0.0,0.0,0.0,False,,,,Age 28 on 2026-09-01 (min 12).,
main_hybrid_t0.90,GLP1-035__UHC_WEGOVY_P1114_22_2026_09_01,GLP1-035,UHC_WEGOVY_P1114_22_2026_09_01,hybrid,indication,deterministic,ambiguous,response_semantics,PASS,PASS,True,code,1.0,,,,,,,0.0,0.0,0.0,0.0,False,,,,Initial Wegovy request for chronic weight management.,
main_hybrid_t0.90,GLP1-035__UHC_WEGOVY_P1114_22_2026_09_01,GLP1-035,UHC_WEGOVY_P1114_22_2026_09_01,hybrid,lifestyle_adjunct,semantic,ambiguous,response_semantics,PASS,PASS,True,jev,0.94,PASS,0.94,DocumentReference/GLP1-035-NUTR-001;DocumentReference/GLP1-035-NUTR-002;DocumentReference/GLP1-035-OPH-001;DocumentReference/GLP1-035-PCP-001;DocumentReference/GLP1-035-PCP-002;DocumentReference/GLP1-035-PCP-003,DocumentReference/GLP1-035-NUTR-001;DocumentReference/GLP1-035-NUTR-002;DocumentReference/GLP1-035-OPH-001;DocumentReference/GLP1-035-PCP-001;DocumentReference/GLP1-035-PCP-002;DocumentReference/GLP1-035-PCP-003,True,,111.2,5280.0,0.0,0.000222,False,,,,Final note documents continued diet and exercise.,
main_hybrid_t0.90,GLP1-035__UHC_WEGOVY_P1114_22_2026_09_01,GLP1-035,UHC_WEGOVY_P1114_22_2026_09_01,hybrid,bmi_threshold,deterministic,ambiguous,response_semantics,PASS,PASS,True,code,1.0,,,,Observation/GLP1-035-BMI-2026-08-10,,,0.0,0.0,0.0,0.0,False,,,,Latest structured BMI 35.9 (2026-08-10).,
main_hybrid_t0.90,GLP1-036__AETNA_WEGOVY_4774C_2026_08_20,GLP1-036,AETNA_WEGOVY_4774C_2026_08_20,hybrid,age,deterministic,hard,program_discontinuation,PASS,PASS,True,code,1.0,,,,Patient/GLP1-036,,,0.0,0.0,0.0,0.0,False,,,,Age 35 on 2026-09-01 (min 18).,
main_hybrid_t0.90,GLP1-036__AETNA_WEGOVY_4774C_2026_08_20,GLP1-036,AETNA_WEGOVY_4774C_2026_08_20,hybrid,indication,deterministic,hard,program_discontinuation,PASS,PASS,True,code,1.0,,,,,,,0.0,0.0,0.0,0.0,False,,,,Initial Wegovy request for chronic weight management.,
main_hybrid_t0.90,GLP1-036__AETNA_WEGOVY_4774C_2026_08_20,GLP1-036,AETNA_WEGOVY_4774C_2026_08_20,hybrid,adjunct_diet_and_activity,semantic,hard,program_discontinuation,INSUFFICIENT,INSUFFICIENT,True,gpt_escalation,0.98,INSUFFICIENT,0.71,DocumentReference/GLP1-036-NUTR-001;DocumentReference/GLP1-036-PCP-001;DocumentReference/GLP1-036-PCP-002;DocumentReference/GLP1-036-TEL-003,DocumentReference/GLP1-036-PCP-002;DocumentReference/GLP1-036-TEL-003,True,True,6875.6,8394.0,298.0,0.011967,True,both_correct,,,No current diet/exercise documented.,The August 2026 note plans Wegovy but does not document a current or continuing reduced-calorie diet and increased physical activity. The February report that he stopped both is outside the 180-day window and does not establish current nonadherence.
main_hybrid_t0.90,GLP1-036__AETNA_WEGOVY_4774C_2026_08_20,GLP1-036,AETNA_WEGOVY_4774C_2026_08_20,hybrid,program_6_months,semantic_temporal,hard,program_discontinuation,FAIL,FAIL,True,jev,1.0,FAIL,1.0,DocumentReference/GLP1-036-NUTR-001;DocumentReference/GLP1-036-PCP-001;DocumentReference/GLP1-036-PCP-002;DocumentReference/GLP1-036-TEL-003,DocumentReference/GLP1-036-NUTR-001;DocumentReference/GLP1-036-PCP-001;DocumentReference/GLP1-036-PCP-002;DocumentReference/GLP1-036-TEL-003,True,True,140.5,3984.0,0.0,0.000167,False,,,,Stopped the meal plan and exercise ~6 weeks after starting; never resumed.,
main_hybrid_t0.90,GLP1-036__AETNA_WEGOVY_4774C_2026_08_20,GLP1-036,AETNA_WEGOVY_4774C_2026_08_20,hybrid,bmi_threshold,deterministic,hard,program_discontinuation,PASS,PASS,True,code,1.0,,,,Condition/GLP1-036-HTN;Observation/GLP1-036-BMI-2026-08-08,,,0.0,0.0,0.0,0.0,False,,,,Latest structured BMI 36.1 (2026-08-08).,
main_hybrid_t0.90,GLP1-036__BCBS_FEP_WEGOVY_2026_07_01,GLP1-036,BCBS_FEP_WEGOVY_2026_07_01,hybrid,age,deterministic,hard,program_discontinuation,PASS,PASS,True,code,1.0,,,,Patient/GLP1-036,,,0.0,0.0,0.0,0.0,False,,,,Age 35 on 2026-09-01 (min 18).,
main_hybrid_t0.90,GLP1-036__BCBS_FEP_WEGOVY_2026_07_01,GLP1-036,BCBS_FEP_WEGOVY_2026_07_01,hybrid,indication,deterministic,hard,program_discontinuation,PASS,PASS,True,code,1.0,,,,,,,0.0,0.0,0.0,0.0,False,,,,Initial Wegovy request for chronic weight management.,
main_hybrid_t0.90,GLP1-036__BCBS_FEP_WEGOVY_2026_07_01,GLP1-036,BCBS_FEP_WEGOVY_2026_07_01,hybrid,bmi_threshold,deterministic,hard,program_discontinuation,PASS,PASS,True,code,1.0,,,,Condition/GLP1-036-HTN;Observation/GLP1-036-BMI-2026-08-08,,,0.0,0.0,0.0,0.0,False,,,,Latest structured BMI 36.1 (2026-08-08).,
main_hybrid_t0.90,GLP1-036__BCBS_FEP_WEGOVY_2026_07_01,GLP1-036,BCBS_FEP_WEGOVY_2026_07_01,hybrid,weight_management_program,semantic,hard,program_discontinuation,PASS,PASS,True,jev,1.0,PASS,1.0,DocumentReference/GLP1-036-NUTR-001;DocumentReference/GLP1-036-PCP-001;DocumentReference/GLP1-036-PCP-002;DocumentReference/GLP1-036-TEL-003,DocumentReference/GLP1-036-NUTR-001;DocumentReference/GLP1-036-PCP-001;DocumentReference/GLP1-036-PCP-002;DocumentReference/GLP1-036-TEL-003,True,True,180.1,2052.666667,0.0,8.6e-05,False,,,,"Enrolled in the Healthy Weight program in January (participation, later abandoned; literal reading).",
main_hybrid_t0.90,GLP1-036__BCBS_FEP_WEGOVY_2026_07_01,GLP1-036,BCBS_FEP_WEGOVY_2026_07_01,hybrid,no_concurrent_glp1,medication_reconciliation,hard,program_discontinuation,PASS,PASS,True,jev,0.91,PASS,0.91,DocumentReference/GLP1-036-ORTH-001;DocumentReference/GLP1-036-PCP-002;DocumentReference/GLP1-036-PHARM-001;DocumentReference/GLP1-036-TEL-003,DocumentReference/GLP1-036-ORTH-001;DocumentReference/GLP1-036-PCP-002;DocumentReference/GLP1-036-PHARM-001;DocumentReference/GLP1-036-TEL-003,,,180.1,2052.666667,0.0,8.6e-05,False,,,,No GLP-1 or anti-obesity medication in structured data or notes.,
main_hybrid_t0.90,GLP1-036__BCBS_FEP_WEGOVY_2026_07_01,GLP1-036,BCBS_FEP_WEGOVY_2026_07_01,hybrid,no_concurrent_pa_weight_loss_med,medication_reconciliation,hard,program_discontinuation,PASS,PASS,True,jev,0.91,PASS,0.91,DocumentReference/GLP1-036-ORTH-001;DocumentReference/GLP1-036-PCP-002;DocumentReference/GLP1-036-PHARM-001;DocumentReference/GLP1-036-TEL-003,DocumentReference/GLP1-036-ORTH-001;DocumentReference/GLP1-036-PCP-002;DocumentReference/GLP1-036-PHARM-001;DocumentReference/GLP1-036-TEL-003,,,180.1,2052.666667,0.0,8.6e-05,False,,,,No PA weight-loss medication in structured data or notes.,
main_hybrid_t0.90,GLP1-036__UHC_WEGOVY_P1114_22_2026_09_01,GLP1-036,UHC_WEGOVY_P1114_22_2026_09_01,hybrid,age,deterministic,hard,program_discontinuation,PASS,PASS,True,code,1.0,,,,Patient/GLP1-036,,,0.0,0.0,0.0,0.0,False,,,,Age 35 on 2026-09-01 (min 12).,
main_hybrid_t0.90,GLP1-036__UHC_WEGOVY_P1114_22_2026_09_01,GLP1-036,UHC_WEGOVY_P1114_22_2026_09_01,hybrid,indication,deterministic,hard,program_discontinuation,PASS,PASS,True,code,1.0,,,,,,,0.0,0.0,0.0,0.0,False,,,,Initial Wegovy request for chronic weight management.,
main_hybrid_t0.90,GLP1-036__UHC_WEGOVY_P1114_22_2026_09_01,GLP1-036,UHC_WEGOVY_P1114_22_2026_09_01,hybrid,lifestyle_adjunct,semantic,hard,program_discontinuation,INSUFFICIENT,INSUFFICIENT,True,jev,0.94,INSUFFICIENT,0.94,DocumentReference/GLP1-036-NUTR-001;DocumentReference/GLP1-036-PCP-001;DocumentReference/GLP1-036-PCP-002;DocumentReference/GLP1-036-TEL-003,DocumentReference/GLP1-036-NUTR-001;DocumentReference/GLP1-036-PCP-001;DocumentReference/GLP1-036-PCP-002;DocumentReference/GLP1-036-TEL-003,True,True,126.0,4480.0,0.0,0.000188,False,,,,Final note only says diet/exercise was tried 'earlier this year'; no current modification documented.,
main_hybrid_t0.90,GLP1-036__UHC_WEGOVY_P1114_22_2026_09_01,GLP1-036,UHC_WEGOVY_P1114_22_2026_09_01,hybrid,bmi_threshold,deterministic,hard,program_discontinuation,PASS,PASS,True,code,1.0,,,,Condition/GLP1-036-HTN;Observation/GLP1-036-BMI-2026-08-08,,,0.0,0.0,0.0,0.0,False,,,,Latest structured BMI 36.1 (2026-08-08).,
main_hybrid_t0.90,GLP1-037__AETNA_WEGOVY_4774C_2026_08_20,GLP1-037,AETNA_WEGOVY_4774C_2026_08_20,hybrid,age,deterministic,hard,noncontinuous_duration,PASS,PASS,True,code,1.0,,,,Patient/GLP1-037,,,0.0,0.0,0.0,0.0,False,,,,Age 42 on 2026-09-01 (min 18).,
main_hybrid_t0.90,GLP1-037__AETNA_WEGOVY_4774C_2026_08_20,GLP1-037,AETNA_WEGOVY_4774C_2026_08_20,hybrid,indication,deterministic,hard,noncontinuous_duration,PASS,PASS,True,code,1.0,,,,,,,0.0,0.0,0.0,0.0,False,,,,Initial Wegovy request for chronic weight management.,
main_hybrid_t0.90,GLP1-037__AETNA_WEGOVY_4774C_2026_08_20,GLP1-037,AETNA_WEGOVY_4774C_2026_08_20,hybrid,adjunct_diet_and_activity,semantic,hard,noncontinuous_duration,PASS,PASS,True,jev,0.92,PASS,0.92,DocumentReference/GLP1-037-MSG-002;DocumentReference/GLP1-037-ORTH-001;DocumentReference/GLP1-037-PCP-001;DocumentReference/GLP1-037-PCP-002;DocumentReference/GLP1-037-PCP-003,DocumentReference/GLP1-037-MSG-002;DocumentReference/GLP1-037-ORTH-001;DocumentReference/GLP1-037-PCP-001;DocumentReference/GLP1-037-PCP-002;DocumentReference/GLP1-037-PCP-003,True,True,278.7,3994.5,0.0,0.000168,False,,,,Diet and walking documented at the request.,
main_hybrid_t0.90,GLP1-037__AETNA_WEGOVY_4774C_2026_08_20,GLP1-037,AETNA_WEGOVY_4774C_2026_08_20,hybrid,program_6_months,semantic_temporal,hard,noncontinuous_duration,FAIL,FAIL,True,gpt_escalation,0.99,CONFLICT,0.89,DocumentReference/GLP1-037-MSG-002;DocumentReference/GLP1-037-ORTH-001;DocumentReference/GLP1-037-PCP-001;DocumentReference/GLP1-037-PCP-002;DocumentReference/GLP1-037-PCP-003,DocumentReference/GLP1-037-PCP-001;DocumentReference/GLP1-037-MSG-002;DocumentReference/GLP1-037-PCP-002;DocumentReference/GLP1-037-PCP-003,True,True,5781.4,7667.5,264.0,0.010154,True,escalation_fixed,,,Longest continuous period ~3 months (Jan–Mar); restarted July; total ~5 months.,"The program was planned in January, but the patient reported stopping it in March. She restarted her lifestyle plan in July and was back in program coaching by August; the interruption breaks continuity, and neither documented period reaches six months."
main_hybrid_t0.90,GLP1-037__AETNA_WEGOVY_4774C_2026_08_20,GLP1-037,AETNA_WEGOVY_4774C_2026_08_20,hybrid,bmi_threshold,deterministic,hard,noncontinuous_duration,PASS,PASS,True,code,1.0,,,,Observation/GLP1-037-BMI-2026-08-28,,,0.0,0.0,0.0,0.0,False,,,,Latest structured BMI 34.9 (2026-08-28).,
main_hybrid_t0.90,GLP1-037__BCBS_FEP_WEGOVY_2026_07_01,GLP1-037,BCBS_FEP_WEGOVY_2026_07_01,hybrid,age,deterministic,hard,noncontinuous_duration,PASS,PASS,True,code,1.0,,,,Patient/GLP1-037,,,0.0,0.0,0.0,0.0,False,,,,Age 42 on 2026-09-01 (min 18).,
main_hybrid_t0.90,GLP1-037__BCBS_FEP_WEGOVY_2026_07_01,GLP1-037,BCBS_FEP_WEGOVY_2026_07_01,hybrid,indication,deterministic,hard,noncontinuous_duration,PASS,PASS,True,code,1.0,,,,,,,0.0,0.0,0.0,0.0,False,,,,Initial Wegovy request for chronic weight management.,
main_hybrid_t0.90,GLP1-037__BCBS_FEP_WEGOVY_2026_07_01,GLP1-037,BCBS_FEP_WEGOVY_2026_07_01,hybrid,bmi_threshold,deterministic,hard,noncontinuous_duration,PASS,PASS,True,code,1.0,,,,Observation/GLP1-037-BMI-2026-08-28,,,0.0,0.0,0.0,0.0,False,,,,Latest structured BMI 34.9 (2026-08-28).,
main_hybrid_t0.90,GLP1-037__BCBS_FEP_WEGOVY_2026_07_01,GLP1-037,BCBS_FEP_WEGOVY_2026_07_01,hybrid,weight_management_program,semantic,hard,noncontinuous_duration,PASS,PASS,True,jev,1.0,PASS,1.0,DocumentReference/GLP1-037-MSG-002;DocumentReference/GLP1-037-PCP-001;DocumentReference/GLP1-037-PCP-002;DocumentReference/GLP1-037-PCP-003,DocumentReference/GLP1-037-MSG-002;DocumentReference/GLP1-037-PCP-001;DocumentReference/GLP1-037-PCP-002;DocumentReference/GLP1-037-PCP-003,True,True,170.9,2037.0,0.0,8.6e-05,False,,,,Enrolled in employer program in January (literal reading).,
main_hybrid_t0.90,GLP1-037__BCBS_FEP_WEGOVY_2026_07_01,GLP1-037,BCBS_FEP_WEGOVY_2026_07_01,hybrid,no_concurrent_glp1,medication_reconciliation,hard,noncontinuous_duration,PASS,PASS,True,jev,1.0,PASS,1.0,DocumentReference/GLP1-037-MSG-002;DocumentReference/GLP1-037-ORTH-001;DocumentReference/GLP1-037-PCP-003;DocumentReference/GLP1-037-PHARM-001,DocumentReference/GLP1-037-MSG-002;DocumentReference/GLP1-037-ORTH-001;DocumentReference/GLP1-037-PCP-003;DocumentReference/GLP1-037-PHARM-001,,,170.9,2037.0,0.0,8.6e-05,False,,,,No GLP-1 or anti-obesity medication in structured data or notes.,
main_hybrid_t0.90,GLP1-037__BCBS_FEP_WEGOVY_2026_07_01,GLP1-037,BCBS_FEP_WEGOVY_2026_07_01,hybrid,no_concurrent_pa_weight_loss_med,medication_reconciliation,hard,noncontinuous_duration,PASS,PASS,True,jev,1.0,PASS,1.0,DocumentReference/GLP1-037-MSG-002;DocumentReference/GLP1-037-ORTH-001;DocumentReference/GLP1-037-PCP-003;DocumentReference/GLP1-037-PHARM-001,DocumentReference/GLP1-037-MSG-002;DocumentReference/GLP1-037-ORTH-001;DocumentReference/GLP1-037-PCP-003;DocumentReference/GLP1-037-PHARM-001,,,170.9,2037.0,0.0,8.6e-05,False,,,,No PA weight-loss medication in structured data or notes.,
main_hybrid_t0.90,GLP1-037__UHC_WEGOVY_P1114_22_2026_09_01,GLP1-037,UHC_WEGOVY_P1114_22_2026_09_01,hybrid,age,deterministic,hard,noncontinuous_duration,PASS,PASS,True,code,1.0,,,,Patient/GLP1-037,,,0.0,0.0,0.0,0.0,False,,,,Age 42 on 2026-09-01 (min 12).,
main_hybrid_t0.90,GLP1-037__UHC_WEGOVY_P1114_22_2026_09_01,GLP1-037,UHC_WEGOVY_P1114_22_2026_09_01,hybrid,indication,deterministic,hard,noncontinuous_duration,PASS,PASS,True,code,1.0,,,,,,,0.0,0.0,0.0,0.0,False,,,,Initial Wegovy request for chronic weight management.,
main_hybrid_t0.90,GLP1-037__UHC_WEGOVY_P1114_22_2026_09_01,GLP1-037,UHC_WEGOVY_P1114_22_2026_09_01,hybrid,lifestyle_adjunct,semantic,hard,noncontinuous_duration,PASS,PASS,True,jev,0.94,PASS,0.94,DocumentReference/GLP1-037-MSG-002;DocumentReference/GLP1-037-ORTH-001;DocumentReference/GLP1-037-PCP-001;DocumentReference/GLP1-037-PCP-002;DocumentReference/GLP1-037-PCP-003,DocumentReference/GLP1-037-MSG-002;DocumentReference/GLP1-037-ORTH-001;DocumentReference/GLP1-037-PCP-001;DocumentReference/GLP1-037-PCP-002;DocumentReference/GLP1-037-PCP-003,True,True,107.2,5331.0,0.0,0.000224,False,,,,Back on diet and walking plan since July.,
main_hybrid_t0.90,GLP1-037__UHC_WEGOVY_P1114_22_2026_09_01,GLP1-037,UHC_WEGOVY_P1114_22_2026_09_01,hybrid,bmi_threshold,deterministic,hard,noncontinuous_duration,PASS,PASS,True,code,1.0,,,,Observation/GLP1-037-BMI-2026-08-28,,,0.0,0.0,0.0,0.0,False,,,,Latest structured BMI 34.9 (2026-08-28).,
main_hybrid_t0.90,GLP1-038__AETNA_WEGOVY_4774C_2026_08_20,GLP1-038,AETNA_WEGOVY_4774C_2026_08_20,hybrid,age,deterministic,hard,contradiction;medication_reconciliation,PASS,PASS,True,code,1.0,,,,Patient/GLP1-038,,,0.0,0.0,0.0,0.0,False,,,,Age 49 on 2026-09-01 (min 18).,
main_hybrid_t0.90,GLP1-038__AETNA_WEGOVY_4774C_2026_08_20,GLP1-038,AETNA_WEGOVY_4774C_2026_08_20,hybrid,indication,deterministic,hard,contradiction;medication_reconciliation,PASS,PASS,True,code,1.0,,,,,,,0.0,0.0,0.0,0.0,False,,,,Initial Wegovy request for chronic weight management.,
main_hybrid_t0.90,GLP1-038__AETNA_WEGOVY_4774C_2026_08_20,GLP1-038,AETNA_WEGOVY_4774C_2026_08_20,hybrid,adjunct_diet_and_activity,semantic,hard,contradiction;medication_reconciliation,PASS,PASS,True,jev,0.92,PASS,0.92,DocumentReference/GLP1-038-LAB-003;DocumentReference/GLP1-038-NUTR-001;DocumentReference/GLP1-038-NUTR-002;DocumentReference/GLP1-038-PCP-001;DocumentReference/GLP1-038-PCP-002;DocumentReference/GLP1-038-PCP-003,DocumentReference/GLP1-038-LAB-003;DocumentReference/GLP1-038-NUTR-001;DocumentReference/GLP1-038-NUTR-002;DocumentReference/GLP1-038-PCP-001;DocumentReference/GLP1-038-PCP-002;DocumentReference/GLP1-038-PCP-003,True,,181.9,3946.0,0.0,0.000166,False,,,,Final note documents continued diet AND exercise.,
main_hybrid_t0.90,GLP1-038__AETNA_WEGOVY_4774C_2026_08_20,GLP1-038,AETNA_WEGOVY_4774C_2026_08_20,hybrid,program_6_months,semantic_temporal,hard,contradiction;medication_reconciliation,PASS,PASS,True,jev,0.96,PASS,0.96,DocumentReference/GLP1-038-LAB-003;DocumentReference/GLP1-038-NUTR-001;DocumentReference/GLP1-038-NUTR-002;DocumentReference/GLP1-038-PCP-001;DocumentReference/GLP1-038-PCP-002;DocumentReference/GLP1-038-PCP-003,DocumentReference/GLP1-038-LAB-003;DocumentReference/GLP1-038-NUTR-001;DocumentReference/GLP1-038-NUTR-002;DocumentReference/GLP1-038-PCP-001;DocumentReference/GLP1-038-PCP-002;DocumentReference/GLP1-038-PCP-003,True,,181.9,3946.0,0.0,0.000166,False,,,,"Continuous program with diet, activity and follow-up; duration computed from dated events. 2025-12-12 -> 2026-08-12 = 8 whole months (min 6).",
main_hybrid_t0.90,GLP1-038__AETNA_WEGOVY_4774C_2026_08_20,GLP1-038,AETNA_WEGOVY_4774C_2026_08_20,hybrid,bmi_threshold,deterministic,hard,contradiction;medication_reconciliation,PASS,PASS,True,code,1.0,,,,Observation/GLP1-038-BMI-2026-08-12,,,0.0,0.0,0.0,0.0,False,,,,Latest structured BMI 31.5 (2026-08-12).,
main_hybrid_t0.90,GLP1-038__BCBS_FEP_WEGOVY_2026_07_01,GLP1-038,BCBS_FEP_WEGOVY_2026_07_01,hybrid,age,deterministic,hard,contradiction;medication_reconciliation,PASS,PASS,True,code,1.0,,,,Patient/GLP1-038,,,0.0,0.0,0.0,0.0,False,,,,Age 49 on 2026-09-01 (min 18).,
main_hybrid_t0.90,GLP1-038__BCBS_FEP_WEGOVY_2026_07_01,GLP1-038,BCBS_FEP_WEGOVY_2026_07_01,hybrid,indication,deterministic,hard,contradiction;medication_reconciliation,PASS,PASS,True,code,1.0,,,,,,,0.0,0.0,0.0,0.0,False,,,,Initial Wegovy request for chronic weight management.,
main_hybrid_t0.90,GLP1-038__BCBS_FEP_WEGOVY_2026_07_01,GLP1-038,BCBS_FEP_WEGOVY_2026_07_01,hybrid,bmi_threshold,deterministic,hard,contradiction;medication_reconciliation,PASS,PASS,True,code,1.0,,,,Observation/GLP1-038-BMI-2026-08-12,,,0.0,0.0,0.0,0.0,False,,,,Latest structured BMI 31.5 (2026-08-12).,
main_hybrid_t0.90,GLP1-038__BCBS_FEP_WEGOVY_2026_07_01,GLP1-038,BCBS_FEP_WEGOVY_2026_07_01,hybrid,weight_management_program,semantic,hard,contradiction;medication_reconciliation,PASS,PASS,True,jev,0.96,PASS,0.96,DocumentReference/GLP1-038-NUTR-001;DocumentReference/GLP1-038-NUTR-002;DocumentReference/GLP1-038-PCP-001;DocumentReference/GLP1-038-PCP-003,DocumentReference/GLP1-038-NUTR-001;DocumentReference/GLP1-038-NUTR-002;DocumentReference/GLP1-038-PCP-001;DocumentReference/GLP1-038-PCP-003,True,,121.2,2002.666667,0.0,8.4e-05,False,,,,Enrolled in a comprehensive program with dietitian visits and follow-ups.,
main_hybrid_t0.90,GLP1-038__BCBS_FEP_WEGOVY_2026_07_01,GLP1-038,BCBS_FEP_WEGOVY_2026_07_01,hybrid,no_concurrent_glp1,medication_reconciliation,hard,contradiction;medication_reconciliation,PASS,PASS,True,jev,1.0,PASS,1.0,DocumentReference/GLP1-038-NUTR-002;DocumentReference/GLP1-038-PCP-003;DocumentReference/GLP1-038-PHARM-001;DocumentReference/GLP1-038-TEL-001,DocumentReference/GLP1-038-NUTR-002;DocumentReference/GLP1-038-PCP-003;DocumentReference/GLP1-038-PHARM-001;DocumentReference/GLP1-038-TEL-001;MedicationRequest/GLP1-038-OZEMPIC,True,,121.2,2002.666667,0.0,8.4e-05,False,,,,Structured Ozempic order still 'active' (2025-10) but newer explicit note (2026-08) says stopped ~2 months ago; newer explicit evidence wins.,
main_hybrid_t0.90,GLP1-038__BCBS_FEP_WEGOVY_2026_07_01,GLP1-038,BCBS_FEP_WEGOVY_2026_07_01,hybrid,no_concurrent_pa_weight_loss_med,medication_reconciliation,hard,contradiction;medication_reconciliation,PASS,PASS,True,jev,1.0,PASS,1.0,DocumentReference/GLP1-038-NUTR-002;DocumentReference/GLP1-038-PCP-003;DocumentReference/GLP1-038-PHARM-001;DocumentReference/GLP1-038-TEL-001,DocumentReference/GLP1-038-NUTR-002;DocumentReference/GLP1-038-PCP-003;DocumentReference/GLP1-038-PHARM-001;DocumentReference/GLP1-038-TEL-001;MedicationRequest/GLP1-038-OZEMPIC,True,,121.2,2002.666667,0.0,8.4e-05,False,,,,Ozempic is not on the PA weight-loss list; no other agents.,
main_hybrid_t0.90,GLP1-038__UHC_WEGOVY_P1114_22_2026_09_01,GLP1-038,UHC_WEGOVY_P1114_22_2026_09_01,hybrid,age,deterministic,hard,contradiction;medication_reconciliation,PASS,PASS,True,code,1.0,,,,Patient/GLP1-038,,,0.0,0.0,0.0,0.0,False,,,,Age 49 on 2026-09-01 (min 12).,
main_hybrid_t0.90,GLP1-038__UHC_WEGOVY_P1114_22_2026_09_01,GLP1-038,UHC_WEGOVY_P1114_22_2026_09_01,hybrid,indication,deterministic,hard,contradiction;medication_reconciliation,PASS,PASS,True,code,1.0,,,,,,,0.0,0.0,0.0,0.0,False,,,,Initial Wegovy request for chronic weight management.,
main_hybrid_t0.90,GLP1-038__UHC_WEGOVY_P1114_22_2026_09_01,GLP1-038,UHC_WEGOVY_P1114_22_2026_09_01,hybrid,lifestyle_adjunct,semantic,hard,contradiction;medication_reconciliation,PASS,PASS,True,jev,0.96,PASS,0.96,DocumentReference/GLP1-038-LAB-003;DocumentReference/GLP1-038-NUTR-001;DocumentReference/GLP1-038-NUTR-002;DocumentReference/GLP1-038-PCP-001;DocumentReference/GLP1-038-PCP-002;DocumentReference/GLP1-038-PCP-003,DocumentReference/GLP1-038-LAB-003;DocumentReference/GLP1-038-NUTR-001;DocumentReference/GLP1-038-NUTR-002;DocumentReference/GLP1-038-PCP-001;DocumentReference/GLP1-038-PCP-002;DocumentReference/GLP1-038-PCP-003,True,,133.9,5234.0,0.0,0.00022,False,,,,Final note documents continued diet and exercise.,
main_hybrid_t0.90,GLP1-038__UHC_WEGOVY_P1114_22_2026_09_01,GLP1-038,UHC_WEGOVY_P1114_22_2026_09_01,hybrid,bmi_threshold,deterministic,hard,contradiction;medication_reconciliation,PASS,PASS,True,code,1.0,,,,Observation/GLP1-038-BMI-2026-08-12,,,0.0,0.0,0.0,0.0,False,,,,Latest structured BMI 31.5 (2026-08-12).,
main_hybrid_t0.90,GLP1-039__AETNA_WEGOVY_4774C_2026_08_20,GLP1-039,AETNA_WEGOVY_4774C_2026_08_20,hybrid,age,deterministic,hard,stale_medication,PASS,PASS,True,code,1.0,,,,Patient/GLP1-039,,,0.0,0.0,0.0,0.0,False,,,,Age 56 on 2026-09-01 (min 18).,
main_hybrid_t0.90,GLP1-039__AETNA_WEGOVY_4774C_2026_08_20,GLP1-039,AETNA_WEGOVY_4774C_2026_08_20,hybrid,indication,deterministic,hard,stale_medication,PASS,PASS,True,code,1.0,,,,,,,0.0,0.0,0.0,0.0,False,,,,Initial Wegovy request for chronic weight management.,
main_hybrid_t0.90,GLP1-039__AETNA_WEGOVY_4774C_2026_08_20,GLP1-039,AETNA_WEGOVY_4774C_2026_08_20,hybrid,adjunct_diet_and_activity,semantic,hard,stale_medication,PASS,PASS,True,jev,0.92,PASS,0.92,DocumentReference/GLP1-039-NUTR-001;DocumentReference/GLP1-039-NUTR-002;DocumentReference/GLP1-039-ORTH-001;DocumentReference/GLP1-039-PCP-001;DocumentReference/GLP1-039-PCP-002;DocumentReference/GLP1-039-PCP-003,DocumentReference/GLP1-039-NUTR-001;DocumentReference/GLP1-039-NUTR-002;DocumentReference/GLP1-039-ORTH-001;DocumentReference/GLP1-039-PCP-001;DocumentReference/GLP1-039-PCP-002;DocumentReference/GLP1-039-PCP-003,True,,177.1,4668.5,0.0,0.000196,False,,,,Final note documents continued diet AND exercise.,
main_hybrid_t0.90,GLP1-039__AETNA_WEGOVY_4774C_2026_08_20,GLP1-039,AETNA_WEGOVY_4774C_2026_08_20,hybrid,program_6_months,semantic_temporal,hard,stale_medication,PASS,PASS,True,jev,1.0,PASS,1.0,DocumentReference/GLP1-039-NUTR-001;DocumentReference/GLP1-039-NUTR-002;DocumentReference/GLP1-039-ORTH-001;DocumentReference/GLP1-039-PCP-001;DocumentReference/GLP1-039-PCP-003,DocumentReference/GLP1-039-NUTR-001;DocumentReference/GLP1-039-NUTR-002;DocumentReference/GLP1-039-ORTH-001;DocumentReference/GLP1-039-PCP-001;DocumentReference/GLP1-039-PCP-003,True,,177.1,4668.5,0.0,0.000196,False,,,,"Continuous program with diet, activity and follow-up; duration computed from dated events. 2025-11-09 -> 2026-08-09 = 9 whole months (min 6).",
main_hybrid_t0.90,GLP1-039__AETNA_WEGOVY_4774C_2026_08_20,GLP1-039,AETNA_WEGOVY_4774C_2026_08_20,hybrid,bmi_threshold,deterministic,hard,stale_medication,PASS,PASS,True,code,1.0,,,,Condition/GLP1-039-HTN;Observation/GLP1-039-BMI-2026-08-09,,,0.0,0.0,0.0,0.0,False,,,,Latest structured BMI 33.0 (2026-08-09).,
main_hybrid_t0.90,GLP1-039__BCBS_FEP_WEGOVY_2026_07_01,GLP1-039,BCBS_FEP_WEGOVY_2026_07_01,hybrid,age,deterministic,hard,stale_medication,PASS,PASS,True,code,1.0,,,,Patient/GLP1-039,,,0.0,0.0,0.0,0.0,False,,,,Age 56 on 2026-09-01 (min 18).,
main_hybrid_t0.90,GLP1-039__BCBS_FEP_WEGOVY_2026_07_01,GLP1-039,BCBS_FEP_WEGOVY_2026_07_01,hybrid,indication,deterministic,hard,stale_medication,PASS,PASS,True,code,1.0,,,,,,,0.0,0.0,0.0,0.0,False,,,,Initial Wegovy request for chronic weight management.,
main_hybrid_t0.90,GLP1-039__BCBS_FEP_WEGOVY_2026_07_01,GLP1-039,BCBS_FEP_WEGOVY_2026_07_01,hybrid,bmi_threshold,deterministic,hard,stale_medication,PASS,PASS,True,code,1.0,,,,Condition/GLP1-039-HTN;Observation/GLP1-039-BMI-2026-08-09,,,0.0,0.0,0.0,0.0,False,,,,Latest structured BMI 33.0 (2026-08-09).,
main_hybrid_t0.90,GLP1-039__BCBS_FEP_WEGOVY_2026_07_01,GLP1-039,BCBS_FEP_WEGOVY_2026_07_01,hybrid,weight_management_program,semantic,hard,stale_medication,PASS,PASS,True,jev,0.94,PASS,0.94,DocumentReference/GLP1-039-NUTR-001;DocumentReference/GLP1-039-NUTR-002;DocumentReference/GLP1-039-PCP-001;DocumentReference/GLP1-039-PCP-003,DocumentReference/GLP1-039-NUTR-001;DocumentReference/GLP1-039-NUTR-002;DocumentReference/GLP1-039-PCP-001;DocumentReference/GLP1-039-PCP-003,True,,169.6,2067.333333,0.0,8.7e-05,False,,,,Enrolled in a comprehensive program with dietitian visits and follow-ups.,
main_hybrid_t0.90,GLP1-039__BCBS_FEP_WEGOVY_2026_07_01,GLP1-039,BCBS_FEP_WEGOVY_2026_07_01,hybrid,no_concurrent_glp1,medication_reconciliation,hard,stale_medication,PASS,PASS,True,jev,1.0,PASS,1.0,DocumentReference/GLP1-039-NUTR-002;DocumentReference/GLP1-039-ORTH-001;DocumentReference/GLP1-039-PCP-003;DocumentReference/GLP1-039-PHARM-001,DocumentReference/GLP1-039-NUTR-002;DocumentReference/GLP1-039-ORTH-001;DocumentReference/GLP1-039-PCP-003;DocumentReference/GLP1-039-PHARM-001;MedicationStatement/GLP1-039-WEGOVY-2023,True,,169.6,2067.333333,0.0,8.7e-05,False,,,,Stale 2023 Wegovy statement never closed; current (2026-08) medication review lists no GLP-1; newer explicit evidence wins.,
main_hybrid_t0.90,GLP1-039__BCBS_FEP_WEGOVY_2026_07_01,GLP1-039,BCBS_FEP_WEGOVY_2026_07_01,hybrid,no_concurrent_pa_weight_loss_med,medication_reconciliation,hard,stale_medication,PASS,PASS,True,jev,1.0,PASS,1.0,DocumentReference/GLP1-039-NUTR-002;DocumentReference/GLP1-039-ORTH-001;DocumentReference/GLP1-039-PCP-003;DocumentReference/GLP1-039-PHARM-001,DocumentReference/GLP1-039-NUTR-002;DocumentReference/GLP1-039-ORTH-001;DocumentReference/GLP1-039-PCP-003;DocumentReference/GLP1-039-PHARM-001;MedicationStatement/GLP1-039-WEGOVY-2023,True,,169.6,2067.333333,0.0,8.7e-05,False,,,,Same: current reconciliation lists no weight-loss medication.,
main_hybrid_t0.90,GLP1-039__UHC_WEGOVY_P1114_22_2026_09_01,GLP1-039,UHC_WEGOVY_P1114_22_2026_09_01,hybrid,age,deterministic,hard,stale_medication,PASS,PASS,True,code,1.0,,,,Patient/GLP1-039,,,0.0,0.0,0.0,0.0,False,,,,Age 56 on 2026-09-01 (min 12).,
main_hybrid_t0.90,GLP1-039__UHC_WEGOVY_P1114_22_2026_09_01,GLP1-039,UHC_WEGOVY_P1114_22_2026_09_01,hybrid,indication,deterministic,hard,stale_medication,PASS,PASS,True,code,1.0,,,,,,,0.0,0.0,0.0,0.0,False,,,,Initial Wegovy request for chronic weight management.,
main_hybrid_t0.90,GLP1-039__UHC_WEGOVY_P1114_22_2026_09_01,GLP1-039,UHC_WEGOVY_P1114_22_2026_09_01,hybrid,lifestyle_adjunct,semantic,hard,stale_medication,PASS,PASS,True,jev,0.96,PASS,0.96,DocumentReference/GLP1-039-NUTR-001;DocumentReference/GLP1-039-NUTR-002;DocumentReference/GLP1-039-ORTH-001;DocumentReference/GLP1-039-PCP-001;DocumentReference/GLP1-039-PCP-003,DocumentReference/GLP1-039-NUTR-001;DocumentReference/GLP1-039-NUTR-002;DocumentReference/GLP1-039-ORTH-001;DocumentReference/GLP1-039-PCP-001;DocumentReference/GLP1-039-PCP-003,True,,137.3,5391.0,0.0,0.000226,False,,,,Final note documents continued diet and exercise.,
main_hybrid_t0.90,GLP1-039__UHC_WEGOVY_P1114_22_2026_09_01,GLP1-039,UHC_WEGOVY_P1114_22_2026_09_01,hybrid,bmi_threshold,deterministic,hard,stale_medication,PASS,PASS,True,code,1.0,,,,Condition/GLP1-039-HTN;Observation/GLP1-039-BMI-2026-08-09,,,0.0,0.0,0.0,0.0,False,,,,Latest structured BMI 33.0 (2026-08-09).,
main_hybrid_t0.90,GLP1-040__AETNA_WEGOVY_4774C_2026_08_20,GLP1-040,AETNA_WEGOVY_4774C_2026_08_20,hybrid,age,deterministic,hard,structured_narrative_conflict,PASS,PASS,True,code,1.0,,,,Patient/GLP1-040,,,0.0,0.0,0.0,0.0,False,,,,Age 28 on 2026-09-01 (min 18).,
main_hybrid_t0.90,GLP1-040__AETNA_WEGOVY_4774C_2026_08_20,GLP1-040,AETNA_WEGOVY_4774C_2026_08_20,hybrid,indication,deterministic,hard,structured_narrative_conflict,PASS,PASS,True,code,1.0,,,,,,,0.0,0.0,0.0,0.0,False,,,,Initial Wegovy request for chronic weight management.,
main_hybrid_t0.90,GLP1-040__AETNA_WEGOVY_4774C_2026_08_20,GLP1-040,AETNA_WEGOVY_4774C_2026_08_20,hybrid,adjunct_diet_and_activity,semantic,hard,structured_narrative_conflict,PASS,PASS,True,jev,0.94,PASS,0.94,DocumentReference/GLP1-040-NUTR-001;DocumentReference/GLP1-040-NUTR-002;DocumentReference/GLP1-040-PCP-001;DocumentReference/GLP1-040-PCP-002;DocumentReference/GLP1-040-PCP-003,DocumentReference/GLP1-040-NUTR-001;DocumentReference/GLP1-040-NUTR-002;DocumentReference/GLP1-040-PCP-001;DocumentReference/GLP1-040-PCP-002;DocumentReference/GLP1-040-PCP-003,True,,202.3,2327.0,0.0,9.8e-05,False,,,,Final note documents continued diet AND exercise.,
main_hybrid_t0.90,GLP1-040__AETNA_WEGOVY_4774C_2026_08_20,GLP1-040,AETNA_WEGOVY_4774C_2026_08_20,hybrid,program_6_months,semantic_temporal,hard,structured_narrative_conflict,PASS,PASS,True,jev,0.96,PASS,0.96,DocumentReference/GLP1-040-NUTR-001;DocumentReference/GLP1-040-NUTR-002;DocumentReference/GLP1-040-PCP-001;DocumentReference/GLP1-040-PCP-002;DocumentReference/GLP1-040-PCP-003,DocumentReference/GLP1-040-NUTR-001;DocumentReference/GLP1-040-NUTR-002;DocumentReference/GLP1-040-PCP-001;DocumentReference/GLP1-040-PCP-002;DocumentReference/GLP1-040-PCP-003,True,,202.3,2327.0,0.0,9.8e-05,False,,,,"Continuous program with diet, activity and follow-up; duration computed from dated events. 2025-12-11 -> 2026-08-11 = 8 whole months (min 6).",
main_hybrid_t0.90,GLP1-040__AETNA_WEGOVY_4774C_2026_08_20,GLP1-040,AETNA_WEGOVY_4774C_2026_08_20,hybrid,bmi_threshold,deterministic,hard,structured_narrative_conflict,FAIL,INSUFFICIENT,False,gpt_escalation,0.97,FAIL,0.89,,Observation/GLP1-040-BMI-2026-08-11;Condition/GLP1-040-OVERWT;DocumentReference/GLP1-040-PCP-003,,,7149.9,5937.0,404.0,0.011358,True,escalation_broke,MISSING_NOT_NEGATIVE,MODEL_OVERCONFIDENCE,Latest structured BMI 29.7 (2026-08-11). In 27–30 band; comorbidity: FAIL — No weight-related comorbidity.,"The latest structured BMI is 29.7, below the 30 threshold but above the alternative 27 threshold. No qualifying weight-related comorbid condition is documented, so the alternative pathway cannot be established."
main_hybrid_t0.90,GLP1-040__BCBS_FEP_WEGOVY_2026_07_01,GLP1-040,BCBS_FEP_WEGOVY_2026_07_01,hybrid,age,deterministic,hard,structured_narrative_conflict,PASS,PASS,True,code,1.0,,,,Patient/GLP1-040,,,0.0,0.0,0.0,0.0,False,,,,Age 28 on 2026-09-01 (min 18).,
main_hybrid_t0.90,GLP1-040__BCBS_FEP_WEGOVY_2026_07_01,GLP1-040,BCBS_FEP_WEGOVY_2026_07_01,hybrid,indication,deterministic,hard,structured_narrative_conflict,PASS,PASS,True,code,1.0,,,,,,,0.0,0.0,0.0,0.0,False,,,,Initial Wegovy request for chronic weight management.,
main_hybrid_t0.90,GLP1-040__BCBS_FEP_WEGOVY_2026_07_01,GLP1-040,BCBS_FEP_WEGOVY_2026_07_01,hybrid,bmi_threshold,deterministic,hard,structured_narrative_conflict,FAIL,FAIL,True,jev,0.93,FAIL,0.93,,DocumentReference/GLP1-040-PCP-001;DocumentReference/GLP1-040-PCP-002;DocumentReference/GLP1-040-PCP-003;Observation/GLP1-040-BMI-2026-08-11,,,144.1,1594.25,0.0,6.7e-05,False,,,,Latest structured BMI 29.7 (2026-08-11). In 27–30 band; comorbidity: FAIL — No weight-related comorbidity.,
main_hybrid_t0.90,GLP1-040__BCBS_FEP_WEGOVY_2026_07_01,GLP1-040,BCBS_FEP_WEGOVY_2026_07_01,hybrid,weight_management_program,semantic,hard,structured_narrative_conflict,PASS,PASS,True,jev,0.96,PASS,0.96,DocumentReference/GLP1-040-NUTR-001;DocumentReference/GLP1-040-NUTR-002;DocumentReference/GLP1-040-PCP-001;DocumentReference/GLP1-040-PCP-002;DocumentReference/GLP1-040-PCP-003,DocumentReference/GLP1-040-NUTR-001;DocumentReference/GLP1-040-NUTR-002;DocumentReference/GLP1-040-PCP-001;DocumentReference/GLP1-040-PCP-002;DocumentReference/GLP1-040-PCP-003,True,,144.1,1594.25,0.0,6.7e-05,False,,,,Enrolled in a comprehensive program with dietitian visits and follow-ups.,
main_hybrid_t0.90,GLP1-040__BCBS_FEP_WEGOVY_2026_07_01,GLP1-040,BCBS_FEP_WEGOVY_2026_07_01,hybrid,no_concurrent_glp1,medication_reconciliation,hard,structured_narrative_conflict,PASS,PASS,True,jev,1.0,PASS,1.0,DocumentReference/GLP1-040-NUTR-002;DocumentReference/GLP1-040-OSR-003;DocumentReference/GLP1-040-PCP-003;DocumentReference/GLP1-040-PHARM-001,DocumentReference/GLP1-040-NUTR-002;DocumentReference/GLP1-040-OSR-003;DocumentReference/GLP1-040-PCP-003;DocumentReference/GLP1-040-PHARM-001,,,144.1,1594.25,0.0,6.7e-05,False,,,,No GLP-1 use.,
main_hybrid_t0.90,GLP1-040__BCBS_FEP_WEGOVY_2026_07_01,GLP1-040,BCBS_FEP_WEGOVY_2026_07_01,hybrid,no_concurrent_pa_weight_loss_med,medication_reconciliation,hard,structured_narrative_conflict,PASS,PASS,True,jev,1.0,PASS,1.0,DocumentReference/GLP1-040-NUTR-002;DocumentReference/GLP1-040-OSR-003;DocumentReference/GLP1-040-PCP-003;DocumentReference/GLP1-040-PHARM-001,DocumentReference/GLP1-040-NUTR-002;DocumentReference/GLP1-040-OSR-003;DocumentReference/GLP1-040-PCP-003;DocumentReference/GLP1-040-PHARM-001,,,144.1,1594.25,0.0,6.7e-05,False,,,,No weight-loss medication.,
main_hybrid_t0.90,GLP1-040__UHC_WEGOVY_P1114_22_2026_09_01,GLP1-040,UHC_WEGOVY_P1114_22_2026_09_01,hybrid,age,deterministic,hard,structured_narrative_conflict,PASS,PASS,True,code,1.0,,,,Patient/GLP1-040,,,0.0,0.0,0.0,0.0,False,,,,Age 28 on 2026-09-01 (min 12).,
main_hybrid_t0.90,GLP1-040__UHC_WEGOVY_P1114_22_2026_09_01,GLP1-040,UHC_WEGOVY_P1114_22_2026_09_01,hybrid,indication,deterministic,hard,structured_narrative_conflict,PASS,PASS,True,code,1.0,,,,,,,0.0,0.0,0.0,0.0,False,,,,Initial Wegovy request for chronic weight management.,
main_hybrid_t0.90,GLP1-040__UHC_WEGOVY_P1114_22_2026_09_01,GLP1-040,UHC_WEGOVY_P1114_22_2026_09_01,hybrid,lifestyle_adjunct,semantic,hard,structured_narrative_conflict,PASS,PASS,True,jev,0.94,PASS,0.94,DocumentReference/GLP1-040-NUTR-001;DocumentReference/GLP1-040-NUTR-002;DocumentReference/GLP1-040-PCP-001;DocumentReference/GLP1-040-PCP-002;DocumentReference/GLP1-040-PCP-003,DocumentReference/GLP1-040-NUTR-001;DocumentReference/GLP1-040-NUTR-002;DocumentReference/GLP1-040-PCP-001;DocumentReference/GLP1-040-PCP-002;DocumentReference/GLP1-040-PCP-003,True,,230.9,2383.0,0.0,0.0001,False,,,,Final note documents continued diet and exercise.,
main_hybrid_t0.90,GLP1-040__UHC_WEGOVY_P1114_22_2026_09_01,GLP1-040,UHC_WEGOVY_P1114_22_2026_09_01,hybrid,bmi_threshold,deterministic,hard,structured_narrative_conflict,FAIL,FAIL,True,jev,0.93,FAIL,0.93,,DocumentReference/GLP1-040-PCP-001;DocumentReference/GLP1-040-PCP-002;DocumentReference/GLP1-040-PCP-003;Observation/GLP1-040-BMI-2026-08-11,,,230.9,2383.0,0.0,0.0001,False,,,,Latest structured BMI 29.7 (2026-08-11). In 27–30 band; comorbidity: FAIL — No weight-related comorbidity.,
main_hybrid_t0.90,GLP1-041__AETNA_WEGOVY_4774C_2026_08_20,GLP1-041,AETNA_WEGOVY_4774C_2026_08_20,hybrid,age,deterministic,hard,longitudinal_bmi_conflict,PASS,PASS,True,code,1.0,,,,Patient/GLP1-041,,,0.0,0.0,0.0,0.0,False,,,,Age 35 on 2026-09-01 (min 18).,
main_hybrid_t0.90,GLP1-041__AETNA_WEGOVY_4774C_2026_08_20,GLP1-041,AETNA_WEGOVY_4774C_2026_08_20,hybrid,indication,deterministic,hard,longitudinal_bmi_conflict,PASS,PASS,True,code,1.0,,,,,,,0.0,0.0,0.0,0.0,False,,,,Initial Wegovy request for chronic weight management.,
main_hybrid_t0.90,GLP1-041__AETNA_WEGOVY_4774C_2026_08_20,GLP1-041,AETNA_WEGOVY_4774C_2026_08_20,hybrid,adjunct_diet_and_activity,semantic,hard,longitudinal_bmi_conflict,PASS,PASS,True,jev,0.92,PASS,0.92,DocumentReference/GLP1-041-NUTR-001;DocumentReference/GLP1-041-NUTR-002;DocumentReference/GLP1-041-PCP-001;DocumentReference/GLP1-041-PCP-002;DocumentReference/GLP1-041-PCP-003,DocumentReference/GLP1-041-NUTR-001;DocumentReference/GLP1-041-NUTR-002;DocumentReference/GLP1-041-PCP-001;DocumentReference/GLP1-041-PCP-002;DocumentReference/GLP1-041-PCP-003,True,,229.5,2357.333333,0.0,9.9e-05,False,,,,Final note documents continued diet AND exercise.,
main_hybrid_t0.90,GLP1-041__AETNA_WEGOVY_4774C_2026_08_20,GLP1-041,AETNA_WEGOVY_4774C_2026_08_20,hybrid,program_6_months,semantic_temporal,hard,longitudinal_bmi_conflict,PASS,PASS,True,jev,0.96,PASS,0.96,DocumentReference/GLP1-041-NUTR-001;DocumentReference/GLP1-041-NUTR-002;DocumentReference/GLP1-041-PCP-001;DocumentReference/GLP1-041-PCP-002;DocumentReference/GLP1-041-PCP-003,DocumentReference/GLP1-041-NUTR-001;DocumentReference/GLP1-041-NUTR-002;DocumentReference/GLP1-041-PCP-001;DocumentReference/GLP1-041-PCP-002;DocumentReference/GLP1-041-PCP-003,True,,229.5,2357.333333,0.0,9.9e-05,False,,,,"Continuous program with diet, activity and follow-up; duration computed from dated events. 2025-12-19 -> 2026-08-19 = 8 whole months (min 6).",
main_hybrid_t0.90,GLP1-041__AETNA_WEGOVY_4774C_2026_08_20,GLP1-041,AETNA_WEGOVY_4774C_2026_08_20,hybrid,bmi_threshold,deterministic,hard,longitudinal_bmi_conflict,FAIL,FAIL,True,gpt_escalation,0.91,FAIL,0.88,,Observation/GLP1-041-BMI-2026-08-19;Condition/GLP1-041-GERD;Condition/GLP1-041-LBP;DocumentReference/GLP1-041-PCP-001,,,14259.5,6443.333333,806.0,0.016331,True,both_correct,,,Latest structured BMI 29.8 (2026-08-19). In 27–30 band; comorbidity: FAIL — No weight-related comorbidity.,"The latest structured BMI before the request is 29.8, below 30. Although the patient reports that reflux and back pain worsen with weight gain, both conditions are recorded as non-weight-related; no qualifying weight-related comorbidity is documented for the BMI ≥27 route."
main_hybrid_t0.90,GLP1-041__BCBS_FEP_WEGOVY_2026_07_01,GLP1-041,BCBS_FEP_WEGOVY_2026_07_01,hybrid,age,deterministic,hard,longitudinal_bmi_conflict,PASS,PASS,True,code,1.0,,,,Patient/GLP1-041,,,0.0,0.0,0.0,0.0,False,,,,Age 35 on 2026-09-01 (min 18).,
main_hybrid_t0.90,GLP1-041__BCBS_FEP_WEGOVY_2026_07_01,GLP1-041,BCBS_FEP_WEGOVY_2026_07_01,hybrid,indication,deterministic,hard,longitudinal_bmi_conflict,PASS,PASS,True,code,1.0,,,,,,,0.0,0.0,0.0,0.0,False,,,,Initial Wegovy request for chronic weight management.,
main_hybrid_t0.90,GLP1-041__BCBS_FEP_WEGOVY_2026_07_01,GLP1-041,BCBS_FEP_WEGOVY_2026_07_01,hybrid,bmi_threshold,deterministic,hard,longitudinal_bmi_conflict,FAIL,PASS,False,gpt_escalation,0.9,FAIL,0.89,,Observation/GLP1-041-BMI-2026-08-19;Condition/GLP1-041-GERD;DocumentReference/GLP1-041-PCP-001,,,11016.4,6275.0,685.0,0.016302,True,escalation_broke,CONTRADICTION,MODEL_OVERCONFIDENCE,Latest structured BMI 29.8 (2026-08-19). In 27–30 band; comorbidity: FAIL — No weight-related comorbidity.,"The latest structured BMI is 29.8, meeting the ≥27 threshold. GERD is active, and the clinical note documents that reflux worsens with weight gain, supporting a weight-related comorbid condition under the policy’s non-exhaustive examples."
main_hybrid_t0.90,GLP1-041__BCBS_FEP_WEGOVY_2026_07_01,GLP1-041,BCBS_FEP_WEGOVY_2026_07_01,hybrid,weight_management_program,semantic,hard,longitudinal_bmi_conflict,PASS,PASS,True,jev,0.96,PASS,0.96,DocumentReference/GLP1-041-NUTR-001;DocumentReference/GLP1-041-NUTR-002;DocumentReference/GLP1-041-PCP-001;DocumentReference/GLP1-041-PCP-002;DocumentReference/GLP1-041-PCP-003,DocumentReference/GLP1-041-NUTR-001;DocumentReference/GLP1-041-NUTR-002;DocumentReference/GLP1-041-PCP-001;DocumentReference/GLP1-041-PCP-002;DocumentReference/GLP1-041-PCP-003,True,,167.0,1582.0,0.0,6.6e-05,False,,,,Enrolled in a comprehensive program with dietitian visits and follow-ups.,
main_hybrid_t0.90,GLP1-041__BCBS_FEP_WEGOVY_2026_07_01,GLP1-041,BCBS_FEP_WEGOVY_2026_07_01,hybrid,no_concurrent_glp1,medication_reconciliation,hard,longitudinal_bmi_conflict,PASS,PASS,True,jev,1.0,PASS,1.0,DocumentReference/GLP1-041-LAB-003;DocumentReference/GLP1-041-NUTR-002;DocumentReference/GLP1-041-PCP-003;DocumentReference/GLP1-041-PHARM-001,DocumentReference/GLP1-041-LAB-003;DocumentReference/GLP1-041-NUTR-002;DocumentReference/GLP1-041-PCP-003;DocumentReference/GLP1-041-PHARM-001,,,167.0,1582.0,0.0,6.6e-05,False,,,,No GLP-1 use.,
main_hybrid_t0.90,GLP1-041__BCBS_FEP_WEGOVY_2026_07_01,GLP1-041,BCBS_FEP_WEGOVY_2026_07_01,hybrid,no_concurrent_pa_weight_loss_med,medication_reconciliation,hard,longitudinal_bmi_conflict,PASS,PASS,True,jev,1.0,PASS,1.0,DocumentReference/GLP1-041-LAB-003;DocumentReference/GLP1-041-NUTR-002;DocumentReference/GLP1-041-PCP-003;DocumentReference/GLP1-041-PHARM-001,DocumentReference/GLP1-041-LAB-003;DocumentReference/GLP1-041-NUTR-002;DocumentReference/GLP1-041-PCP-003;DocumentReference/GLP1-041-PHARM-001,,,167.0,1582.0,0.0,6.6e-05,False,,,,No weight-loss medication.,
main_hybrid_t0.90,GLP1-041__UHC_WEGOVY_P1114_22_2026_09_01,GLP1-041,UHC_WEGOVY_P1114_22_2026_09_01,hybrid,age,deterministic,hard,longitudinal_bmi_conflict,PASS,PASS,True,code,1.0,,,,Patient/GLP1-041,,,0.0,0.0,0.0,0.0,False,,,,Age 35 on 2026-09-01 (min 12).,
main_hybrid_t0.90,GLP1-041__UHC_WEGOVY_P1114_22_2026_09_01,GLP1-041,UHC_WEGOVY_P1114_22_2026_09_01,hybrid,indication,deterministic,hard,longitudinal_bmi_conflict,PASS,PASS,True,code,1.0,,,,,,,0.0,0.0,0.0,0.0,False,,,,Initial Wegovy request for chronic weight management.,
main_hybrid_t0.90,GLP1-041__UHC_WEGOVY_P1114_22_2026_09_01,GLP1-041,UHC_WEGOVY_P1114_22_2026_09_01,hybrid,lifestyle_adjunct,semantic,hard,longitudinal_bmi_conflict,PASS,PASS,True,jev,0.94,PASS,0.94,DocumentReference/GLP1-041-NUTR-001;DocumentReference/GLP1-041-NUTR-002;DocumentReference/GLP1-041-PCP-001;DocumentReference/GLP1-041-PCP-002;DocumentReference/GLP1-041-PCP-003,DocumentReference/GLP1-041-NUTR-001;DocumentReference/GLP1-041-NUTR-002;DocumentReference/GLP1-041-PCP-001;DocumentReference/GLP1-041-PCP-002;DocumentReference/GLP1-041-PCP-003,True,,116.2,2428.5,0.0,0.000102,False,,,,Final note documents continued diet and exercise.,
main_hybrid_t0.90,GLP1-041__UHC_WEGOVY_P1114_22_2026_09_01,GLP1-041,UHC_WEGOVY_P1114_22_2026_09_01,hybrid,bmi_threshold,deterministic,hard,longitudinal_bmi_conflict,FAIL,CONFLICT,False,gpt_escalation,0.82,FAIL,0.88,,Observation/GLP1-041-BMI-2026-08-19;Condition/GLP1-041-GERD;Condition/GLP1-041-LBP;DocumentReference/GLP1-041-PCP-001,,,10532.6,6178.5,677.0,0.014372,True,escalation_broke,CONTRADICTION,,Latest structured BMI 29.8 (2026-08-19). In 27–30 band; comorbidity: FAIL — No weight-related comorbidity.,"The latest structured BMI is 29.8, so approval requires a weight-related comorbidity. The note says reflux and back pain worsened with weight gain, but both conditions are marked not weight-related in the structured record; their qualification cannot be resolved safely."
main_hybrid_t0.90,GLP1-042__AETNA_WEGOVY_4774C_2026_08_20,GLP1-042,AETNA_WEGOVY_4774C_2026_08_20,hybrid,age,deterministic,hard,source_contradiction,PASS,PASS,True,code,1.0,,,,Patient/GLP1-042,,,0.0,0.0,0.0,0.0,False,,,,Age 42 on 2026-09-01 (min 18).,
main_hybrid_t0.90,GLP1-042__AETNA_WEGOVY_4774C_2026_08_20,GLP1-042,AETNA_WEGOVY_4774C_2026_08_20,hybrid,indication,deterministic,hard,source_contradiction,PASS,PASS,True,code,1.0,,,,,,,0.0,0.0,0.0,0.0,False,,,,Initial Wegovy request for chronic weight management.,
main_hybrid_t0.90,GLP1-042__AETNA_WEGOVY_4774C_2026_08_20,GLP1-042,AETNA_WEGOVY_4774C_2026_08_20,hybrid,adjunct_diet_and_activity,semantic,hard,source_contradiction,PASS,PASS,True,gpt_escalation,0.88,PASS,0.84,DocumentReference/GLP1-042-NUTR-001;DocumentReference/GLP1-042-NUTR-002;DocumentReference/GLP1-042-PCP-001;DocumentReference/GLP1-042-PCP-002,DocumentReference/GLP1-042-NUTR-001;DocumentReference/GLP1-042-NUTR-002;DocumentReference/GLP1-042-PCP-002,True,,13847.5,5272.0,331.0,0.007346,True,both_correct,,,Ongoing diet and exercise documented.,"Within 180 days of the request, the patient was following a reduced-calorie diet and swimming or doing water aerobics about three times weekly. The July follow-up says to continue the plan, and the August visit documents ongoing diet and exercise efforts when Wegovy was requested."
main_hybrid_t0.90,GLP1-042__AETNA_WEGOVY_4774C_2026_08_20,GLP1-042,AETNA_WEGOVY_4774C_2026_08_20,hybrid,program_6_months,semantic_temporal,hard,source_contradiction,CONFLICT,FAIL,False,gpt_escalation,0.95,CONFLICT,0.84,DocumentReference/GLP1-042-NUTR-001;DocumentReference/GLP1-042-NUTR-002;DocumentReference/GLP1-042-PCP-001;DocumentReference/GLP1-042-PCP-002,DocumentReference/GLP1-042-PCP-001;DocumentReference/GLP1-042-NUTR-001;DocumentReference/GLP1-042-NUTR-002;DocumentReference/GLP1-042-PCP-002,True,True,13847.5,5272.0,331.0,0.007346,True,escalation_broke,CONTRADICTION,MODEL_OVERCONFIDENCE,PCP states 8 months of dedicated efforts; dietitian intake (May) states no prior structured plan — contradictory sources.,"The May 20 nutrition consult identifies itself as the first formal counseling and documents no prior structured diet or exercise plan; documented program follow-up extends only through August 10, less than six whole calendar months. The August report of eight months of diet and exercise efforts does not establish six months in a comprehensive program with continuing follow-up."
main_hybrid_t0.90,GLP1-042__AETNA_WEGOVY_4774C_2026_08_20,GLP1-042,AETNA_WEGOVY_4774C_2026_08_20,hybrid,bmi_threshold,deterministic,hard,source_contradiction,PASS,PASS,True,code,1.0,,,,Condition/GLP1-042-HTN;Observation/GLP1-042-BMI-2026-08-10,,,0.0,0.0,0.0,0.0,False,,,,Latest structured BMI 35.5 (2026-08-10).,
main_hybrid_t0.90,GLP1-042__BCBS_FEP_WEGOVY_2026_07_01,GLP1-042,BCBS_FEP_WEGOVY_2026_07_01,hybrid,age,deterministic,hard,source_contradiction,PASS,PASS,True,code,1.0,,,,Patient/GLP1-042,,,0.0,0.0,0.0,0.0,False,,,,Age 42 on 2026-09-01 (min 18).,
main_hybrid_t0.90,GLP1-042__BCBS_FEP_WEGOVY_2026_07_01,GLP1-042,BCBS_FEP_WEGOVY_2026_07_01,hybrid,indication,deterministic,hard,source_contradiction,PASS,PASS,True,code,1.0,,,,,,,0.0,0.0,0.0,0.0,False,,,,Initial Wegovy request for chronic weight management.,
main_hybrid_t0.90,GLP1-042__BCBS_FEP_WEGOVY_2026_07_01,GLP1-042,BCBS_FEP_WEGOVY_2026_07_01,hybrid,bmi_threshold,deterministic,hard,source_contradiction,PASS,PASS,True,code,1.0,,,,Condition/GLP1-042-HTN;Observation/GLP1-042-BMI-2026-08-10,,,0.0,0.0,0.0,0.0,False,,,,Latest structured BMI 35.5 (2026-08-10).,
main_hybrid_t0.90,GLP1-042__BCBS_FEP_WEGOVY_2026_07_01,GLP1-042,BCBS_FEP_WEGOVY_2026_07_01,hybrid,weight_management_program,semantic,hard,source_contradiction,PASS,PASS,True,jev,0.96,PASS,0.96,DocumentReference/GLP1-042-NUTR-001;DocumentReference/GLP1-042-NUTR-002;DocumentReference/GLP1-042-PCP-001,DocumentReference/GLP1-042-NUTR-001;DocumentReference/GLP1-042-NUTR-002;DocumentReference/GLP1-042-PCP-001,True,,261.4,1488.666667,0.0,6.3e-05,False,,,,Dietitian-led program since May.,
main_hybrid_t0.90,GLP1-042__BCBS_FEP_WEGOVY_2026_07_01,GLP1-042,BCBS_FEP_WEGOVY_2026_07_01,hybrid,no_concurrent_glp1,medication_reconciliation,hard,source_contradiction,PASS,PASS,True,jev,0.94,PASS,0.94,DocumentReference/GLP1-042-LAB-001;DocumentReference/GLP1-042-NUTR-002;DocumentReference/GLP1-042-ORTH-002;DocumentReference/GLP1-042-PCP-002;DocumentReference/GLP1-042-TEL-001,DocumentReference/GLP1-042-LAB-001;DocumentReference/GLP1-042-NUTR-002;DocumentReference/GLP1-042-ORTH-002;DocumentReference/GLP1-042-PCP-002;DocumentReference/GLP1-042-TEL-001,,,261.4,1488.666667,0.0,6.3e-05,False,,,,No GLP-1 or anti-obesity medication in structured data or notes.,
main_hybrid_t0.90,GLP1-042__BCBS_FEP_WEGOVY_2026_07_01,GLP1-042,BCBS_FEP_WEGOVY_2026_07_01,hybrid,no_concurrent_pa_weight_loss_med,medication_reconciliation,hard,source_contradiction,PASS,PASS,True,jev,0.94,PASS,0.94,DocumentReference/GLP1-042-LAB-001;DocumentReference/GLP1-042-NUTR-002;DocumentReference/GLP1-042-ORTH-002;DocumentReference/GLP1-042-PCP-002;DocumentReference/GLP1-042-TEL-001,DocumentReference/GLP1-042-LAB-001;DocumentReference/GLP1-042-NUTR-002;DocumentReference/GLP1-042-ORTH-002;DocumentReference/GLP1-042-PCP-002;DocumentReference/GLP1-042-TEL-001,,,261.4,1488.666667,0.0,6.3e-05,False,,,,No PA weight-loss medication in structured data or notes.,
main_hybrid_t0.90,GLP1-042__UHC_WEGOVY_P1114_22_2026_09_01,GLP1-042,UHC_WEGOVY_P1114_22_2026_09_01,hybrid,age,deterministic,hard,source_contradiction,PASS,PASS,True,code,1.0,,,,Patient/GLP1-042,,,0.0,0.0,0.0,0.0,False,,,,Age 42 on 2026-09-01 (min 12).,
main_hybrid_t0.90,GLP1-042__UHC_WEGOVY_P1114_22_2026_09_01,GLP1-042,UHC_WEGOVY_P1114_22_2026_09_01,hybrid,indication,deterministic,hard,source_contradiction,PASS,PASS,True,code,1.0,,,,,,,0.0,0.0,0.0,0.0,False,,,,Initial Wegovy request for chronic weight management.,
main_hybrid_t0.90,GLP1-042__UHC_WEGOVY_P1114_22_2026_09_01,GLP1-042,UHC_WEGOVY_P1114_22_2026_09_01,hybrid,lifestyle_adjunct,semantic,hard,source_contradiction,PASS,PASS,True,gpt_escalation,0.98,PASS,0.85,DocumentReference/GLP1-042-NUTR-001;DocumentReference/GLP1-042-NUTR-002;DocumentReference/GLP1-042-PCP-001;DocumentReference/GLP1-042-PCP-002,DocumentReference/GLP1-042-NUTR-002;DocumentReference/GLP1-042-PCP-002,True,,6258.2,7977.0,278.0,0.010054,True,both_correct,,,Ongoing diet and swimming documented.,"The July 15 nutrition follow-up documents ongoing dietary changes and swimming about three times weekly, with instructions to continue the plan. The August 10 visit documents the Wegovy treatment plan; the payer does not require a minimum duration of lifestyle modification."
main_hybrid_t0.90,GLP1-042__UHC_WEGOVY_P1114_22_2026_09_01,GLP1-042,UHC_WEGOVY_P1114_22_2026_09_01,hybrid,bmi_threshold,deterministic,hard,source_contradiction,PASS,PASS,True,code,1.0,,,,Condition/GLP1-042-HTN;Observation/GLP1-042-BMI-2026-08-10,,,0.0,0.0,0.0,0.0,False,,,,Latest structured BMI 35.5 (2026-08-10).,
main_hybrid_t0.90,GLP1-043__AETNA_WEGOVY_4774C_2026_08_20,GLP1-043,AETNA_WEGOVY_4774C_2026_08_20,hybrid,age,deterministic,hard,negation;retrieval_trap,PASS,PASS,True,code,1.0,,,,Patient/GLP1-043,,,0.0,0.0,0.0,0.0,False,,,,Age 49 on 2026-09-01 (min 18).,
main_hybrid_t0.90,GLP1-043__AETNA_WEGOVY_4774C_2026_08_20,GLP1-043,AETNA_WEGOVY_4774C_2026_08_20,hybrid,indication,deterministic,hard,negation;retrieval_trap,PASS,PASS,True,code,1.0,,,,,,,0.0,0.0,0.0,0.0,False,,,,Initial Wegovy request for chronic weight management.,
main_hybrid_t0.90,GLP1-043__AETNA_WEGOVY_4774C_2026_08_20,GLP1-043,AETNA_WEGOVY_4774C_2026_08_20,hybrid,adjunct_diet_and_activity,semantic,hard,negation;retrieval_trap,FAIL,FAIL,True,jev,1.0,FAIL,1.0,DocumentReference/GLP1-043-PCP-001;DocumentReference/GLP1-043-PCP-002;DocumentReference/GLP1-043-PCP-003;DocumentReference/GLP1-043-TEL-002,DocumentReference/GLP1-043-PCP-001;DocumentReference/GLP1-043-PCP-002;DocumentReference/GLP1-043-PCP-003;DocumentReference/GLP1-043-TEL-002,,True,119.5,3300.0,0.0,0.000139,False,,,,Final note: still no structured diet or exercise program.,
main_hybrid_t0.90,GLP1-043__AETNA_WEGOVY_4774C_2026_08_20,GLP1-043,AETNA_WEGOVY_4774C_2026_08_20,hybrid,program_6_months,semantic_temporal,hard,negation;retrieval_trap,FAIL,FAIL,True,jev,1.0,FAIL,1.0,DocumentReference/GLP1-043-PCP-001;DocumentReference/GLP1-043-PCP-002;DocumentReference/GLP1-043-PCP-003;DocumentReference/GLP1-043-TEL-002,DocumentReference/GLP1-043-PCP-001;DocumentReference/GLP1-043-PCP-002;DocumentReference/GLP1-043-PCP-003;DocumentReference/GLP1-043-TEL-002,,True,119.5,3300.0,0.0,0.000139,False,,,,Never enrolled; no formal diet or exercise regimen.,
main_hybrid_t0.90,GLP1-043__AETNA_WEGOVY_4774C_2026_08_20,GLP1-043,AETNA_WEGOVY_4774C_2026_08_20,hybrid,bmi_threshold,deterministic,hard,negation;retrieval_trap,PASS,PASS,True,code,1.0,,,,Observation/GLP1-043-BMI-2026-08-08,,,0.0,0.0,0.0,0.0,False,,,,Latest structured BMI 32.8 (2026-08-08).,
main_hybrid_t0.90,GLP1-043__BCBS_FEP_WEGOVY_2026_07_01,GLP1-043,BCBS_FEP_WEGOVY_2026_07_01,hybrid,age,deterministic,hard,negation;retrieval_trap,PASS,PASS,True,code,1.0,,,,Patient/GLP1-043,,,0.0,0.0,0.0,0.0,False,,,,Age 49 on 2026-09-01 (min 18).,
main_hybrid_t0.90,GLP1-043__BCBS_FEP_WEGOVY_2026_07_01,GLP1-043,BCBS_FEP_WEGOVY_2026_07_01,hybrid,indication,deterministic,hard,negation;retrieval_trap,PASS,PASS,True,code,1.0,,,,,,,0.0,0.0,0.0,0.0,False,,,,Initial Wegovy request for chronic weight management.,
main_hybrid_t0.90,GLP1-043__BCBS_FEP_WEGOVY_2026_07_01,GLP1-043,BCBS_FEP_WEGOVY_2026_07_01,hybrid,bmi_threshold,deterministic,hard,negation;retrieval_trap,PASS,PASS,True,code,1.0,,,,Observation/GLP1-043-BMI-2026-08-08,,,0.0,0.0,0.0,0.0,False,,,,Latest structured BMI 32.8 (2026-08-08).,
main_hybrid_t0.90,GLP1-043__BCBS_FEP_WEGOVY_2026_07_01,GLP1-043,BCBS_FEP_WEGOVY_2026_07_01,hybrid,weight_management_program,semantic,hard,negation;retrieval_trap,FAIL,FAIL,True,jev,0.98,FAIL,0.98,DocumentReference/GLP1-043-GI-001;DocumentReference/GLP1-043-PCP-001;DocumentReference/GLP1-043-PCP-002;DocumentReference/GLP1-043-PCP-003;DocumentReference/GLP1-043-TEL-002,DocumentReference/GLP1-043-GI-001;DocumentReference/GLP1-043-PCP-001;DocumentReference/GLP1-043-PCP-002;DocumentReference/GLP1-043-PCP-003;DocumentReference/GLP1-043-TEL-002,,True,152.9,1989.0,0.0,8.4e-05,False,,,,"Declined the structured program and dietitian referral; referral closed, never enrolled.",
main_hybrid_t0.90,GLP1-043__BCBS_FEP_WEGOVY_2026_07_01,GLP1-043,BCBS_FEP_WEGOVY_2026_07_01,hybrid,no_concurrent_glp1,medication_reconciliation,hard,negation;retrieval_trap,PASS,PASS,True,jev,1.0,PASS,1.0,DocumentReference/GLP1-043-MSG-001;DocumentReference/GLP1-043-PCP-002;DocumentReference/GLP1-043-PCP-003;DocumentReference/GLP1-043-PHARM-001,DocumentReference/GLP1-043-MSG-001;DocumentReference/GLP1-043-PCP-002;DocumentReference/GLP1-043-PCP-003;DocumentReference/GLP1-043-PHARM-001,,,152.9,1989.0,0.0,8.4e-05,False,,,,No GLP-1 or anti-obesity medication in structured data or notes.,
main_hybrid_t0.90,GLP1-043__BCBS_FEP_WEGOVY_2026_07_01,GLP1-043,BCBS_FEP_WEGOVY_2026_07_01,hybrid,no_concurrent_pa_weight_loss_med,medication_reconciliation,hard,negation;retrieval_trap,PASS,PASS,True,jev,1.0,PASS,1.0,DocumentReference/GLP1-043-MSG-001;DocumentReference/GLP1-043-PCP-002;DocumentReference/GLP1-043-PCP-003;DocumentReference/GLP1-043-PHARM-001,DocumentReference/GLP1-043-MSG-001;DocumentReference/GLP1-043-PCP-002;DocumentReference/GLP1-043-PCP-003;DocumentReference/GLP1-043-PHARM-001,,,152.9,1989.0,0.0,8.4e-05,False,,,,No PA weight-loss medication in structured data or notes.,
main_hybrid_t0.90,GLP1-043__UHC_WEGOVY_P1114_22_2026_09_01,GLP1-043,UHC_WEGOVY_P1114_22_2026_09_01,hybrid,age,deterministic,hard,negation;retrieval_trap,PASS,PASS,True,code,1.0,,,,Patient/GLP1-043,,,0.0,0.0,0.0,0.0,False,,,,Age 49 on 2026-09-01 (min 12).,
main_hybrid_t0.90,GLP1-043__UHC_WEGOVY_P1114_22_2026_09_01,GLP1-043,UHC_WEGOVY_P1114_22_2026_09_01,hybrid,indication,deterministic,hard,negation;retrieval_trap,PASS,PASS,True,code,1.0,,,,,,,0.0,0.0,0.0,0.0,False,,,,Initial Wegovy request for chronic weight management.,
main_hybrid_t0.90,GLP1-043__UHC_WEGOVY_P1114_22_2026_09_01,GLP1-043,UHC_WEGOVY_P1114_22_2026_09_01,hybrid,lifestyle_adjunct,semantic,hard,negation;retrieval_trap,FAIL,FAIL,True,jev,1.0,FAIL,1.0,DocumentReference/GLP1-043-PCP-001;DocumentReference/GLP1-043-PCP-002;DocumentReference/GLP1-043-PCP-003;DocumentReference/GLP1-043-TEL-002,DocumentReference/GLP1-043-PCP-001;DocumentReference/GLP1-043-PCP-002;DocumentReference/GLP1-043-PCP-003;DocumentReference/GLP1-043-TEL-002,,True,154.7,4385.0,0.0,0.000184,False,,,,Final note: still no structured diet or exercise program.,
main_hybrid_t0.90,GLP1-043__UHC_WEGOVY_P1114_22_2026_09_01,GLP1-043,UHC_WEGOVY_P1114_22_2026_09_01,hybrid,bmi_threshold,deterministic,hard,negation;retrieval_trap,PASS,PASS,True,code,1.0,,,,Observation/GLP1-043-BMI-2026-08-08,,,0.0,0.0,0.0,0.0,False,,,,Latest structured BMI 32.8 (2026-08-08).,
main_hybrid_t0.90,GLP1-044__AETNA_WEGOVY_4774C_2026_08_20,GLP1-044,AETNA_WEGOVY_4774C_2026_08_20,hybrid,age,deterministic,hard,later_evidence_reversal,PASS,PASS,True,code,1.0,,,,Patient/GLP1-044,,,0.0,0.0,0.0,0.0,False,,,,Age 56 on 2026-09-01 (min 18).,
main_hybrid_t0.90,GLP1-044__AETNA_WEGOVY_4774C_2026_08_20,GLP1-044,AETNA_WEGOVY_4774C_2026_08_20,hybrid,indication,deterministic,hard,later_evidence_reversal,PASS,PASS,True,code,1.0,,,,,,,0.0,0.0,0.0,0.0,False,,,,Initial Wegovy request for chronic weight management.,
main_hybrid_t0.90,GLP1-044__AETNA_WEGOVY_4774C_2026_08_20,GLP1-044,AETNA_WEGOVY_4774C_2026_08_20,hybrid,adjunct_diet_and_activity,semantic,hard,later_evidence_reversal,FAIL,FAIL,True,jev,1.0,FAIL,1.0,DocumentReference/GLP1-044-NUTR-001;DocumentReference/GLP1-044-PCP-001;DocumentReference/GLP1-044-PCP-002;DocumentReference/GLP1-044-PCP-003,DocumentReference/GLP1-044-NUTR-001;DocumentReference/GLP1-044-PCP-001;DocumentReference/GLP1-044-PCP-002;DocumentReference/GLP1-044-PCP-003,True,True,308.0,3971.0,0.0,0.000167,False,,,,Final note: not currently following a diet or exercise plan.,
main_hybrid_t0.90,GLP1-044__AETNA_WEGOVY_4774C_2026_08_20,GLP1-044,AETNA_WEGOVY_4774C_2026_08_20,hybrid,program_6_months,semantic_temporal,hard,later_evidence_reversal,FAIL,FAIL,True,jev,0.93,FAIL,0.93,DocumentReference/GLP1-044-NUTR-001;DocumentReference/GLP1-044-PCP-001;DocumentReference/GLP1-044-PCP-002;DocumentReference/GLP1-044-PCP-003,DocumentReference/GLP1-044-NUTR-001;DocumentReference/GLP1-044-PCP-001;DocumentReference/GLP1-044-PCP-002;DocumentReference/GLP1-044-PCP-003,True,True,308.0,3971.0,0.0,0.000167,False,,,,Stopped ~6 weeks in after ankle injury; not resumed.,
main_hybrid_t0.90,GLP1-044__AETNA_WEGOVY_4774C_2026_08_20,GLP1-044,AETNA_WEGOVY_4774C_2026_08_20,hybrid,bmi_threshold,deterministic,hard,later_evidence_reversal,PASS,PASS,True,code,1.0,,,,Condition/GLP1-044-HTN;Observation/GLP1-044-BMI-2026-08-17,,,0.0,0.0,0.0,0.0,False,,,,Latest structured BMI 38.2 (2026-08-17).,
main_hybrid_t0.90,GLP1-044__BCBS_FEP_WEGOVY_2026_07_01,GLP1-044,BCBS_FEP_WEGOVY_2026_07_01,hybrid,age,deterministic,hard,later_evidence_reversal,PASS,PASS,True,code,1.0,,,,Patient/GLP1-044,,,0.0,0.0,0.0,0.0,False,,,,Age 56 on 2026-09-01 (min 18).,
main_hybrid_t0.90,GLP1-044__BCBS_FEP_WEGOVY_2026_07_01,GLP1-044,BCBS_FEP_WEGOVY_2026_07_01,hybrid,indication,deterministic,hard,later_evidence_reversal,PASS,PASS,True,code,1.0,,,,,,,0.0,0.0,0.0,0.0,False,,,,Initial Wegovy request for chronic weight management.,
main_hybrid_t0.90,GLP1-044__BCBS_FEP_WEGOVY_2026_07_01,GLP1-044,BCBS_FEP_WEGOVY_2026_07_01,hybrid,bmi_threshold,deterministic,hard,later_evidence_reversal,PASS,PASS,True,code,1.0,,,,Condition/GLP1-044-HTN;Observation/GLP1-044-BMI-2026-08-17,,,0.0,0.0,0.0,0.0,False,,,,Latest structured BMI 38.2 (2026-08-17).,
main_hybrid_t0.90,GLP1-044__BCBS_FEP_WEGOVY_2026_07_01,GLP1-044,BCBS_FEP_WEGOVY_2026_07_01,hybrid,weight_management_program,semantic,hard,later_evidence_reversal,PASS,PASS,True,jev,1.0,PASS,1.0,DocumentReference/GLP1-044-NUTR-001;DocumentReference/GLP1-044-PCP-001;DocumentReference/GLP1-044-PCP-002;DocumentReference/GLP1-044-PCP-003,DocumentReference/GLP1-044-NUTR-001;DocumentReference/GLP1-044-PCP-001;DocumentReference/GLP1-044-PCP-002;DocumentReference/GLP1-044-PCP-003,True,True,143.5,1521.333333,0.0,6.4e-05,False,,,,Enrolled and participated ~6 weeks (literal reading: past participation counts).,
main_hybrid_t0.90,GLP1-044__BCBS_FEP_WEGOVY_2026_07_01,GLP1-044,BCBS_FEP_WEGOVY_2026_07_01,hybrid,no_concurrent_glp1,medication_reconciliation,hard,later_evidence_reversal,PASS,PASS,True,jev,1.0,PASS,1.0,DocumentReference/GLP1-044-PCP-002;DocumentReference/GLP1-044-PCP-003,DocumentReference/GLP1-044-PCP-002;DocumentReference/GLP1-044-PCP-003,,,143.5,1521.333333,0.0,6.4e-05,False,,,,No GLP-1 or anti-obesity medication in structured data or notes.,
main_hybrid_t0.90,GLP1-044__BCBS_FEP_WEGOVY_2026_07_01,GLP1-044,BCBS_FEP_WEGOVY_2026_07_01,hybrid,no_concurrent_pa_weight_loss_med,medication_reconciliation,hard,later_evidence_reversal,PASS,PASS,True,jev,1.0,PASS,1.0,DocumentReference/GLP1-044-PCP-002;DocumentReference/GLP1-044-PCP-003,DocumentReference/GLP1-044-PCP-002;DocumentReference/GLP1-044-PCP-003,,,143.5,1521.333333,0.0,6.4e-05,False,,,,No PA weight-loss medication in structured data or notes.,
main_hybrid_t0.90,GLP1-044__UHC_WEGOVY_P1114_22_2026_09_01,GLP1-044,UHC_WEGOVY_P1114_22_2026_09_01,hybrid,age,deterministic,hard,later_evidence_reversal,PASS,PASS,True,code,1.0,,,,Patient/GLP1-044,,,0.0,0.0,0.0,0.0,False,,,,Age 56 on 2026-09-01 (min 12).,
main_hybrid_t0.90,GLP1-044__UHC_WEGOVY_P1114_22_2026_09_01,GLP1-044,UHC_WEGOVY_P1114_22_2026_09_01,hybrid,indication,deterministic,hard,later_evidence_reversal,PASS,PASS,True,code,1.0,,,,,,,0.0,0.0,0.0,0.0,False,,,,Initial Wegovy request for chronic weight management.,
main_hybrid_t0.90,GLP1-044__UHC_WEGOVY_P1114_22_2026_09_01,GLP1-044,UHC_WEGOVY_P1114_22_2026_09_01,hybrid,lifestyle_adjunct,semantic,hard,later_evidence_reversal,FAIL,FAIL,True,jev,1.0,FAIL,1.0,DocumentReference/GLP1-044-NUTR-001;DocumentReference/GLP1-044-PCP-001;DocumentReference/GLP1-044-PCP-002;DocumentReference/GLP1-044-PCP-003,DocumentReference/GLP1-044-NUTR-001;DocumentReference/GLP1-044-PCP-001;DocumentReference/GLP1-044-PCP-002;DocumentReference/GLP1-044-PCP-003,True,True,130.2,4464.0,0.0,0.000187,False,,,,Final note: not currently following a diet or exercise plan.,
main_hybrid_t0.90,GLP1-044__UHC_WEGOVY_P1114_22_2026_09_01,GLP1-044,UHC_WEGOVY_P1114_22_2026_09_01,hybrid,bmi_threshold,deterministic,hard,later_evidence_reversal,PASS,PASS,True,code,1.0,,,,Condition/GLP1-044-HTN;Observation/GLP1-044-BMI-2026-08-17,,,0.0,0.0,0.0,0.0,False,,,,Latest structured BMI 38.2 (2026-08-17).,
main_hybrid_t0.90,GLP1-045__AETNA_WEGOVY_4774C_2026_08_20,GLP1-045,AETNA_WEGOVY_4774C_2026_08_20,hybrid,age,deterministic,hard,medication_reconciliation,PASS,PASS,True,code,1.0,,,,Patient/GLP1-045,,,0.0,0.0,0.0,0.0,False,,,,Age 28 on 2026-09-01 (min 18).,
main_hybrid_t0.90,GLP1-045__AETNA_WEGOVY_4774C_2026_08_20,GLP1-045,AETNA_WEGOVY_4774C_2026_08_20,hybrid,indication,deterministic,hard,medication_reconciliation,PASS,PASS,True,code,1.0,,,,,,,0.0,0.0,0.0,0.0,False,,,,Initial Wegovy request for chronic weight management.,
main_hybrid_t0.90,GLP1-045__AETNA_WEGOVY_4774C_2026_08_20,GLP1-045,AETNA_WEGOVY_4774C_2026_08_20,hybrid,adjunct_diet_and_activity,semantic,hard,medication_reconciliation,PASS,PASS,True,jev,0.94,PASS,0.94,DocumentReference/GLP1-045-NUTR-001;DocumentReference/GLP1-045-NUTR-002;DocumentReference/GLP1-045-PCP-001;DocumentReference/GLP1-045-PCP-002;DocumentReference/GLP1-045-PCP-003;DocumentReference/GLP1-045-PT-001,DocumentReference/GLP1-045-NUTR-001;DocumentReference/GLP1-045-NUTR-002;DocumentReference/GLP1-045-PCP-001;DocumentReference/GLP1-045-PCP-002;DocumentReference/GLP1-045-PCP-003;DocumentReference/GLP1-045-PT-001,True,,255.6,3960.5,0.0,0.000166,False,,,,Final note documents continued diet AND exercise.,
main_hybrid_t0.90,GLP1-045__AETNA_WEGOVY_4774C_2026_08_20,GLP1-045,AETNA_WEGOVY_4774C_2026_08_20,hybrid,program_6_months,semantic_temporal,hard,medication_reconciliation,PASS,PASS,True,jev,0.96,PASS,0.96,DocumentReference/GLP1-045-NUTR-001;DocumentReference/GLP1-045-NUTR-002;DocumentReference/GLP1-045-PCP-001;DocumentReference/GLP1-045-PCP-002;DocumentReference/GLP1-045-PCP-003;DocumentReference/GLP1-045-PT-001,DocumentReference/GLP1-045-NUTR-001;DocumentReference/GLP1-045-NUTR-002;DocumentReference/GLP1-045-PCP-001;DocumentReference/GLP1-045-PCP-002;DocumentReference/GLP1-045-PCP-003;DocumentReference/GLP1-045-PT-001,True,,255.6,3960.5,0.0,0.000166,False,,,,"Continuous program with diet, activity and follow-up; duration computed from dated events. 2025-12-06 -> 2026-08-06 = 8 whole months (min 6).",
main_hybrid_t0.90,GLP1-045__AETNA_WEGOVY_4774C_2026_08_20,GLP1-045,AETNA_WEGOVY_4774C_2026_08_20,hybrid,bmi_threshold,deterministic,hard,medication_reconciliation,PASS,PASS,True,code,1.0,,,,Observation/GLP1-045-BMI-2026-08-06,,,0.0,0.0,0.0,0.0,False,,,,Latest structured BMI 31.1 (2026-08-06).,
main_hybrid_t0.90,GLP1-045__BCBS_FEP_WEGOVY_2026_07_01,GLP1-045,BCBS_FEP_WEGOVY_2026_07_01,hybrid,age,deterministic,hard,medication_reconciliation,PASS,PASS,True,code,1.0,,,,Patient/GLP1-045,,,0.0,0.0,0.0,0.0,False,,,,Age 28 on 2026-09-01 (min 18).,
main_hybrid_t0.90,GLP1-045__BCBS_FEP_WEGOVY_2026_07_01,GLP1-045,BCBS_FEP_WEGOVY_2026_07_01,hybrid,indication,deterministic,hard,medication_reconciliation,PASS,PASS,True,code,1.0,,,,,,,0.0,0.0,0.0,0.0,False,,,,Initial Wegovy request for chronic weight management.,
main_hybrid_t0.90,GLP1-045__BCBS_FEP_WEGOVY_2026_07_01,GLP1-045,BCBS_FEP_WEGOVY_2026_07_01,hybrid,bmi_threshold,deterministic,hard,medication_reconciliation,PASS,PASS,True,code,1.0,,,,Observation/GLP1-045-BMI-2026-08-06,,,0.0,0.0,0.0,0.0,False,,,,Latest structured BMI 31.1 (2026-08-06).,
main_hybrid_t0.90,GLP1-045__BCBS_FEP_WEGOVY_2026_07_01,GLP1-045,BCBS_FEP_WEGOVY_2026_07_01,hybrid,weight_management_program,semantic,hard,medication_reconciliation,PASS,PASS,True,jev,0.96,PASS,0.96,DocumentReference/GLP1-045-NUTR-001;DocumentReference/GLP1-045-NUTR-002;DocumentReference/GLP1-045-PCP-001;DocumentReference/GLP1-045-PCP-002;DocumentReference/GLP1-045-PCP-003,DocumentReference/GLP1-045-NUTR-001;DocumentReference/GLP1-045-NUTR-002;DocumentReference/GLP1-045-PCP-001;DocumentReference/GLP1-045-PCP-002;DocumentReference/GLP1-045-PCP-003,True,,146.8,1914.333333,0.0,8e-05,False,,,,Enrolled in a comprehensive program with dietitian visits and follow-ups.,
main_hybrid_t0.90,GLP1-045__BCBS_FEP_WEGOVY_2026_07_01,GLP1-045,BCBS_FEP_WEGOVY_2026_07_01,hybrid,no_concurrent_glp1,medication_reconciliation,hard,medication_reconciliation,CONFLICT,CONFLICT,True,gpt_escalation,0.97,CONFLICT,0.79,DocumentReference/GLP1-045-NUTR-002;DocumentReference/GLP1-045-PCP-003;DocumentReference/GLP1-045-PHARM-001;DocumentReference/GLP1-045-TEL-001,MedicationRequest/GLP1-045-ZEPBOUND;DocumentReference/GLP1-045-TEL-001;MedicationDispense/GLP1-045-ZEPBOUND-FILL-2026-08-06,True,,7159.1,4175.833333,211.5,0.006718,True,both_correct,,,"Phone note (2026-06) says Zepbound discontinued, but a pharmacy dispense on 2026-08-06 is newer — structured evidence newer than narrative.","Zepbound is a listed GLP-1. The patient said in June that she was discontinuing it and would not refill, but an August 6 dispense contradicts that account; current use cannot be resolved safely."
main_hybrid_t0.90,GLP1-045__BCBS_FEP_WEGOVY_2026_07_01,GLP1-045,BCBS_FEP_WEGOVY_2026_07_01,hybrid,no_concurrent_pa_weight_loss_med,medication_reconciliation,hard,medication_reconciliation,CONFLICT,CONFLICT,True,gpt_escalation,0.97,CONFLICT,0.79,DocumentReference/GLP1-045-NUTR-002;DocumentReference/GLP1-045-PCP-003;DocumentReference/GLP1-045-PHARM-001;DocumentReference/GLP1-045-TEL-001,MedicationRequest/GLP1-045-ZEPBOUND;DocumentReference/GLP1-045-TEL-001;MedicationDispense/GLP1-045-ZEPBOUND-FILL-2026-08-06,True,,7159.1,4175.833333,211.5,0.006718,True,both_correct,,,Same Zepbound conflict (Zepbound is on the PA weight-loss list).,"Zepbound is also a listed PA weight-loss medication. Its August 6 dispense conflicts with the patient's June statement that she would stop and not refill it, leaving possible concurrent use unresolved."
main_hybrid_t0.90,GLP1-045__UHC_WEGOVY_P1114_22_2026_09_01,GLP1-045,UHC_WEGOVY_P1114_22_2026_09_01,hybrid,age,deterministic,hard,medication_reconciliation,PASS,PASS,True,code,1.0,,,,Patient/GLP1-045,,,0.0,0.0,0.0,0.0,False,,,,Age 28 on 2026-09-01 (min 12).,
main_hybrid_t0.90,GLP1-045__UHC_WEGOVY_P1114_22_2026_09_01,GLP1-045,UHC_WEGOVY_P1114_22_2026_09_01,hybrid,indication,deterministic,hard,medication_reconciliation,PASS,PASS,True,code,1.0,,,,,,,0.0,0.0,0.0,0.0,False,,,,Initial Wegovy request for chronic weight management.,
main_hybrid_t0.90,GLP1-045__UHC_WEGOVY_P1114_22_2026_09_01,GLP1-045,UHC_WEGOVY_P1114_22_2026_09_01,hybrid,lifestyle_adjunct,semantic,hard,medication_reconciliation,PASS,PASS,True,jev,0.94,PASS,0.94,DocumentReference/GLP1-045-NUTR-001;DocumentReference/GLP1-045-NUTR-002;DocumentReference/GLP1-045-PCP-001;DocumentReference/GLP1-045-PCP-002;DocumentReference/GLP1-045-PCP-003;DocumentReference/GLP1-045-PT-001,DocumentReference/GLP1-045-NUTR-001;DocumentReference/GLP1-045-NUTR-002;DocumentReference/GLP1-045-PCP-001;DocumentReference/GLP1-045-PCP-002;DocumentReference/GLP1-045-PCP-003;DocumentReference/GLP1-045-PT-001,True,,110.6,5263.0,0.0,0.000221,False,,,,Final note documents continued diet and exercise.,
main_hybrid_t0.90,GLP1-045__UHC_WEGOVY_P1114_22_2026_09_01,GLP1-045,UHC_WEGOVY_P1114_22_2026_09_01,hybrid,bmi_threshold,deterministic,hard,medication_reconciliation,PASS,PASS,True,code,1.0,,,,Observation/GLP1-045-BMI-2026-08-06,,,0.0,0.0,0.0,0.0,False,,,,Latest structured BMI 31.1 (2026-08-06).,
main_hybrid_t0.90,GLP1-046__AETNA_WEGOVY_4774C_2026_08_20,GLP1-046,AETNA_WEGOVY_4774C_2026_08_20,hybrid,age,deterministic,hard,condition_status,PASS,PASS,True,code,1.0,,,,Patient/GLP1-046,,,0.0,0.0,0.0,0.0,False,,,,Age 35 on 2026-09-01 (min 18).,
main_hybrid_t0.90,GLP1-046__AETNA_WEGOVY_4774C_2026_08_20,GLP1-046,AETNA_WEGOVY_4774C_2026_08_20,hybrid,indication,deterministic,hard,condition_status,PASS,PASS,True,code,1.0,,,,,,,0.0,0.0,0.0,0.0,False,,,,Initial Wegovy request for chronic weight management.,
main_hybrid_t0.90,GLP1-046__AETNA_WEGOVY_4774C_2026_08_20,GLP1-046,AETNA_WEGOVY_4774C_2026_08_20,hybrid,adjunct_diet_and_activity,semantic,hard,condition_status,PASS,PASS,True,jev,0.92,PASS,0.92,DocumentReference/GLP1-046-NUTR-001;DocumentReference/GLP1-046-NUTR-002;DocumentReference/GLP1-046-PCP-001;DocumentReference/GLP1-046-PCP-002;DocumentReference/GLP1-046-PCP-003,DocumentReference/GLP1-046-NUTR-001;DocumentReference/GLP1-046-NUTR-002;DocumentReference/GLP1-046-PCP-001;DocumentReference/GLP1-046-PCP-002;DocumentReference/GLP1-046-PCP-003,True,,117.6,2415.666667,0.0,0.000101,False,,,,Final note documents continued diet AND exercise.,
main_hybrid_t0.90,GLP1-046__AETNA_WEGOVY_4774C_2026_08_20,GLP1-046,AETNA_WEGOVY_4774C_2026_08_20,hybrid,program_6_months,semantic_temporal,hard,condition_status,PASS,PASS,True,jev,0.96,PASS,0.96,DocumentReference/GLP1-046-NUTR-001;DocumentReference/GLP1-046-NUTR-002;DocumentReference/GLP1-046-PCP-001;DocumentReference/GLP1-046-PCP-002;DocumentReference/GLP1-046-PCP-003,DocumentReference/GLP1-046-NUTR-001;DocumentReference/GLP1-046-NUTR-002;DocumentReference/GLP1-046-PCP-001;DocumentReference/GLP1-046-PCP-002;DocumentReference/GLP1-046-PCP-003,True,,117.6,2415.666667,0.0,0.000101,False,,,,"Continuous program with diet, activity and follow-up; duration computed from dated events. 2025-12-19 -> 2026-08-19 = 8 whole months (min 6).",
main_hybrid_t0.90,GLP1-046__AETNA_WEGOVY_4774C_2026_08_20,GLP1-046,AETNA_WEGOVY_4774C_2026_08_20,hybrid,bmi_threshold,deterministic,hard,condition_status,FAIL,FAIL,True,jev,1.0,FAIL,1.0,,Condition/GLP1-046-HTN;DocumentReference/GLP1-046-PCP-001;DocumentReference/GLP1-046-PCP-002;DocumentReference/GLP1-046-PCP-003;DocumentReference/GLP1-046-PHARM-001;Observation/GLP1-046-BMI-2026-08-19,,,117.6,2415.666667,0.0,0.000101,False,,,,"Latest structured BMI 27.3 (2026-08-19). In 27–30 band; comorbidity: FAIL — hypertension documented as resolved (off treatment, normal BP).",
main_hybrid_t0.90,GLP1-046__BCBS_FEP_WEGOVY_2026_07_01,GLP1-046,BCBS_FEP_WEGOVY_2026_07_01,hybrid,age,deterministic,hard,condition_status,PASS,PASS,True,code,1.0,,,,Patient/GLP1-046,,,0.0,0.0,0.0,0.0,False,,,,Age 35 on 2026-09-01 (min 18).,
main_hybrid_t0.90,GLP1-046__BCBS_FEP_WEGOVY_2026_07_01,GLP1-046,BCBS_FEP_WEGOVY_2026_07_01,hybrid,indication,deterministic,hard,condition_status,PASS,PASS,True,code,1.0,,,,,,,0.0,0.0,0.0,0.0,False,,,,Initial Wegovy request for chronic weight management.,
main_hybrid_t0.90,GLP1-046__BCBS_FEP_WEGOVY_2026_07_01,GLP1-046,BCBS_FEP_WEGOVY_2026_07_01,hybrid,bmi_threshold,deterministic,hard,condition_status,FAIL,FAIL,True,jev,1.0,FAIL,1.0,,Condition/GLP1-046-HTN;DocumentReference/GLP1-046-PCP-001;DocumentReference/GLP1-046-PCP-002;DocumentReference/GLP1-046-PCP-003;DocumentReference/GLP1-046-PHARM-001;Observation/GLP1-046-BMI-2026-08-19,,,117.4,1448.5,0.0,6.1e-05,False,,,,"Latest structured BMI 27.3 (2026-08-19). In 27–30 band; comorbidity: FAIL — hypertension documented as resolved (off treatment, normal BP).",
main_hybrid_t0.90,GLP1-046__BCBS_FEP_WEGOVY_2026_07_01,GLP1-046,BCBS_FEP_WEGOVY_2026_07_01,hybrid,weight_management_program,semantic,hard,condition_status,PASS,PASS,True,jev,0.96,PASS,0.96,DocumentReference/GLP1-046-NUTR-001;DocumentReference/GLP1-046-NUTR-002;DocumentReference/GLP1-046-PCP-001;DocumentReference/GLP1-046-PCP-002;DocumentReference/GLP1-046-PCP-003,DocumentReference/GLP1-046-NUTR-001;DocumentReference/GLP1-046-NUTR-002;DocumentReference/GLP1-046-PCP-001;DocumentReference/GLP1-046-PCP-002;DocumentReference/GLP1-046-PCP-003,True,,117.4,1448.5,0.0,6.1e-05,False,,,,Enrolled in a comprehensive program with dietitian visits and follow-ups.,
main_hybrid_t0.90,GLP1-046__BCBS_FEP_WEGOVY_2026_07_01,GLP1-046,BCBS_FEP_WEGOVY_2026_07_01,hybrid,no_concurrent_glp1,medication_reconciliation,hard,condition_status,PASS,PASS,True,jev,0.96,PASS,0.96,DocumentReference/GLP1-046-NUTR-002;DocumentReference/GLP1-046-PCP-003;DocumentReference/GLP1-046-PHARM-001,DocumentReference/GLP1-046-NUTR-002;DocumentReference/GLP1-046-PCP-003;DocumentReference/GLP1-046-PHARM-001,,,117.4,1448.5,0.0,6.1e-05,False,,,,No GLP-1 or anti-obesity medication in structured data or notes.,
main_hybrid_t0.90,GLP1-046__BCBS_FEP_WEGOVY_2026_07_01,GLP1-046,BCBS_FEP_WEGOVY_2026_07_01,hybrid,no_concurrent_pa_weight_loss_med,medication_reconciliation,hard,condition_status,PASS,PASS,True,jev,0.96,PASS,0.96,DocumentReference/GLP1-046-NUTR-002;DocumentReference/GLP1-046-PCP-003;DocumentReference/GLP1-046-PHARM-001,DocumentReference/GLP1-046-NUTR-002;DocumentReference/GLP1-046-PCP-003;DocumentReference/GLP1-046-PHARM-001,,,117.4,1448.5,0.0,6.1e-05,False,,,,No PA weight-loss medication in structured data or notes.,
main_hybrid_t0.90,GLP1-046__UHC_WEGOVY_P1114_22_2026_09_01,GLP1-046,UHC_WEGOVY_P1114_22_2026_09_01,hybrid,age,deterministic,hard,condition_status,PASS,PASS,True,code,1.0,,,,Patient/GLP1-046,,,0.0,0.0,0.0,0.0,False,,,,Age 35 on 2026-09-01 (min 12).,
main_hybrid_t0.90,GLP1-046__UHC_WEGOVY_P1114_22_2026_09_01,GLP1-046,UHC_WEGOVY_P1114_22_2026_09_01,hybrid,indication,deterministic,hard,condition_status,PASS,PASS,True,code,1.0,,,,,,,0.0,0.0,0.0,0.0,False,,,,Initial Wegovy request for chronic weight management.,
main_hybrid_t0.90,GLP1-046__UHC_WEGOVY_P1114_22_2026_09_01,GLP1-046,UHC_WEGOVY_P1114_22_2026_09_01,hybrid,lifestyle_adjunct,semantic,hard,condition_status,PASS,PASS,True,jev,0.94,PASS,0.94,DocumentReference/GLP1-046-NUTR-001;DocumentReference/GLP1-046-NUTR-002;DocumentReference/GLP1-046-PCP-001;DocumentReference/GLP1-046-PCP-002;DocumentReference/GLP1-046-PCP-003,DocumentReference/GLP1-046-NUTR-001;DocumentReference/GLP1-046-NUTR-002;DocumentReference/GLP1-046-PCP-001;DocumentReference/GLP1-046-PCP-002;DocumentReference/GLP1-046-PCP-003,True,,117.9,2516.0,0.0,0.000106,False,,,,Final note documents continued diet and exercise.,
main_hybrid_t0.90,GLP1-046__UHC_WEGOVY_P1114_22_2026_09_01,GLP1-046,UHC_WEGOVY_P1114_22_2026_09_01,hybrid,bmi_threshold,deterministic,hard,condition_status,FAIL,FAIL,True,jev,1.0,FAIL,1.0,,Condition/GLP1-046-HTN;DocumentReference/GLP1-046-PCP-001;DocumentReference/GLP1-046-PCP-002;DocumentReference/GLP1-046-PCP-003;DocumentReference/GLP1-046-PHARM-001;Observation/GLP1-046-BMI-2026-08-19,,,117.9,2516.0,0.0,0.000106,False,,,,"Latest structured BMI 27.3 (2026-08-19). In 27–30 band; comorbidity: FAIL — hypertension documented as resolved (off treatment, normal BP).",
main_hybrid_t0.90,GLP1-047__AETNA_WEGOVY_4774C_2026_08_20,GLP1-047,AETNA_WEGOVY_4774C_2026_08_20,hybrid,age,deterministic,hard,retrieval_stress;long_context,PASS,PASS,True,code,1.0,,,,Patient/GLP1-047,,,0.0,0.0,0.0,0.0,False,,,,Age 42 on 2026-09-01 (min 18).,
main_hybrid_t0.90,GLP1-047__AETNA_WEGOVY_4774C_2026_08_20,GLP1-047,AETNA_WEGOVY_4774C_2026_08_20,hybrid,indication,deterministic,hard,retrieval_stress;long_context,PASS,PASS,True,code,1.0,,,,,,,0.0,0.0,0.0,0.0,False,,,,Initial Wegovy request for chronic weight management.,
main_hybrid_t0.90,GLP1-047__AETNA_WEGOVY_4774C_2026_08_20,GLP1-047,AETNA_WEGOVY_4774C_2026_08_20,hybrid,adjunct_diet_and_activity,semantic,hard,retrieval_stress;long_context,PASS,PASS,True,gpt_escalation,0.82,INSUFFICIENT,0.1,DocumentReference/GLP1-047-GI-001;DocumentReference/GLP1-047-LAB-003;DocumentReference/GLP1-047-ORTH-002;DocumentReference/GLP1-047-PCP-001;DocumentReference/GLP1-047-UC-002,DocumentReference/GLP1-047-UC-002;DocumentReference/GLP1-047-ORTH-002;DocumentReference/GLP1-047-LAB-003;DocumentReference/GLP1-047-PCP-001;MedicationRequest/GLP1-047-WEGOVY-REQ,True,,18544.3,7488.0,485.5,0.010302,True,escalation_fixed,,,Program meal plan and exercise documented as ongoing.,"The program included a calorie-controlled meal plan and stationary biking; April documentation confirms meal-plan adherence, and the August visit reports that she is staying with the program and doing home strengthening. These recent statements support continued diet and physical activity alongside the requested Wegovy."
main_hybrid_t0.90,GLP1-047__AETNA_WEGOVY_4774C_2026_08_20,GLP1-047,AETNA_WEGOVY_4774C_2026_08_20,hybrid,program_6_months,semantic_temporal,hard,retrieval_stress;long_context,PASS,PASS,True,gpt_escalation,0.91,FAIL,0.79,DocumentReference/GLP1-047-DERM-001;DocumentReference/GLP1-047-GI-001;DocumentReference/GLP1-047-ORTH-002;DocumentReference/GLP1-047-PCP-001;DocumentReference/GLP1-047-UC-002,DocumentReference/GLP1-047-UC-002;DocumentReference/GLP1-047-ORTH-002;DocumentReference/GLP1-047-LAB-003;DocumentReference/GLP1-047-PCP-001,True,,18544.3,7488.0,485.5,0.010302,True,escalation_fixed,,,Program start (Dec) and continuation evidence scattered across notes; duration computed. 2025-12-04 -> 2026-08-04 = 8 whole months (min 6).,"The December 4 note documents the program start and its diet and activity components; February, April, and August notes document continued participation. The documented period from December 4 to August 4 spans eight whole calendar months, with no documented interruption."
main_hybrid_t0.90,GLP1-047__AETNA_WEGOVY_4774C_2026_08_20,GLP1-047,AETNA_WEGOVY_4774C_2026_08_20,hybrid,bmi_threshold,deterministic,hard,retrieval_stress;long_context,PASS,PASS,True,code,1.0,,,,Observation/GLP1-047-BMI-2026-08-04,,,0.0,0.0,0.0,0.0,False,,,,Latest structured BMI 34.4 (2026-08-04).,
main_hybrid_t0.90,GLP1-047__BCBS_FEP_WEGOVY_2026_07_01,GLP1-047,BCBS_FEP_WEGOVY_2026_07_01,hybrid,age,deterministic,hard,retrieval_stress;long_context,PASS,PASS,True,code,1.0,,,,Patient/GLP1-047,,,0.0,0.0,0.0,0.0,False,,,,Age 42 on 2026-09-01 (min 18).,
main_hybrid_t0.90,GLP1-047__BCBS_FEP_WEGOVY_2026_07_01,GLP1-047,BCBS_FEP_WEGOVY_2026_07_01,hybrid,indication,deterministic,hard,retrieval_stress;long_context,PASS,PASS,True,code,1.0,,,,,,,0.0,0.0,0.0,0.0,False,,,,Initial Wegovy request for chronic weight management.,
main_hybrid_t0.90,GLP1-047__BCBS_FEP_WEGOVY_2026_07_01,GLP1-047,BCBS_FEP_WEGOVY_2026_07_01,hybrid,bmi_threshold,deterministic,hard,retrieval_stress;long_context,PASS,PASS,True,code,1.0,,,,Observation/GLP1-047-BMI-2026-08-04,,,0.0,0.0,0.0,0.0,False,,,,Latest structured BMI 34.4 (2026-08-04).,
main_hybrid_t0.90,GLP1-047__BCBS_FEP_WEGOVY_2026_07_01,GLP1-047,BCBS_FEP_WEGOVY_2026_07_01,hybrid,weight_management_program,semantic,hard,retrieval_stress;long_context,PASS,PASS,True,jev,1.0,PASS,1.0,DocumentReference/GLP1-047-LAB-003;DocumentReference/GLP1-047-ORTH-002;DocumentReference/GLP1-047-PCP-001;DocumentReference/GLP1-047-UC-002,DocumentReference/GLP1-047-LAB-003;DocumentReference/GLP1-047-ORTH-002;DocumentReference/GLP1-047-PCP-001;DocumentReference/GLP1-047-UC-002,True,,165.2,2297.0,0.0,9.6e-05,False,,,,Enrolled in a comprehensive program with dietitian visits and follow-ups.,
main_hybrid_t0.90,GLP1-047__BCBS_FEP_WEGOVY_2026_07_01,GLP1-047,BCBS_FEP_WEGOVY_2026_07_01,hybrid,no_concurrent_glp1,medication_reconciliation,hard,retrieval_stress;long_context,PASS,PASS,True,jev,1.0,PASS,1.0,DocumentReference/GLP1-047-LAB-002;DocumentReference/GLP1-047-LAB-003;DocumentReference/GLP1-047-ORTH-001;DocumentReference/GLP1-047-OSR-001;DocumentReference/GLP1-047-PCP-001,DocumentReference/GLP1-047-LAB-002;DocumentReference/GLP1-047-LAB-003;DocumentReference/GLP1-047-ORTH-001;DocumentReference/GLP1-047-OSR-001;DocumentReference/GLP1-047-PCP-001,,,165.2,2297.0,0.0,9.6e-05,False,,,,No GLP-1 or anti-obesity medication in structured data or notes.,
main_hybrid_t0.90,GLP1-047__BCBS_FEP_WEGOVY_2026_07_01,GLP1-047,BCBS_FEP_WEGOVY_2026_07_01,hybrid,no_concurrent_pa_weight_loss_med,medication_reconciliation,hard,retrieval_stress;long_context,PASS,PASS,True,jev,1.0,PASS,1.0,DocumentReference/GLP1-047-LAB-002;DocumentReference/GLP1-047-LAB-003;DocumentReference/GLP1-047-ORTH-001;DocumentReference/GLP1-047-OSR-001;DocumentReference/GLP1-047-PCP-001,DocumentReference/GLP1-047-LAB-002;DocumentReference/GLP1-047-LAB-003;DocumentReference/GLP1-047-ORTH-001;DocumentReference/GLP1-047-OSR-001;DocumentReference/GLP1-047-PCP-001,,,165.2,2297.0,0.0,9.6e-05,False,,,,No PA weight-loss medication in structured data or notes.,
main_hybrid_t0.90,GLP1-047__UHC_WEGOVY_P1114_22_2026_09_01,GLP1-047,UHC_WEGOVY_P1114_22_2026_09_01,hybrid,age,deterministic,hard,retrieval_stress;long_context,PASS,PASS,True,code,1.0,,,,Patient/GLP1-047,,,0.0,0.0,0.0,0.0,False,,,,Age 42 on 2026-09-01 (min 12).,
main_hybrid_t0.90,GLP1-047__UHC_WEGOVY_P1114_22_2026_09_01,GLP1-047,UHC_WEGOVY_P1114_22_2026_09_01,hybrid,indication,deterministic,hard,retrieval_stress;long_context,PASS,PASS,True,code,1.0,,,,,,,0.0,0.0,0.0,0.0,False,,,,Initial Wegovy request for chronic weight management.,
main_hybrid_t0.90,GLP1-047__UHC_WEGOVY_P1114_22_2026_09_01,GLP1-047,UHC_WEGOVY_P1114_22_2026_09_01,hybrid,lifestyle_adjunct,semantic,hard,retrieval_stress;long_context,PASS,PASS,True,gpt_escalation,0.98,INSUFFICIENT,0.74,DocumentReference/GLP1-047-DERM-001;DocumentReference/GLP1-047-GI-001;DocumentReference/GLP1-047-ORTH-002;DocumentReference/GLP1-047-PCP-001;DocumentReference/GLP1-047-UC-002,DocumentReference/GLP1-047-PCP-001;DocumentReference/GLP1-047-LAB-003,True,,6599.2,10558.0,287.0,0.012874,True,escalation_fixed,,,Final note: 'despite staying with the program'.,"The August 4 note says the patient is staying with the weight-management program, and the April 4 note documents adherence to its meal plan. Both are within 180 days of the request and establish ongoing lifestyle modification."
main_hybrid_t0.90,GLP1-047__UHC_WEGOVY_P1114_22_2026_09_01,GLP1-047,UHC_WEGOVY_P1114_22_2026_09_01,hybrid,bmi_threshold,deterministic,hard,retrieval_stress;long_context,PASS,PASS,True,code,1.0,,,,Observation/GLP1-047-BMI-2026-08-04,,,0.0,0.0,0.0,0.0,False,,,,Latest structured BMI 34.4 (2026-08-04).,
main_hybrid_t0.90,GLP1-048__AETNA_WEGOVY_4774C_2026_08_20,GLP1-048,AETNA_WEGOVY_4774C_2026_08_20,hybrid,age,deterministic,hard,retrieval_stress;irrelevant_context,PASS,PASS,True,code,1.0,,,,Patient/GLP1-048,,,0.0,0.0,0.0,0.0,False,,,,Age 49 on 2026-09-01 (min 18).,
main_hybrid_t0.90,GLP1-048__AETNA_WEGOVY_4774C_2026_08_20,GLP1-048,AETNA_WEGOVY_4774C_2026_08_20,hybrid,indication,deterministic,hard,retrieval_stress;irrelevant_context,PASS,PASS,True,code,1.0,,,,,,,0.0,0.0,0.0,0.0,False,,,,Initial Wegovy request for chronic weight management.,
main_hybrid_t0.90,GLP1-048__AETNA_WEGOVY_4774C_2026_08_20,GLP1-048,AETNA_WEGOVY_4774C_2026_08_20,hybrid,adjunct_diet_and_activity,semantic,hard,retrieval_stress;irrelevant_context,PASS,PASS,True,jev,0.92,PASS,0.92,DocumentReference/GLP1-048-GI-001;DocumentReference/GLP1-048-ORTH-001;DocumentReference/GLP1-048-PCP-001;DocumentReference/GLP1-048-PT-001,DocumentReference/GLP1-048-GI-001;DocumentReference/GLP1-048-ORTH-001;DocumentReference/GLP1-048-PCP-001;DocumentReference/GLP1-048-PT-001,True,,143.4,3406.5,0.0,0.000143,False,,,,Final note documents ongoing diet and walking.,
main_hybrid_t0.90,GLP1-048__AETNA_WEGOVY_4774C_2026_08_20,GLP1-048,AETNA_WEGOVY_4774C_2026_08_20,hybrid,program_6_months,semantic_temporal,hard,retrieval_stress;irrelevant_context,PASS,PASS,True,jev,0.92,PASS,0.92,DocumentReference/GLP1-048-GI-001;DocumentReference/GLP1-048-ORTH-001;DocumentReference/GLP1-048-PCP-001;DocumentReference/GLP1-048-PT-001,DocumentReference/GLP1-048-GI-001;DocumentReference/GLP1-048-ORTH-001;DocumentReference/GLP1-048-PCP-001;DocumentReference/GLP1-048-PT-001,True,,143.4,3406.5,0.0,0.000143,False,,,,Single note documents program since mid-December with monthly check-ins; duration computed. 2025-12-19 -> 2026-08-19 = 8 whole months (min 6).,
main_hybrid_t0.90,GLP1-048__AETNA_WEGOVY_4774C_2026_08_20,GLP1-048,AETNA_WEGOVY_4774C_2026_08_20,hybrid,bmi_threshold,deterministic,hard,retrieval_stress;irrelevant_context,PASS,PASS,True,code,1.0,,,,Condition/GLP1-048-HTN;Observation/GLP1-048-BMI-2026-08-19,,,0.0,0.0,0.0,0.0,False,,,,Latest structured BMI 36.8 (2026-08-19).,
main_hybrid_t0.90,GLP1-048__BCBS_FEP_WEGOVY_2026_07_01,GLP1-048,BCBS_FEP_WEGOVY_2026_07_01,hybrid,age,deterministic,hard,retrieval_stress;irrelevant_context,PASS,PASS,True,code,1.0,,,,Patient/GLP1-048,,,0.0,0.0,0.0,0.0,False,,,,Age 49 on 2026-09-01 (min 18).,
main_hybrid_t0.90,GLP1-048__BCBS_FEP_WEGOVY_2026_07_01,GLP1-048,BCBS_FEP_WEGOVY_2026_07_01,hybrid,indication,deterministic,hard,retrieval_stress;irrelevant_context,PASS,PASS,True,code,1.0,,,,,,,0.0,0.0,0.0,0.0,False,,,,Initial Wegovy request for chronic weight management.,
main_hybrid_t0.90,GLP1-048__BCBS_FEP_WEGOVY_2026_07_01,GLP1-048,BCBS_FEP_WEGOVY_2026_07_01,hybrid,bmi_threshold,deterministic,hard,retrieval_stress;irrelevant_context,PASS,PASS,True,code,1.0,,,,Condition/GLP1-048-HTN;Observation/GLP1-048-BMI-2026-08-19,,,0.0,0.0,0.0,0.0,False,,,,Latest structured BMI 36.8 (2026-08-19).,
main_hybrid_t0.90,GLP1-048__BCBS_FEP_WEGOVY_2026_07_01,GLP1-048,BCBS_FEP_WEGOVY_2026_07_01,hybrid,weight_management_program,semantic,hard,retrieval_stress;irrelevant_context,PASS,PASS,True,jev,1.0,PASS,1.0,DocumentReference/GLP1-048-GI-001;DocumentReference/GLP1-048-ORTH-001;DocumentReference/GLP1-048-PCP-001;DocumentReference/GLP1-048-PT-001,DocumentReference/GLP1-048-GI-001;DocumentReference/GLP1-048-ORTH-001;DocumentReference/GLP1-048-PCP-001;DocumentReference/GLP1-048-PT-001,True,,138.7,2227.0,0.0,9.4e-05,False,,,,Enrolled in a comprehensive program with dietitian visits and follow-ups.,
main_hybrid_t0.90,GLP1-048__BCBS_FEP_WEGOVY_2026_07_01,GLP1-048,BCBS_FEP_WEGOVY_2026_07_01,hybrid,no_concurrent_glp1,medication_reconciliation,hard,retrieval_stress;irrelevant_context,PASS,PASS,True,jev,1.0,PASS,1.0,DocumentReference/GLP1-048-IMM-001;DocumentReference/GLP1-048-LAB-003;DocumentReference/GLP1-048-ORTH-001;DocumentReference/GLP1-048-PCP-001;DocumentReference/GLP1-048-PHARM-001,DocumentReference/GLP1-048-IMM-001;DocumentReference/GLP1-048-LAB-003;DocumentReference/GLP1-048-ORTH-001;DocumentReference/GLP1-048-PCP-001;DocumentReference/GLP1-048-PHARM-001,,,138.7,2227.0,0.0,9.4e-05,False,,,,No GLP-1 or anti-obesity medication in structured data or notes.,
main_hybrid_t0.90,GLP1-048__BCBS_FEP_WEGOVY_2026_07_01,GLP1-048,BCBS_FEP_WEGOVY_2026_07_01,hybrid,no_concurrent_pa_weight_loss_med,medication_reconciliation,hard,retrieval_stress;irrelevant_context,PASS,PASS,True,jev,1.0,PASS,1.0,DocumentReference/GLP1-048-IMM-001;DocumentReference/GLP1-048-LAB-003;DocumentReference/GLP1-048-ORTH-001;DocumentReference/GLP1-048-PCP-001;DocumentReference/GLP1-048-PHARM-001,DocumentReference/GLP1-048-IMM-001;DocumentReference/GLP1-048-LAB-003;DocumentReference/GLP1-048-ORTH-001;DocumentReference/GLP1-048-PCP-001;DocumentReference/GLP1-048-PHARM-001,,,138.7,2227.0,0.0,9.4e-05,False,,,,No PA weight-loss medication in structured data or notes.,
main_hybrid_t0.90,GLP1-048__UHC_WEGOVY_P1114_22_2026_09_01,GLP1-048,UHC_WEGOVY_P1114_22_2026_09_01,hybrid,age,deterministic,hard,retrieval_stress;irrelevant_context,PASS,PASS,True,code,1.0,,,,Patient/GLP1-048,,,0.0,0.0,0.0,0.0,False,,,,Age 49 on 2026-09-01 (min 12).,
main_hybrid_t0.90,GLP1-048__UHC_WEGOVY_P1114_22_2026_09_01,GLP1-048,UHC_WEGOVY_P1114_22_2026_09_01,hybrid,indication,deterministic,hard,retrieval_stress;irrelevant_context,PASS,PASS,True,code,1.0,,,,,,,0.0,0.0,0.0,0.0,False,,,,Initial Wegovy request for chronic weight management.,
main_hybrid_t0.90,GLP1-048__UHC_WEGOVY_P1114_22_2026_09_01,GLP1-048,UHC_WEGOVY_P1114_22_2026_09_01,hybrid,lifestyle_adjunct,semantic,hard,retrieval_stress;irrelevant_context,PASS,PASS,True,jev,0.98,PASS,0.98,DocumentReference/GLP1-048-GI-001;DocumentReference/GLP1-048-ORTH-001;DocumentReference/GLP1-048-PCP-001;DocumentReference/GLP1-048-PT-001,DocumentReference/GLP1-048-GI-001;DocumentReference/GLP1-048-ORTH-001;DocumentReference/GLP1-048-PCP-001;DocumentReference/GLP1-048-PT-001,True,,158.4,4598.0,0.0,0.000193,False,,,,Final note documents ongoing plate method and walking.,
main_hybrid_t0.90,GLP1-048__UHC_WEGOVY_P1114_22_2026_09_01,GLP1-048,UHC_WEGOVY_P1114_22_2026_09_01,hybrid,bmi_threshold,deterministic,hard,retrieval_stress;irrelevant_context,PASS,PASS,True,code,1.0,,,,Condition/GLP1-048-HTN;Observation/GLP1-048-BMI-2026-08-19,,,0.0,0.0,0.0,0.0,False,,,,Latest structured BMI 36.8 (2026-08-19).,
main_hybrid_t0.90,GLP1-049__AETNA_WEGOVY_4774C_2026_08_20,GLP1-049,AETNA_WEGOVY_4774C_2026_08_20,hybrid,age,deterministic,hard,contradiction;medication_reconciliation;temporality,PASS,PASS,True,code,1.0,,,,Patient/GLP1-049,,,0.0,0.0,0.0,0.0,False,,,,Age 56 on 2026-09-01 (min 18).,
main_hybrid_t0.90,GLP1-049__AETNA_WEGOVY_4774C_2026_08_20,GLP1-049,AETNA_WEGOVY_4774C_2026_08_20,hybrid,indication,deterministic,hard,contradiction;medication_reconciliation;temporality,PASS,PASS,True,code,1.0,,,,,,,0.0,0.0,0.0,0.0,False,,,,Initial Wegovy request for chronic weight management.,
main_hybrid_t0.90,GLP1-049__AETNA_WEGOVY_4774C_2026_08_20,GLP1-049,AETNA_WEGOVY_4774C_2026_08_20,hybrid,adjunct_diet_and_activity,semantic,hard,contradiction;medication_reconciliation;temporality,PASS,PASS,True,gpt_escalation,0.94,PASS,0.88,DocumentReference/GLP1-049-NUTR-001;DocumentReference/GLP1-049-PCP-001;DocumentReference/GLP1-049-PCP-002;DocumentReference/GLP1-049-PT-001,DocumentReference/GLP1-049-NUTR-001;DocumentReference/GLP1-049-PCP-002,True,,5388.1,7486.5,226.0,0.01073,True,both_correct,,,Meal plan and walking documented.,"The July dietitian note documents a reduced-calorie meal plan and walking most days. At the August visit, the clinician planned Wegovy and instructed the patient to continue the program."
main_hybrid_t0.90,GLP1-049__AETNA_WEGOVY_4774C_2026_08_20,GLP1-049,AETNA_WEGOVY_4774C_2026_08_20,hybrid,program_6_months,semantic_temporal,hard,contradiction;medication_reconciliation;temporality,CONFLICT,CONFLICT,True,jev,0.99,CONFLICT,0.99,DocumentReference/GLP1-049-NUTR-001;DocumentReference/GLP1-049-PCP-001;DocumentReference/GLP1-049-PCP-002;DocumentReference/GLP1-049-PT-001,DocumentReference/GLP1-049-NUTR-001;DocumentReference/GLP1-049-PCP-001;DocumentReference/GLP1-049-PCP-002;DocumentReference/GLP1-049-PT-001,True,True,216.1,3321.5,0.0,0.00014,False,,,,PCP: program since November 2025 (>= 6 months); dietitian: began April 2026 (< 6 months) — contradictory start dates.,
main_hybrid_t0.90,GLP1-049__AETNA_WEGOVY_4774C_2026_08_20,GLP1-049,AETNA_WEGOVY_4774C_2026_08_20,hybrid,bmi_threshold,deterministic,hard,contradiction;medication_reconciliation;temporality,PASS,PASS,True,code,1.0,,,,Condition/GLP1-049-DYSLIP;Observation/GLP1-049-BMI-2026-08-21,,,0.0,0.0,0.0,0.0,False,,,,Latest structured BMI 29.1 (2026-08-21). In 27–30 band; comorbidity: PASS — dyslipidemia documented.,
main_hybrid_t0.90,GLP1-049__BCBS_FEP_WEGOVY_2026_07_01,GLP1-049,BCBS_FEP_WEGOVY_2026_07_01,hybrid,age,deterministic,hard,contradiction;medication_reconciliation;temporality,PASS,PASS,True,code,1.0,,,,Patient/GLP1-049,,,0.0,0.0,0.0,0.0,False,,,,Age 56 on 2026-09-01 (min 18).,
main_hybrid_t0.90,GLP1-049__BCBS_FEP_WEGOVY_2026_07_01,GLP1-049,BCBS_FEP_WEGOVY_2026_07_01,hybrid,indication,deterministic,hard,contradiction;medication_reconciliation;temporality,PASS,PASS,True,code,1.0,,,,,,,0.0,0.0,0.0,0.0,False,,,,Initial Wegovy request for chronic weight management.,
main_hybrid_t0.90,GLP1-049__BCBS_FEP_WEGOVY_2026_07_01,GLP1-049,BCBS_FEP_WEGOVY_2026_07_01,hybrid,bmi_threshold,deterministic,hard,contradiction;medication_reconciliation;temporality,PASS,PASS,True,code,1.0,,,,Condition/GLP1-049-DYSLIP;Observation/GLP1-049-BMI-2026-08-21,,,0.0,0.0,0.0,0.0,False,,,,Latest structured BMI 29.1 (2026-08-21). In 27–30 band; comorbidity: PASS — dyslipidemia documented.,
main_hybrid_t0.90,GLP1-049__BCBS_FEP_WEGOVY_2026_07_01,GLP1-049,BCBS_FEP_WEGOVY_2026_07_01,hybrid,weight_management_program,semantic,hard,contradiction;medication_reconciliation;temporality,PASS,PASS,True,jev,0.92,PASS,0.92,DocumentReference/GLP1-049-GI-001;DocumentReference/GLP1-049-NUTR-001;DocumentReference/GLP1-049-PCP-001;DocumentReference/GLP1-049-PT-001,DocumentReference/GLP1-049-GI-001;DocumentReference/GLP1-049-NUTR-001;DocumentReference/GLP1-049-PCP-001;DocumentReference/GLP1-049-PT-001,True,,184.8,2069.333333,0.0,8.7e-05,False,,,,Enrolled in a weight-management program (both sources agree on participation).,
main_hybrid_t0.90,GLP1-049__BCBS_FEP_WEGOVY_2026_07_01,GLP1-049,BCBS_FEP_WEGOVY_2026_07_01,hybrid,no_concurrent_glp1,medication_reconciliation,hard,contradiction;medication_reconciliation;temporality,PASS,PASS,True,jev,1.0,PASS,1.0,DocumentReference/GLP1-049-LAB-001;DocumentReference/GLP1-049-NUTR-001;DocumentReference/GLP1-049-PCP-002;DocumentReference/GLP1-049-PHARM-001,DocumentReference/GLP1-049-LAB-001;DocumentReference/GLP1-049-NUTR-001;DocumentReference/GLP1-049-PCP-002;DocumentReference/GLP1-049-PHARM-001;MedicationStatement/GLP1-049-SAXENDA,True,,184.8,2069.333333,0.0,8.7e-05,False,,,,Liraglutide stopped in 2024; not concurrent.,
main_hybrid_t0.90,GLP1-049__BCBS_FEP_WEGOVY_2026_07_01,GLP1-049,BCBS_FEP_WEGOVY_2026_07_01,hybrid,no_concurrent_pa_weight_loss_med,medication_reconciliation,hard,contradiction;medication_reconciliation;temporality,PASS,PASS,True,jev,1.0,PASS,1.0,DocumentReference/GLP1-049-LAB-001;DocumentReference/GLP1-049-NUTR-001;DocumentReference/GLP1-049-PCP-002;DocumentReference/GLP1-049-PHARM-001,DocumentReference/GLP1-049-LAB-001;DocumentReference/GLP1-049-NUTR-001;DocumentReference/GLP1-049-PCP-002;DocumentReference/GLP1-049-PHARM-001;MedicationStatement/GLP1-049-SAXENDA,True,,184.8,2069.333333,0.0,8.7e-05,False,,,,Saxenda stopped in 2024; not concurrent.,
main_hybrid_t0.90,GLP1-049__UHC_WEGOVY_P1114_22_2026_09_01,GLP1-049,UHC_WEGOVY_P1114_22_2026_09_01,hybrid,age,deterministic,hard,contradiction;medication_reconciliation;temporality,PASS,PASS,True,code,1.0,,,,Patient/GLP1-049,,,0.0,0.0,0.0,0.0,False,,,,Age 56 on 2026-09-01 (min 12).,
main_hybrid_t0.90,GLP1-049__UHC_WEGOVY_P1114_22_2026_09_01,GLP1-049,UHC_WEGOVY_P1114_22_2026_09_01,hybrid,indication,deterministic,hard,contradiction;medication_reconciliation;temporality,PASS,PASS,True,code,1.0,,,,,,,0.0,0.0,0.0,0.0,False,,,,Initial Wegovy request for chronic weight management.,
main_hybrid_t0.90,GLP1-049__UHC_WEGOVY_P1114_22_2026_09_01,GLP1-049,UHC_WEGOVY_P1114_22_2026_09_01,hybrid,lifestyle_adjunct,semantic,hard,contradiction;medication_reconciliation;temporality,PASS,PASS,True,jev,0.98,PASS,0.98,DocumentReference/GLP1-049-NUTR-001;DocumentReference/GLP1-049-PCP-001;DocumentReference/GLP1-049-PCP-002;DocumentReference/GLP1-049-PT-001,DocumentReference/GLP1-049-NUTR-001;DocumentReference/GLP1-049-PCP-001;DocumentReference/GLP1-049-PCP-002;DocumentReference/GLP1-049-PT-001,True,,148.6,4428.0,0.0,0.000186,False,,,,Continues the program.,
main_hybrid_t0.90,GLP1-049__UHC_WEGOVY_P1114_22_2026_09_01,GLP1-049,UHC_WEGOVY_P1114_22_2026_09_01,hybrid,bmi_threshold,deterministic,hard,contradiction;medication_reconciliation;temporality,PASS,PASS,True,code,1.0,,,,Condition/GLP1-049-DYSLIP;Observation/GLP1-049-BMI-2026-08-21,,,0.0,0.0,0.0,0.0,False,,,,Latest structured BMI 29.1 (2026-08-21). In 27–30 band; comorbidity: PASS — dyslipidemia documented.,
main_hybrid_t0.90,GLP1-050__AETNA_WEGOVY_4774C_2026_08_20,GLP1-050,AETNA_WEGOVY_4774C_2026_08_20,hybrid,age,deterministic,hard,ambiguity;medication_reconciliation;temporality,PASS,PASS,True,code,1.0,,,,Patient/GLP1-050,,,0.0,0.0,0.0,0.0,False,,,,Age 28 on 2026-09-01 (min 18).,
main_hybrid_t0.90,GLP1-050__AETNA_WEGOVY_4774C_2026_08_20,GLP1-050,AETNA_WEGOVY_4774C_2026_08_20,hybrid,indication,deterministic,hard,ambiguity;medication_reconciliation;temporality,PASS,PASS,True,code,1.0,,,,,,,0.0,0.0,0.0,0.0,False,,,,Initial Wegovy request for chronic weight management.,
main_hybrid_t0.90,GLP1-050__AETNA_WEGOVY_4774C_2026_08_20,GLP1-050,AETNA_WEGOVY_4774C_2026_08_20,hybrid,adjunct_diet_and_activity,semantic,hard,ambiguity;medication_reconciliation;temporality,CONFLICT,INSUFFICIENT,False,gpt_escalation,0.96,INSUFFICIENT,0.88,DocumentReference/GLP1-050-ORTH-001;DocumentReference/GLP1-050-PCP-001;DocumentReference/GLP1-050-PCP-002;DocumentReference/GLP1-050-PT-001,DocumentReference/GLP1-050-PCP-001;DocumentReference/GLP1-050-PCP-002,,,8037.9,5910.5,212.0,0.0062,True,both_wrong,TEMPORAL_REASONING,MODEL_OVERCONFIDENCE,Too vague to confirm a reduced-calorie diet and increased activity.,"Recent notes describe trying to eat better, making food choices, and some walking, but do not document a reduced-calorie diet AND increased physical activity to be continued alongside Wegovy."
main_hybrid_t0.90,GLP1-050__AETNA_WEGOVY_4774C_2026_08_20,GLP1-050,AETNA_WEGOVY_4774C_2026_08_20,hybrid,program_6_months,semantic_temporal,hard,ambiguity;medication_reconciliation;temporality,INSUFFICIENT,INSUFFICIENT,True,gpt_escalation,0.98,INSUFFICIENT,0.89,DocumentReference/GLP1-050-ORTH-001;DocumentReference/GLP1-050-PCP-001;DocumentReference/GLP1-050-PCP-002;DocumentReference/GLP1-050-PT-001,DocumentReference/GLP1-050-PCP-001;DocumentReference/GLP1-050-PCP-002,,,8037.9,5910.5,212.0,0.0062,True,both_correct,,,No program; no duration.,"The notes do not document participation in a comprehensive weight-management program with diet, activity, and continuing follow-up for a continuous six months."
main_hybrid_t0.90,GLP1-050__AETNA_WEGOVY_4774C_2026_08_20,GLP1-050,AETNA_WEGOVY_4774C_2026_08_20,hybrid,bmi_threshold,deterministic,hard,ambiguity;medication_reconciliation;temporality,PASS,PASS,True,code,1.0,,,,Condition/GLP1-050-HTN;Observation/GLP1-050-BMI-2026-08-07,,,0.0,0.0,0.0,0.0,False,,,,Latest structured BMI 35.0 (2026-08-07).,
main_hybrid_t0.90,GLP1-050__BCBS_FEP_WEGOVY_2026_07_01,GLP1-050,BCBS_FEP_WEGOVY_2026_07_01,hybrid,age,deterministic,hard,ambiguity;medication_reconciliation;temporality,PASS,PASS,True,code,1.0,,,,Patient/GLP1-050,,,0.0,0.0,0.0,0.0,False,,,,Age 28 on 2026-09-01 (min 18).,
main_hybrid_t0.90,GLP1-050__BCBS_FEP_WEGOVY_2026_07_01,GLP1-050,BCBS_FEP_WEGOVY_2026_07_01,hybrid,indication,deterministic,hard,ambiguity;medication_reconciliation;temporality,PASS,PASS,True,code,1.0,,,,,,,0.0,0.0,0.0,0.0,False,,,,Initial Wegovy request for chronic weight management.,
main_hybrid_t0.90,GLP1-050__BCBS_FEP_WEGOVY_2026_07_01,GLP1-050,BCBS_FEP_WEGOVY_2026_07_01,hybrid,bmi_threshold,deterministic,hard,ambiguity;medication_reconciliation;temporality,PASS,PASS,True,code,1.0,,,,Condition/GLP1-050-HTN;Observation/GLP1-050-BMI-2026-08-07,,,0.0,0.0,0.0,0.0,False,,,,Latest structured BMI 35.0 (2026-08-07).,
main_hybrid_t0.90,GLP1-050__BCBS_FEP_WEGOVY_2026_07_01,GLP1-050,BCBS_FEP_WEGOVY_2026_07_01,hybrid,weight_management_program,semantic,hard,ambiguity;medication_reconciliation;temporality,INSUFFICIENT,INSUFFICIENT,True,jev,0.93,INSUFFICIENT,0.93,DocumentReference/GLP1-050-ORTH-001;DocumentReference/GLP1-050-PCP-001;DocumentReference/GLP1-050-PCP-002;DocumentReference/GLP1-050-PT-001,DocumentReference/GLP1-050-ORTH-001;DocumentReference/GLP1-050-PCP-001;DocumentReference/GLP1-050-PCP-002;DocumentReference/GLP1-050-PT-001,,,129.0,1894.0,0.0,8e-05,False,,,,Only vague lifestyle statements; no program documented.,
main_hybrid_t0.90,GLP1-050__BCBS_FEP_WEGOVY_2026_07_01,GLP1-050,BCBS_FEP_WEGOVY_2026_07_01,hybrid,no_concurrent_glp1,medication_reconciliation,hard,ambiguity;medication_reconciliation;temporality,INSUFFICIENT,INSUFFICIENT,True,jev,1.0,INSUFFICIENT,1.0,DocumentReference/GLP1-050-ORTH-001;DocumentReference/GLP1-050-PCP-002;DocumentReference/GLP1-050-PHARM-001,DocumentReference/GLP1-050-ORTH-001;DocumentReference/GLP1-050-PCP-002;DocumentReference/GLP1-050-PHARM-001,,,129.0,1894.0,0.0,8e-05,False,,,,Patient unsure whether still taking a telehealth 'weight-loss shot'.,
main_hybrid_t0.90,GLP1-050__BCBS_FEP_WEGOVY_2026_07_01,GLP1-050,BCBS_FEP_WEGOVY_2026_07_01,hybrid,no_concurrent_pa_weight_loss_med,medication_reconciliation,hard,ambiguity;medication_reconciliation;temporality,INSUFFICIENT,INSUFFICIENT,True,jev,1.0,INSUFFICIENT,1.0,DocumentReference/GLP1-050-ORTH-001;DocumentReference/GLP1-050-PCP-002;DocumentReference/GLP1-050-PHARM-001,DocumentReference/GLP1-050-ORTH-001;DocumentReference/GLP1-050-PCP-002;DocumentReference/GLP1-050-PHARM-001,,,129.0,1894.0,0.0,8e-05,False,,,,Unknown weight-loss injection status.,
main_hybrid_t0.90,GLP1-050__UHC_WEGOVY_P1114_22_2026_09_01,GLP1-050,UHC_WEGOVY_P1114_22_2026_09_01,hybrid,age,deterministic,hard,ambiguity;medication_reconciliation;temporality,PASS,PASS,True,code,1.0,,,,Patient/GLP1-050,,,0.0,0.0,0.0,0.0,False,,,,Age 28 on 2026-09-01 (min 12).,
main_hybrid_t0.90,GLP1-050__UHC_WEGOVY_P1114_22_2026_09_01,GLP1-050,UHC_WEGOVY_P1114_22_2026_09_01,hybrid,indication,deterministic,hard,ambiguity;medication_reconciliation;temporality,PASS,PASS,True,code,1.0,,,,,,,0.0,0.0,0.0,0.0,False,,,,Initial Wegovy request for chronic weight management.,
main_hybrid_t0.90,GLP1-050__UHC_WEGOVY_P1114_22_2026_09_01,GLP1-050,UHC_WEGOVY_P1114_22_2026_09_01,hybrid,lifestyle_adjunct,semantic,hard,ambiguity;medication_reconciliation;temporality,CONFLICT,PASS,False,gpt_escalation,0.97,INSUFFICIENT,0.7,DocumentReference/GLP1-050-ORTH-001;DocumentReference/GLP1-050-PCP-001;DocumentReference/GLP1-050-PCP-002;DocumentReference/GLP1-050-PT-001,DocumentReference/GLP1-050-PCP-002;DocumentReference/GLP1-050-PCP-001,,,4459.5,8011.0,195.0,0.009249,True,both_wrong,TEMPORAL_REASONING,MODEL_OVERCONFIDENCE,"'Trying to eat better', 'doing what he can', 'some walking' — too vague to confirm or rule out lifestyle modification.","Within 180 days of the request, the patient reported working on food choices and doing some walking. These ongoing diet and exercise efforts satisfy the adjunct lifestyle requirement."
main_hybrid_t0.90,GLP1-050__UHC_WEGOVY_P1114_22_2026_09_01,GLP1-050,UHC_WEGOVY_P1114_22_2026_09_01,hybrid,bmi_threshold,deterministic,hard,ambiguity;medication_reconciliation;temporality,PASS,PASS,True,code,1.0,,,,Condition/GLP1-050-HTN;Observation/GLP1-050-BMI-2026-08-07,,,0.0,0.0,0.0,0.0,False,,,,Latest structured BMI 35.0 (2026-08-07).,
