run_id,evaluation_id,patient_id,policy_id,pipeline,ground_truth_state,predicted_state,correct,ground_truth_binary,predicted_binary,difficulty,challenge_tags,gpt_calls,gpt_decision_calls,narrative_calls,jev_calls,gpt_input_tokens,gpt_output_tokens,gpt_reasoning_tokens,gpt_decision_input_tokens,gpt_decision_output_tokens,jev_input_tokens,jev_output_tokens,gpt_cost_usd,gpt_decision_cost_usd,narrative_cost_usd,jev_cost_usd,total_cost_usd,decision_cost_usd,total_latency_ms,decision_latency_ms,retrieval_latency_ms,rules_latency_ms,jev_latency_ms,gpt_latency_ms,narrative_latency_ms,raw_chart_tokens,model_context_tokens,frontier_context_tokens,context_reduction_pct,frontier_context_reduction_pct,escalated,n_escalated_criteria,review_required,model_self_reported_state,criteria_correct,criteria_total
main_gpt,GLP1-001__AETNA_WEGOVY_4774C_2026_08_20,GLP1-001,AETNA_WEGOVY_4774C_2026_08_20,gpt,READY,READY,True,True,True,easy_positive,basic_positive,1,1,0,0,4641,718,84,4641,718,0,0,0.016462,0.016462,0.0,0,0.016462,0.016462,9373.5,9373.5,176.6,0.0,0.0,9155.9,0.0,9542,4641,4641,51.362398,51.362398,False,0,False,READY,5,5
main_gpt,GLP1-001__BCBS_FEP_WEGOVY_2026_07_01,GLP1-001,BCBS_FEP_WEGOVY_2026_07_01,gpt,READY,READY,True,True,True,easy_positive,basic_positive,1,1,0,0,5135,709,55,5135,709,0,0,0.01736,0.01736,0.0,0,0.01736,0.01736,11471.0,11471.0,175.1,0.0,0.0,11235.4,0.0,9542,5135,5135,46.185286,46.185286,False,0,False,READY,6,6
main_gpt,GLP1-001__UHC_WEGOVY_P1114_22_2026_09_01,GLP1-001,UHC_WEGOVY_P1114_22_2026_09_01,gpt,READY,READY,True,True,True,easy_positive,basic_positive,1,1,0,0,4137,389,46,4137,389,0,0,0.012164,0.012164,0.0,0,0.012164,0.012164,6184.2,6184.2,153.5,0.0,0.0,5935.1,0.0,9542,4137,4137,56.644309,56.644309,False,0,False,READY,4,4
main_gpt,GLP1-002__AETNA_WEGOVY_4774C_2026_08_20,GLP1-002,AETNA_WEGOVY_4774C_2026_08_20,gpt,READY,READY,True,True,True,easy_positive,basic_positive,1,1,0,0,4207,548,77,4207,548,0,0,0.013894,0.013894,0.0,0,0.013894,0.013894,8180.9,8180.9,154.1,0.0,0.0,7953.4,0.0,9284,4207,4207,54.68548,54.68548,False,0,False,READY,5,5
main_gpt,GLP1-002__BCBS_FEP_WEGOVY_2026_07_01,GLP1-002,BCBS_FEP_WEGOVY_2026_07_01,gpt,READY,READY,True,True,True,easy_positive,basic_positive,1,1,0,0,4891,749,85,4891,749,0,0,0.017272,0.017272,0.0,0,0.017272,0.017272,11905.9,11905.9,30.2,0.0,0.0,11850.4,0.0,9284,4891,4891,47.317966,47.317966,False,0,False,READY,6,6
main_gpt,GLP1-002__UHC_WEGOVY_P1114_22_2026_09_01,GLP1-002,UHC_WEGOVY_P1114_22_2026_09_01,gpt,READY,READY,True,True,True,easy_positive,basic_positive,1,1,0,0,3863,349,37,3863,349,0,0,0.011216,0.011216,0.0,0,0.011216,0.011216,6885.2,6885.2,36.5,0.0,0.0,6828.5,0.0,9284,3863,3863,58.39078,58.39078,False,0,False,READY,4,4
main_gpt,GLP1-003__AETNA_WEGOVY_4774C_2026_08_20,GLP1-003,AETNA_WEGOVY_4774C_2026_08_20,gpt,READY,READY,True,True,True,easy_positive,bmi_alone,1,1,0,0,4902,569,56,4902,569,0,0,0.015494,0.015494,0.0,0,0.015494,0.015494,9195.6,9195.6,40.7,0.0,0.0,9129.4,0.0,9830,4902,4902,50.132248,50.132248,False,0,False,READY,5,5
main_gpt,GLP1-003__BCBS_FEP_WEGOVY_2026_07_01,GLP1-003,BCBS_FEP_WEGOVY_2026_07_01,gpt,READY,READY,True,True,True,easy_positive,bmi_alone,1,1,0,0,5363,1014,152,5363,1014,0,0,0.020866,0.020866,0.0,0,0.020866,0.020866,15563.4,15563.4,62.0,0.0,0.0,15475.4,0.0,9830,5363,5363,45.442523,45.442523,False,0,False,READY,6,6
main_gpt,GLP1-003__UHC_WEGOVY_P1114_22_2026_09_01,GLP1-003,UHC_WEGOVY_P1114_22_2026_09_01,gpt,READY,READY,True,True,True,easy_positive,bmi_alone,1,1,0,0,4394,387,32,4394,387,0,0,0.012658,0.012658,0.0,0,0.012658,0.012658,5949.2,5949.2,28.6,0.0,0.0,5898.0,0.0,9830,4394,4394,55.300102,55.300102,False,0,False,READY,4,4
main_gpt,GLP1-004__AETNA_WEGOVY_4774C_2026_08_20,GLP1-004,AETNA_WEGOVY_4774C_2026_08_20,gpt,READY,READY,True,True,True,easy_positive,bmi_plus_comorbidity,1,1,0,0,4990,736,84,4990,736,0,0,0.01734,0.01734,0.0,0,0.01734,0.01734,10629.9,10629.9,50.7,0.0,0.0,10552.7,0.0,11541,4990,4990,56.762846,56.762846,False,0,False,READY,5,5
main_gpt,GLP1-004__BCBS_FEP_WEGOVY_2026_07_01,GLP1-004,BCBS_FEP_WEGOVY_2026_07_01,gpt,READY,READY,True,True,True,easy_positive,bmi_plus_comorbidity,1,1,0,0,5543,717,112,5543,717,0,0,0.018256,0.018256,0.0,0,0.018256,0.018256,12315.7,12315.7,53.6,0.0,0.0,12233.1,0.0,11541,5543,5543,51.971233,51.971233,False,0,False,READY,6,6
main_gpt,GLP1-004__UHC_WEGOVY_P1114_22_2026_09_01,GLP1-004,UHC_WEGOVY_P1114_22_2026_09_01,gpt,READY,READY,True,True,True,easy_positive,bmi_plus_comorbidity,1,1,0,0,4638,361,49,4638,361,0,0,0.012886,0.012886,0.0,0,0.012886,0.012886,5899.9,5899.9,44.1,0.0,0.0,5831.0,0.0,11541,4638,4638,59.812841,59.812841,False,0,False,READY,4,4
main_gpt,GLP1-005__AETNA_WEGOVY_4774C_2026_08_20,GLP1-005,AETNA_WEGOVY_4774C_2026_08_20,gpt,READY,READY,True,True,True,easy_positive,bmi_plus_comorbidity,1,1,0,0,4450,720,75,4450,720,0,0,0.0161,0.0161,0.0,0,0.0161,0.0161,8780.7,8780.7,47.0,0.0,0.0,8708.8,0.0,9546,4450,4450,53.383616,53.383616,False,0,False,READY,5,5
main_gpt,GLP1-005__BCBS_FEP_WEGOVY_2026_07_01,GLP1-005,BCBS_FEP_WEGOVY_2026_07_01,gpt,READY,READY,True,True,True,easy_positive,bmi_plus_comorbidity,1,1,0,0,5015,694,109,5015,694,0,0,0.01697,0.01697,0.0,0,0.01697,0.01697,11197.6,11197.6,30.3,0.0,0.0,11141.4,0.0,9546,5015,5015,47.464907,47.464907,False,0,False,READY,6,6
main_gpt,GLP1-005__UHC_WEGOVY_P1114_22_2026_09_01,GLP1-005,UHC_WEGOVY_P1114_22_2026_09_01,gpt,READY,READY,True,True,True,easy_positive,bmi_plus_comorbidity,1,1,0,0,4106,396,43,4106,396,0,0,0.012172,0.012172,0.0,0,0.012172,0.012172,5905.3,5905.3,39.7,0.0,0.0,5842.0,0.0,9546,4106,4106,56.98722,56.98722,False,0,False,READY,4,4
main_gpt,GLP1-006__AETNA_WEGOVY_4774C_2026_08_20,GLP1-006,AETNA_WEGOVY_4774C_2026_08_20,gpt,READY,READY,True,True,True,easy_positive,strong_evidence,1,1,0,0,4351,646,82,4351,646,0,0,0.015162,0.015162,0.0,0,0.015162,0.015162,8354.6,8354.6,47.3,0.0,0.0,8282.8,0.0,8974,4351,4351,51.515489,51.515489,False,0,False,READY,5,5
main_gpt,GLP1-006__BCBS_FEP_WEGOVY_2026_07_01,GLP1-006,BCBS_FEP_WEGOVY_2026_07_01,gpt,READY,READY,True,True,True,easy_positive,strong_evidence,1,1,0,0,4790,811,144,4790,811,0,0,0.01769,0.01769,0.0,0,0.01769,0.01769,12387.9,12387.9,57.4,0.0,0.0,12305.9,0.0,8974,4790,4790,46.623579,46.623579,False,0,False,READY,6,6
main_gpt,GLP1-006__UHC_WEGOVY_P1114_22_2026_09_01,GLP1-006,UHC_WEGOVY_P1114_22_2026_09_01,gpt,READY,READY,True,True,True,easy_positive,strong_evidence,1,1,0,0,4007,386,38,4007,386,0,0,0.011874,0.011874,0.0,0,0.011874,0.011874,7091.0,7091.0,41.7,0.0,0.0,7027.3,0.0,8974,4007,4007,55.348785,55.348785,False,0,False,READY,4,4
main_gpt,GLP1-007__AETNA_WEGOVY_4774C_2026_08_20,GLP1-007,AETNA_WEGOVY_4774C_2026_08_20,gpt,READY,READY,True,True,True,easy_positive,near_duration_threshold,1,1,0,0,4148,565,65,4148,565,0,0,0.013946,0.013946,0.0,0,0.013946,0.013946,8371.8,8371.8,43.3,0.0,0.0,8305.0,0.0,10071,4148,4148,58.812432,58.812432,False,0,False,READY,5,5
main_gpt,GLP1-007__BCBS_FEP_WEGOVY_2026_07_01,GLP1-007,BCBS_FEP_WEGOVY_2026_07_01,gpt,READY,READY,True,True,True,easy_positive,near_duration_threshold,1,1,0,0,4902,830,78,4902,830,0,0,0.018104,0.018104,0.0,0,0.018104,0.018104,11719.4,11719.4,48.0,0.0,0.0,11645.5,0.0,10071,4902,4902,51.325588,51.325588,False,0,False,READY,6,6
main_gpt,GLP1-007__UHC_WEGOVY_P1114_22_2026_09_01,GLP1-007,UHC_WEGOVY_P1114_22_2026_09_01,gpt,READY,READY,True,True,True,easy_positive,near_duration_threshold,1,1,0,0,3804,356,37,3804,356,0,0,0.011168,0.011168,0.0,0,0.011168,0.011168,5462.8,5462.8,34.4,0.0,0.0,5407.4,0.0,10071,3804,3804,62.22818,62.22818,False,0,False,READY,4,4
main_gpt,GLP1-008__AETNA_WEGOVY_4774C_2026_08_20,GLP1-008,AETNA_WEGOVY_4774C_2026_08_20,gpt,READY,READY,True,True,True,easy_positive,multiple_conditions,1,1,0,0,4106,662,59,4106,662,0,0,0.014832,0.014832,0.0,0,0.014832,0.014832,10285.5,10285.5,49.0,0.0,0.0,10213.9,0.0,9480,4106,4106,56.687764,56.687764,False,0,False,READY,5,5
main_gpt,GLP1-008__BCBS_FEP_WEGOVY_2026_07_01,GLP1-008,BCBS_FEP_WEGOVY_2026_07_01,gpt,READY,READY,True,True,True,easy_positive,multiple_conditions,1,1,0,0,4805,816,151,4805,816,0,0,0.01777,0.01777,0.0,0,0.01777,0.01777,12285.8,12285.8,51.3,0.0,0.0,12209.2,0.0,9480,4805,4805,49.314346,49.314346,False,0,False,READY,6,6
main_gpt,GLP1-008__UHC_WEGOVY_P1114_22_2026_09_01,GLP1-008,UHC_WEGOVY_P1114_22_2026_09_01,gpt,READY,READY,True,True,True,easy_positive,multiple_conditions,1,1,0,0,3762,347,49,3762,347,0,0,0.010994,0.010994,0.0,0,0.010994,0.010994,6008.3,6008.3,33.5,0.0,0.0,5953.3,0.0,9480,3762,3762,60.316456,60.316456,False,0,False,READY,4,4
main_gpt,GLP1-009__AETNA_WEGOVY_4774C_2026_08_20,GLP1-009,AETNA_WEGOVY_4774C_2026_08_20,gpt,READY,READY,True,True,True,easy_positive,near_bmi_threshold,1,1,0,0,4638,712,91,4638,712,0,0,0.016396,0.016396,0.0,0,0.016396,0.016396,9135.3,9135.3,47.0,0.0,0.0,9062.6,0.0,8615,4638,4638,46.163668,46.163668,False,0,False,READY,5,5
main_gpt,GLP1-009__BCBS_FEP_WEGOVY_2026_07_01,GLP1-009,BCBS_FEP_WEGOVY_2026_07_01,gpt,READY,READY,True,True,True,easy_positive,near_bmi_threshold,1,1,0,0,5189,1121,199,5189,1121,0,0,0.021588,0.021588,0.0,0,0.021588,0.021588,16366.6,16366.6,50.9,0.0,0.0,16288.7,0.0,8615,5189,5189,39.767847,39.767847,False,0,False,READY,6,6
main_gpt,GLP1-009__UHC_WEGOVY_P1114_22_2026_09_01,GLP1-009,UHC_WEGOVY_P1114_22_2026_09_01,gpt,READY,READY,True,True,True,easy_positive,near_bmi_threshold,1,1,0,0,4286,369,46,4286,369,0,0,0.012262,0.012262,0.0,0,0.012262,0.012262,5315.7,5315.7,31.5,0.0,0.0,5261.3,0.0,8615,4286,4286,50.249565,50.249565,False,0,False,READY,4,4
main_gpt,GLP1-010__AETNA_WEGOVY_4774C_2026_08_20,GLP1-010,AETNA_WEGOVY_4774C_2026_08_20,gpt,READY,READY,True,True,True,easy_positive,obvious_positive,1,1,0,0,4466,593,97,4466,593,0,0,0.014862,0.014862,0.0,0,0.014862,0.014862,8461.2,8461.2,40.6,0.0,0.0,8396.5,0.0,10463,4466,4466,57.316257,57.316257,False,0,False,READY,5,5
main_gpt,GLP1-010__BCBS_FEP_WEGOVY_2026_07_01,GLP1-010,BCBS_FEP_WEGOVY_2026_07_01,gpt,READY,READY,True,True,True,easy_positive,obvious_positive,1,1,0,0,5031,997,140,5031,997,0,0,0.020032,0.020032,0.0,0,0.020032,0.020032,13489.1,13489.1,44.5,0.0,0.0,13416.0,0.0,10463,5031,5031,51.916276,51.916276,False,0,False,READY,6,6
main_gpt,GLP1-010__UHC_WEGOVY_P1114_22_2026_09_01,GLP1-010,UHC_WEGOVY_P1114_22_2026_09_01,gpt,READY,READY,True,True,True,easy_positive,obvious_positive,1,1,0,0,4122,393,37,4122,393,0,0,0.012174,0.012174,0.0,0,0.012174,0.012174,6550.7,6550.7,44.0,0.0,0.0,6484.5,0.0,10463,4122,4122,60.604033,60.604033,False,0,False,READY,4,4
main_gpt,GLP1-011__AETNA_WEGOVY_4774C_2026_08_20,GLP1-011,AETNA_WEGOVY_4774C_2026_08_20,gpt,NOT_READY,NOT_READY,True,False,False,easy_negative,bmi_failure,1,1,0,0,4232,688,170,4232,688,0,0,0.015344,0.015344,0.0,0,0.015344,0.015344,9092.8,9092.8,39.3,0.0,0.0,9030.0,0.0,8724,4232,4232,51.490142,51.490142,False,0,False,NOT_READY,5,5
main_gpt,GLP1-011__BCBS_FEP_WEGOVY_2026_07_01,GLP1-011,BCBS_FEP_WEGOVY_2026_07_01,gpt,NOT_READY,NOT_READY,True,False,False,easy_negative,bmi_failure,1,1,0,0,4789,843,155,4789,843,0,0,0.018008,0.018008,0.0,0,0.018008,0.018008,13162.0,13162.0,41.6,0.0,0.0,13094.6,0.0,8724,4789,4789,45.105456,45.105456,False,0,False,NOT_READY,6,6
main_gpt,GLP1-011__UHC_WEGOVY_P1114_22_2026_09_01,GLP1-011,UHC_WEGOVY_P1114_22_2026_09_01,gpt,NOT_READY,NOT_READY,True,False,False,easy_negative,bmi_failure,1,1,0,0,3786,454,97,3786,454,0,0,0.012112,0.012112,0.0,0,0.012112,0.012112,7226.4,7226.4,36.5,0.0,0.0,7168.6,0.0,8724,3786,3786,56.602476,56.602476,False,0,False,NOT_READY,4,4
main_gpt,GLP1-012__AETNA_WEGOVY_4774C_2026_08_20,GLP1-012,AETNA_WEGOVY_4774C_2026_08_20,gpt,NOT_READY,NOT_READY,True,False,False,easy_negative,below_bmi_threshold,1,1,0,0,4303,681,103,4303,681,0,0,0.015416,0.015416,0.0,0,0.015416,0.015416,8532.3,8532.3,44.4,0.0,0.0,8465.1,0.0,9302,4303,4303,53.741131,53.741131,False,0,False,NOT_READY,5,5
main_gpt,GLP1-012__BCBS_FEP_WEGOVY_2026_07_01,GLP1-012,BCBS_FEP_WEGOVY_2026_07_01,gpt,NOT_READY,NOT_READY,True,False,False,easy_negative,below_bmi_threshold,1,1,0,0,4839,1124,143,4839,1124,0,0,0.020918,0.020918,0.0,0,0.020918,0.020918,15393.8,15393.8,47.1,0.0,0.0,15321.3,0.0,9302,4839,4839,47.978929,47.978929,False,0,False,NOT_READY,6,6
main_gpt,GLP1-012__UHC_WEGOVY_P1114_22_2026_09_01,GLP1-012,UHC_WEGOVY_P1114_22_2026_09_01,gpt,NOT_READY,NOT_READY,True,False,False,easy_negative,below_bmi_threshold,1,1,0,0,4075,424,42,4075,424,0,0,0.01239,0.01239,0.0,0,0.01239,0.01239,6647.0,6647.0,36.9,0.0,0.0,6588.4,0.0,9302,4075,4075,56.192217,56.192217,False,0,False,NOT_READY,4,4
main_gpt,GLP1-013__AETNA_WEGOVY_4774C_2026_08_20,GLP1-013,AETNA_WEGOVY_4774C_2026_08_20,gpt,NOT_READY,NOT_READY,True,False,False,easy_negative,no_qualifying_comorbidity,1,1,0,0,3846,963,288,3846,963,0,0,0.017322,0.017322,0.0,0,0.017322,0.017322,13762.6,13762.6,40.5,0.0,0.0,13700.2,0.0,7965,3846,3846,51.713748,51.713748,False,0,False,NOT_READY,5,5
main_gpt,GLP1-013__BCBS_FEP_WEGOVY_2026_07_01,GLP1-013,BCBS_FEP_WEGOVY_2026_07_01,gpt,NOT_READY,NOT_READY,True,False,False,easy_negative,no_qualifying_comorbidity,1,1,0,0,4379,1704,819,4379,1704,0,0,0.025798,0.025798,0.0,0,0.025798,0.025798,26924.8,26924.8,34.1,0.0,0.0,26866.6,0.0,7965,4379,4379,45.021971,45.021971,False,0,False,NOT_READY,5,6
main_gpt,GLP1-013__UHC_WEGOVY_P1114_22_2026_09_01,GLP1-013,UHC_WEGOVY_P1114_22_2026_09_01,gpt,NOT_READY,NOT_READY,True,False,False,easy_negative,no_qualifying_comorbidity,1,1,0,0,3424,952,553,3424,952,0,0,0.016368,0.016368,0.0,0,0.016368,0.016368,12880.2,12880.2,31.6,0.0,0.0,12828.4,0.0,7965,3424,3424,57.011927,57.011927,False,0,False,NOT_READY,3,4
main_gpt,GLP1-014__AETNA_WEGOVY_4774C_2026_08_20,GLP1-014,AETNA_WEGOVY_4774C_2026_08_20,gpt,NOT_READY,NOT_READY,True,False,False,easy_negative,near_bmi_30,1,1,0,0,4480,805,157,4480,805,0,0,0.01701,0.01701,0.0,0,0.01701,0.01701,10778.5,10778.5,34.3,0.0,0.0,10720.4,0.0,9305,4480,4480,51.853842,51.853842,False,0,False,NOT_READY,5,5
main_gpt,GLP1-014__BCBS_FEP_WEGOVY_2026_07_01,GLP1-014,BCBS_FEP_WEGOVY_2026_07_01,gpt,NOT_READY,NOT_READY,True,False,False,easy_negative,near_bmi_30,1,1,0,0,4904,1052,369,4904,1052,0,0,0.020328,0.020328,0.0,0,0.020328,0.020328,17225.9,17225.9,42.5,0.0,0.0,17157.7,0.0,9305,4904,4904,47.297152,47.297152,False,0,False,NOT_READY,5,6
main_gpt,GLP1-014__UHC_WEGOVY_P1114_22_2026_09_01,GLP1-014,UHC_WEGOVY_P1114_22_2026_09_01,gpt,NOT_READY,NOT_READY,True,False,False,easy_negative,near_bmi_30,1,1,0,0,4046,936,482,4046,936,0,0,0.017452,0.017452,0.0,0,0.017452,0.017452,13522.1,13522.1,38.7,0.0,0.0,13460.7,0.0,9305,4046,4046,56.518001,56.518001,False,0,False,NOT_READY,4,4
main_gpt,GLP1-015__AETNA_WEGOVY_4774C_2026_08_20,GLP1-015,AETNA_WEGOVY_4774C_2026_08_20,gpt,NOT_READY,NOT_READY,True,False,False,easy_negative,just_below_bmi_27,1,1,0,0,4362,654,129,4362,654,0,0,0.015264,0.015264,0.0,0,0.015264,0.015264,8733.5,8733.5,42.0,0.0,0.0,8666.7,0.0,9490,4362,4362,54.035827,54.035827,False,0,False,NOT_READY,5,5
main_gpt,GLP1-015__BCBS_FEP_WEGOVY_2026_07_01,GLP1-015,BCBS_FEP_WEGOVY_2026_07_01,gpt,NOT_READY,NOT_READY,True,False,False,easy_negative,just_below_bmi_27,1,1,0,0,4759,815,98,4759,815,0,0,0.017668,0.017668,0.0,0,0.017668,0.017668,12114.9,12114.9,49.4,0.0,0.0,12040.2,0.0,9490,4759,4759,49.852476,49.852476,False,0,False,NOT_READY,6,6
main_gpt,GLP1-015__UHC_WEGOVY_P1114_22_2026_09_01,GLP1-015,UHC_WEGOVY_P1114_22_2026_09_01,gpt,NOT_READY,NOT_READY,True,False,False,easy_negative,just_below_bmi_27,1,1,0,0,4010,446,98,4010,446,0,0,0.01248,0.01248,0.0,0,0.01248,0.01248,6572.2,6572.2,40.5,0.0,0.0,6509.5,0.0,9490,4010,4010,57.744995,57.744995,False,0,False,NOT_READY,4,4
main_gpt,GLP1-016__AETNA_WEGOVY_4774C_2026_08_20,GLP1-016,AETNA_WEGOVY_4774C_2026_08_20,gpt,NOT_READY,NOT_READY,True,False,False,missing_evidence,missing_program,1,1,0,0,4269,583,133,4269,583,0,0,0.014368,0.014368,0.0,0,0.014368,0.014368,7290.0,7290.0,40.2,0.0,0.0,7226.2,0.0,7990,4269,4269,46.570713,46.570713,False,0,False,NOT_READY,5,5
main_gpt,GLP1-016__BCBS_FEP_WEGOVY_2026_07_01,GLP1-016,BCBS_FEP_WEGOVY_2026_07_01,gpt,NOT_READY,NOT_READY,True,False,False,missing_evidence,missing_program,1,1,0,0,4666,893,224,4666,893,0,0,0.018262,0.018262,0.0,0,0.018262,0.018262,15515.9,15515.9,39.4,0.0,0.0,15450.5,0.0,7990,4666,4666,41.602003,41.602003,False,0,False,NOT_READY,6,6
main_gpt,GLP1-016__UHC_WEGOVY_P1114_22_2026_09_01,GLP1-016,UHC_WEGOVY_P1114_22_2026_09_01,gpt,NOT_READY,NOT_READY,True,False,False,missing_evidence,missing_program,1,1,0,0,3925,486,130,3925,486,0,0,0.01271,0.01271,0.0,0,0.01271,0.01271,8299.7,8299.7,36.1,0.0,0.0,8241.3,0.0,7990,3925,3925,50.876095,50.876095,False,0,False,NOT_READY,4,4
main_gpt,GLP1-017__AETNA_WEGOVY_4774C_2026_08_20,GLP1-017,AETNA_WEGOVY_4774C_2026_08_20,gpt,NOT_READY,NOT_READY,True,False,False,missing_evidence,counseling_not_program,1,1,0,0,4193,594,80,4193,594,0,0,0.014326,0.014326,0.0,0,0.014326,0.014326,9040.5,9040.5,47.8,0.0,0.0,8970.4,0.0,9881,4193,4193,57.565024,57.565024,False,0,False,NOT_READY,5,5
main_gpt,GLP1-017__BCBS_FEP_WEGOVY_2026_07_01,GLP1-017,BCBS_FEP_WEGOVY_2026_07_01,gpt,NOT_READY,NOT_READY,True,False,False,missing_evidence,counseling_not_program,1,1,0,0,4956,657,91,4956,657,0,0,0.016482,0.016482,0.0,0,0.016482,0.016482,10535.9,10535.9,42.0,0.0,0.0,10466.4,0.0,9881,4956,4956,49.843133,49.843133,False,0,False,NOT_READY,6,6
main_gpt,GLP1-017__UHC_WEGOVY_P1114_22_2026_09_01,GLP1-017,UHC_WEGOVY_P1114_22_2026_09_01,gpt,NOT_READY,NOT_READY,True,False,False,missing_evidence,counseling_not_program,1,1,0,0,3849,542,153,3849,542,0,0,0.013118,0.013118,0.0,0,0.013118,0.013118,8583.5,8583.5,38.4,0.0,0.0,8522.9,0.0,9881,3849,3849,61.046453,61.046453,False,0,False,NOT_READY,4,4
main_gpt,GLP1-018__AETNA_WEGOVY_4774C_2026_08_20,GLP1-018,AETNA_WEGOVY_4774C_2026_08_20,gpt,NOT_READY,NOT_READY,True,False,False,missing_evidence,partial_program,1,1,0,0,3582,675,96,3582,675,0,0,0.013914,0.013914,0.0,0,0.013914,0.013914,8992.5,8992.5,32.5,0.0,0.0,8939.7,0.0,7672,3582,3582,53.31074,53.31074,False,0,False,NOT_READY,5,5
main_gpt,GLP1-018__BCBS_FEP_WEGOVY_2026_07_01,GLP1-018,BCBS_FEP_WEGOVY_2026_07_01,gpt,NOT_READY,NOT_READY,True,False,False,missing_evidence,partial_program,1,1,0,0,3991,1044,302,3991,1044,0,0,0.018422,0.018422,0.0,0,0.018422,0.018422,15314.5,15314.5,40.2,0.0,0.0,15250.8,0.0,7672,3991,3991,47.979666,47.979666,False,0,False,NOT_READY,6,6
main_gpt,GLP1-018__UHC_WEGOVY_P1114_22_2026_09_01,GLP1-018,UHC_WEGOVY_P1114_22_2026_09_01,gpt,READY,READY,True,True,True,missing_evidence,partial_program,1,1,0,0,3238,410,35,3238,410,0,0,0.010576,0.010576,0.0,0,0.010576,0.010576,6387.0,6387.0,32.8,0.0,0.0,6334.7,0.0,7672,3238,3238,57.794578,57.794578,False,0,False,READY,4,4
main_gpt,GLP1-019__AETNA_WEGOVY_4774C_2026_08_20,GLP1-019,AETNA_WEGOVY_4774C_2026_08_20,gpt,NOT_READY,NOT_READY,True,False,False,missing_evidence,partial_program,1,1,0,0,4248,670,186,4248,670,0,0,0.015196,0.015196,0.0,0,0.015196,0.015196,10116.9,10116.9,48.5,0.0,0.0,10046.4,0.0,9809,4248,4248,56.692833,56.692833,False,0,False,NOT_READY,5,5
main_gpt,GLP1-019__BCBS_FEP_WEGOVY_2026_07_01,GLP1-019,BCBS_FEP_WEGOVY_2026_07_01,gpt,NOT_READY,NOT_READY,True,False,False,missing_evidence,partial_program,1,1,0,0,4742,914,340,4742,914,0,0,0.018624,0.018624,0.0,0,0.018624,0.018624,14893.1,14893.1,40.9,0.0,0.0,14826.5,0.0,9809,4742,4742,51.656642,51.656642,False,0,False,NOT_READY,6,6
main_gpt,GLP1-019__UHC_WEGOVY_P1114_22_2026_09_01,GLP1-019,UHC_WEGOVY_P1114_22_2026_09_01,gpt,READY,READY,True,True,True,missing_evidence,partial_program,1,1,0,0,3896,397,38,3896,397,0,0,0.011762,0.011762,0.0,0,0.011762,0.011762,6256.6,6256.6,39.9,0.0,0.0,6195.4,0.0,9809,3896,3896,60.281374,60.281374,False,0,False,READY,4,4
main_gpt,GLP1-020__AETNA_WEGOVY_4774C_2026_08_20,GLP1-020,AETNA_WEGOVY_4774C_2026_08_20,gpt,NOT_READY,NOT_READY,True,False,False,missing_evidence,missing_temporality,1,1,0,0,3867,956,371,3867,956,0,0,0.017294,0.017294,0.0,0,0.017294,0.017294,14615.5,14615.5,39.7,0.0,0.0,14554.4,0.0,7575,3867,3867,48.950495,48.950495,False,0,False,NOT_READY,4,5
main_gpt,GLP1-020__BCBS_FEP_WEGOVY_2026_07_01,GLP1-020,BCBS_FEP_WEGOVY_2026_07_01,gpt,READY,READY,True,True,True,missing_evidence,missing_temporality,1,1,0,0,4397,788,181,4397,788,0,0,0.016674,0.016674,0.0,0,0.016674,0.016674,13333.7,13333.7,43.7,0.0,0.0,13266.6,0.0,7575,4397,4397,41.953795,41.953795,False,0,False,READY,6,6
main_gpt,GLP1-020__UHC_WEGOVY_P1114_22_2026_09_01,GLP1-020,UHC_WEGOVY_P1114_22_2026_09_01,gpt,READY,READY,True,True,True,missing_evidence,missing_temporality,1,1,0,0,3523,428,65,3523,428,0,0,0.011326,0.011326,0.0,0,0.011326,0.011326,6439.0,6439.0,22.7,0.0,0.0,6396.5,0.0,7575,3523,3523,53.491749,53.491749,False,0,False,READY,4,4
main_gpt,GLP1-021__AETNA_WEGOVY_4774C_2026_08_20,GLP1-021,AETNA_WEGOVY_4774C_2026_08_20,gpt,NOT_READY,NOT_READY,True,False,False,missing_evidence,incomplete_longitudinal,1,1,0,0,3314,697,94,3314,697,0,0,0.013598,0.013598,0.0,0,0.013598,0.013598,9897.0,9897.0,29.8,0.0,0.0,9845.9,0.0,7153,3314,3314,53.669789,53.669789,False,0,False,NOT_READY,5,5
main_gpt,GLP1-021__BCBS_FEP_WEGOVY_2026_07_01,GLP1-021,BCBS_FEP_WEGOVY_2026_07_01,gpt,READY,NOT_READY,False,True,False,missing_evidence,incomplete_longitudinal,1,1,0,0,4038,999,420,4038,999,0,0,0.018066,0.018066,0.0,0,0.018066,0.018066,17394.4,17394.4,36.3,0.0,0.0,17334.9,0.0,7153,4038,4038,43.548162,43.548162,False,0,False,NOT_READY,5,6
main_gpt,GLP1-021__UHC_WEGOVY_P1114_22_2026_09_01,GLP1-021,UHC_WEGOVY_P1114_22_2026_09_01,gpt,NOT_READY,NOT_READY,True,False,False,missing_evidence,incomplete_longitudinal,1,1,0,0,2994,495,95,2994,495,0,0,0.010938,0.010938,0.0,0,0.010938,0.010938,7473.7,7473.7,24.8,0.0,0.0,7430.8,0.0,7153,2994,2994,58.143436,58.143436,False,0,False,NOT_READY,4,4
main_gpt,GLP1-022__AETNA_WEGOVY_4774C_2026_08_20,GLP1-022,AETNA_WEGOVY_4774C_2026_08_20,gpt,READY,READY,True,True,True,missing_evidence,structured_data_omission,1,1,0,0,4190,780,136,4190,780,0,0,0.01618,0.01618,0.0,0,0.01618,0.01618,10642.7,10642.7,45.1,0.0,0.0,10575.1,0.0,9448,4190,4190,55.65199,55.65199,False,0,False,READY,5,5
main_gpt,GLP1-022__BCBS_FEP_WEGOVY_2026_07_01,GLP1-022,BCBS_FEP_WEGOVY_2026_07_01,gpt,READY,READY,True,True,True,missing_evidence,structured_data_omission,1,1,0,0,4827,765,94,4827,765,0,0,0.017304,0.017304,0.0,0,0.017304,0.017304,12692.3,12692.3,46.2,0.0,0.0,12621.2,0.0,9448,4827,4827,48.909822,48.909822,False,0,False,READY,6,6
main_gpt,GLP1-022__UHC_WEGOVY_P1114_22_2026_09_01,GLP1-022,UHC_WEGOVY_P1114_22_2026_09_01,gpt,READY,READY,True,True,True,missing_evidence,structured_data_omission,1,1,0,0,3840,476,83,3840,476,0,0,0.01244,0.01244,0.0,0,0.01244,0.01244,6300.2,6300.2,36.7,0.0,0.0,6241.3,0.0,9448,3840,3840,59.356478,59.356478,False,0,False,READY,4,4
main_gpt,GLP1-023__AETNA_WEGOVY_4774C_2026_08_20,GLP1-023,AETNA_WEGOVY_4774C_2026_08_20,gpt,READY,READY,True,True,True,missing_evidence,missing_medication_evidence,1,1,0,0,3761,557,57,3761,557,0,0,0.013092,0.013092,0.0,0,0.013092,0.013092,8673.7,8673.7,40.8,0.0,0.0,8611.3,0.0,8135,3761,3761,53.767671,53.767671,False,0,False,READY,5,5
main_gpt,GLP1-023__BCBS_FEP_WEGOVY_2026_07_01,GLP1-023,BCBS_FEP_WEGOVY_2026_07_01,gpt,NOT_READY,NOT_READY,True,False,False,missing_evidence,missing_medication_evidence,1,1,0,0,4485,675,91,4485,675,0,0,0.01572,0.01572,0.0,0,0.01572,0.01572,10429.7,10429.7,40.0,0.0,0.0,10366.1,0.0,8135,4485,4485,44.867855,44.867855,False,0,False,NOT_READY,6,6
main_gpt,GLP1-023__UHC_WEGOVY_P1114_22_2026_09_01,GLP1-023,UHC_WEGOVY_P1114_22_2026_09_01,gpt,READY,READY,True,True,True,missing_evidence,missing_medication_evidence,1,1,0,0,3517,354,47,3517,354,0,0,0.010574,0.010574,0.0,0,0.010574,0.010574,5265.5,5265.5,35.1,0.0,0.0,5210.0,0.0,8135,3517,3517,56.767056,56.767056,False,0,False,READY,4,4
main_gpt,GLP1-024__AETNA_WEGOVY_4774C_2026_08_20,GLP1-024,AETNA_WEGOVY_4774C_2026_08_20,gpt,READY,READY,True,True,True,missing_evidence,unknown_not_negative,1,1,0,0,4189,635,119,4189,635,0,0,0.014728,0.014728,0.0,0,0.014728,0.014728,9336.5,9336.5,39.1,0.0,0.0,9273.5,0.0,7791,4189,4189,46.232833,46.232833,False,0,False,READY,5,5
main_gpt,GLP1-024__BCBS_FEP_WEGOVY_2026_07_01,GLP1-024,BCBS_FEP_WEGOVY_2026_07_01,gpt,NOT_READY,NOT_READY,True,False,False,missing_evidence,unknown_not_negative,1,1,0,0,4613,945,167,4613,945,0,0,0.018676,0.018676,0.0,0,0.018676,0.018676,14049.2,14049.2,44.4,0.0,0.0,13981.5,0.0,7791,4613,4613,40.790656,40.790656,False,0,False,NOT_READY,6,6
main_gpt,GLP1-024__UHC_WEGOVY_P1114_22_2026_09_01,GLP1-024,UHC_WEGOVY_P1114_22_2026_09_01,gpt,READY,READY,True,True,True,missing_evidence,unknown_not_negative,1,1,0,0,3845,401,75,3845,401,0,0,0.0117,0.0117,0.0,0,0.0117,0.0117,6278.0,6278.0,36.3,0.0,0.0,6218.3,0.0,7791,3845,3845,50.648184,50.648184,False,0,False,READY,4,4
main_gpt,GLP1-025__AETNA_WEGOVY_4774C_2026_08_20,GLP1-025,AETNA_WEGOVY_4774C_2026_08_20,gpt,READY,READY,True,True,True,missing_evidence,missing_response,1,1,0,0,4130,561,47,4130,561,0,0,0.01387,0.01387,0.0,0,0.01387,0.01387,8348.4,8348.4,30.9,0.0,0.0,8293.7,0.0,8932,4130,4130,53.761755,53.761755,False,0,False,READY,5,5
main_gpt,GLP1-025__BCBS_FEP_WEGOVY_2026_07_01,GLP1-025,BCBS_FEP_WEGOVY_2026_07_01,gpt,READY,READY,True,True,True,missing_evidence,missing_response,1,1,0,0,4761,804,65,4761,804,0,0,0.017562,0.017562,0.0,0,0.017562,0.017562,11577.8,11577.8,51.9,0.0,0.0,11500.8,0.0,8932,4761,4761,46.697268,46.697268,False,0,False,READY,6,6
main_gpt,GLP1-025__UHC_WEGOVY_P1114_22_2026_09_01,GLP1-025,UHC_WEGOVY_P1114_22_2026_09_01,gpt,READY,READY,True,True,True,missing_evidence,missing_response,1,1,0,0,3786,362,56,3786,362,0,0,0.011192,0.011192,0.0,0,0.011192,0.011192,6763.4,6763.4,41.3,0.0,0.0,6700.5,0.0,8932,3786,3786,57.613077,57.613077,False,0,False,READY,4,4
main_gpt,GLP1-026__AETNA_WEGOVY_4774C_2026_08_20,GLP1-026,AETNA_WEGOVY_4774C_2026_08_20,gpt,NOT_READY,NOT_READY,True,False,False,ambiguous,duration_ambiguity,1,1,0,0,4122,1093,514,4122,1093,0,0,0.019174,0.019174,0.0,0,0.019174,0.019174,13257.7,13257.7,37.0,0.0,0.0,13197.4,0.0,8554,4122,4122,51.812018,51.812018,False,0,False,NOT_READY,5,5
main_gpt,GLP1-026__BCBS_FEP_WEGOVY_2026_07_01,GLP1-026,BCBS_FEP_WEGOVY_2026_07_01,gpt,NOT_READY,NOT_READY,True,False,False,ambiguous,duration_ambiguity,1,1,0,0,4510,740,75,4510,740,0,0,0.01642,0.01642,0.0,0,0.01642,0.01642,11743.4,11743.4,46.8,0.0,0.0,11671.6,0.0,8554,4510,4510,47.276128,47.276128,False,0,False,NOT_READY,6,6
main_gpt,GLP1-026__UHC_WEGOVY_P1114_22_2026_09_01,GLP1-026,UHC_WEGOVY_P1114_22_2026_09_01,gpt,READY,READY,True,True,True,ambiguous,duration_ambiguity,1,1,0,0,3626,334,36,3626,334,0,0,0.010592,0.010592,0.0,0,0.010592,0.010592,5868.0,5868.0,19.5,0.0,0.0,5830.3,0.0,8554,3626,3626,57.610475,57.610475,False,0,False,READY,4,4
main_gpt,GLP1-027__AETNA_WEGOVY_4774C_2026_08_20,GLP1-027,AETNA_WEGOVY_4774C_2026_08_20,gpt,NOT_READY,NOT_READY,True,False,False,ambiguous,vague_temporality,1,1,0,0,4183,706,131,4183,706,0,0,0.015426,0.015426,0.0,0,0.015426,0.015426,10684.8,10684.8,40.6,0.0,0.0,10620.7,0.0,9357,4183,4183,55.295501,55.295501,False,0,False,NOT_READY,4,5
main_gpt,GLP1-027__BCBS_FEP_WEGOVY_2026_07_01,GLP1-027,BCBS_FEP_WEGOVY_2026_07_01,gpt,NOT_READY,NOT_READY,True,False,False,ambiguous,vague_temporality,1,1,0,0,4622,975,251,4622,975,0,0,0.018994,0.018994,0.0,0,0.018994,0.018994,14162.1,14162.1,36.4,0.0,0.0,14099.6,0.0,9357,4622,4622,50.603826,50.603826,False,0,False,NOT_READY,6,6
main_gpt,GLP1-027__UHC_WEGOVY_P1114_22_2026_09_01,GLP1-027,UHC_WEGOVY_P1114_22_2026_09_01,gpt,READY,READY,True,True,True,ambiguous,vague_temporality,1,1,0,0,3788,373,33,3788,373,0,0,0.011306,0.011306,0.0,0,0.011306,0.011306,5488.8,5488.8,36.2,0.0,0.0,5431.7,0.0,9357,3788,3788,59.516939,59.516939,False,0,False,READY,4,4
main_gpt,GLP1-028__AETNA_WEGOVY_4774C_2026_08_20,GLP1-028,AETNA_WEGOVY_4774C_2026_08_20,gpt,REVIEW_REQUIRED,REVIEW_REQUIRED,True,False,False,ambiguous,condition_ambiguity,1,1,0,0,4407,693,130,4407,693,0,0,0.015744,0.015744,0.0,0,0.015744,0.015744,11748.7,11748.7,50.7,0.0,0.0,11674.2,0.0,9421,4407,4407,53.221526,53.221526,False,0,True,REVIEW_REQUIRED,5,5
main_gpt,GLP1-028__BCBS_FEP_WEGOVY_2026_07_01,GLP1-028,BCBS_FEP_WEGOVY_2026_07_01,gpt,REVIEW_REQUIRED,REVIEW_REQUIRED,True,False,False,ambiguous,condition_ambiguity,1,1,0,0,4846,1230,274,4846,1230,0,0,0.021992,0.021992,0.0,0,0.021992,0.021992,17838.8,17838.8,52.4,0.0,0.0,17759.3,0.0,9421,4846,4846,48.561724,48.561724,False,0,True,REVIEW_REQUIRED,6,6
main_gpt,GLP1-028__UHC_WEGOVY_P1114_22_2026_09_01,GLP1-028,UHC_WEGOVY_P1114_22_2026_09_01,gpt,REVIEW_REQUIRED,REVIEW_REQUIRED,True,False,False,ambiguous,condition_ambiguity,1,1,0,0,3981,629,136,3981,629,0,0,0.014252,0.014252,0.0,0,0.014252,0.014252,11004.3,11004.3,33.6,0.0,0.0,10948.7,0.0,9421,3981,3981,57.743339,57.743339,False,0,True,REVIEW_REQUIRED,4,4
main_gpt,GLP1-029__AETNA_WEGOVY_4774C_2026_08_20,GLP1-029,AETNA_WEGOVY_4774C_2026_08_20,gpt,READY,READY,True,True,True,ambiguous,duration_boundary,1,1,0,0,4109,581,80,4109,581,0,0,0.014028,0.014028,0.0,0,0.014028,0.014028,9291.7,9291.7,41.5,0.0,0.0,9225.7,0.0,9378,4109,4109,56.184688,56.184688,False,0,False,READY,5,5
main_gpt,GLP1-029__BCBS_FEP_WEGOVY_2026_07_01,GLP1-029,BCBS_FEP_WEGOVY_2026_07_01,gpt,READY,READY,True,True,True,ambiguous,duration_boundary,1,1,0,0,4608,872,142,4608,872,0,0,0.017936,0.017936,0.0,0,0.017936,0.017936,12072.8,12072.8,38.6,0.0,0.0,12009.1,0.0,9378,4608,4608,50.863724,50.863724,False,0,False,READY,6,6
main_gpt,GLP1-029__UHC_WEGOVY_P1114_22_2026_09_01,GLP1-029,UHC_WEGOVY_P1114_22_2026_09_01,gpt,READY,READY,True,True,True,ambiguous,duration_boundary,1,1,0,0,3679,361,60,3679,361,0,0,0.010968,0.010968,0.0,0,0.010968,0.010968,5722.9,5722.9,34.8,0.0,0.0,5667.2,0.0,9378,3679,3679,60.769887,60.769887,False,0,False,READY,4,4
main_gpt,GLP1-030__AETNA_WEGOVY_4774C_2026_08_20,GLP1-030,AETNA_WEGOVY_4774C_2026_08_20,gpt,NOT_READY,NOT_READY,True,False,False,ambiguous,numeric_boundary,1,1,0,0,3786,983,340,3786,983,0,0,0.017402,0.017402,0.0,0,0.017402,0.017402,13500.2,13500.2,43.3,0.0,0.0,13434.2,0.0,7572,3786,3786,50.0,50.0,False,0,False,NOT_READY,4,5
main_gpt,GLP1-030__BCBS_FEP_WEGOVY_2026_07_01,GLP1-030,BCBS_FEP_WEGOVY_2026_07_01,gpt,NOT_READY,NOT_READY,True,False,False,ambiguous,numeric_boundary,1,1,0,0,4297,921,170,4297,921,0,0,0.017804,0.017804,0.0,0,0.017804,0.017804,14529.6,14529.6,45.9,0.0,0.0,14458.7,0.0,7572,4297,4297,43.251453,43.251453,False,0,False,NOT_READY,5,6
main_gpt,GLP1-030__UHC_WEGOVY_P1114_22_2026_09_01,GLP1-030,UHC_WEGOVY_P1114_22_2026_09_01,gpt,NOT_READY,NOT_READY,True,False,False,ambiguous,numeric_boundary,1,1,0,0,3434,795,378,3434,795,0,0,0.014818,0.014818,0.0,0,0.014818,0.014818,12470.5,12470.5,32.6,0.0,0.0,12416.2,0.0,7572,3434,3434,54.648706,54.648706,False,0,False,NOT_READY,3,4
main_gpt,GLP1-031__AETNA_WEGOVY_4774C_2026_08_20,GLP1-031,AETNA_WEGOVY_4774C_2026_08_20,gpt,READY,READY,True,True,True,ambiguous,infer_duration_from_dates,1,1,0,0,3683,894,344,3683,894,0,0,0.016306,0.016306,0.0,0,0.016306,0.016306,13766.9,13766.9,40.9,0.0,0.0,13704.1,0.0,7628,3683,3683,51.717357,51.717357,False,0,False,READY,5,5
main_gpt,GLP1-031__BCBS_FEP_WEGOVY_2026_07_01,GLP1-031,BCBS_FEP_WEGOVY_2026_07_01,gpt,READY,READY,True,True,True,ambiguous,infer_duration_from_dates,1,1,0,0,4194,704,101,4194,704,0,0,0.015428,0.015428,0.0,0,0.015428,0.015428,10572.8,10572.8,40.5,0.0,0.0,10509.5,0.0,7628,4194,4194,45.018353,45.018353,False,0,False,READY,6,6
main_gpt,GLP1-031__UHC_WEGOVY_P1114_22_2026_09_01,GLP1-031,UHC_WEGOVY_P1114_22_2026_09_01,gpt,READY,READY,True,True,True,ambiguous,infer_duration_from_dates,1,1,0,0,3339,390,54,3339,390,0,0,0.010578,0.010578,0.0,0,0.010578,0.010578,6235.3,6235.3,32.2,0.0,0.0,6182.8,0.0,7628,3339,3339,56.227058,56.227058,False,0,False,READY,4,4
main_gpt,GLP1-032__AETNA_WEGOVY_4774C_2026_08_20,GLP1-032,AETNA_WEGOVY_4774C_2026_08_20,gpt,READY,NOT_READY,False,True,False,ambiguous,evidence_aggregation,1,1,0,0,4435,996,350,4435,996,0,0,0.01883,0.01883,0.0,0,0.01883,0.01883,14184.5,14184.5,48.0,0.0,0.0,14112.4,0.0,10093,4435,4435,56.058655,56.058655,False,0,False,NOT_READY,4,5
main_gpt,GLP1-032__BCBS_FEP_WEGOVY_2026_07_01,GLP1-032,BCBS_FEP_WEGOVY_2026_07_01,gpt,READY,READY,True,True,True,ambiguous,evidence_aggregation,1,1,0,0,4847,866,155,4847,866,0,0,0.018354,0.018354,0.0,0,0.018354,0.018354,12908.4,12908.4,53.0,0.0,0.0,12829.4,0.0,10093,4847,4847,51.976617,51.976617,False,0,False,READY,6,6
main_gpt,GLP1-032__UHC_WEGOVY_P1114_22_2026_09_01,GLP1-032,UHC_WEGOVY_P1114_22_2026_09_01,gpt,READY,READY,True,True,True,ambiguous,evidence_aggregation,1,1,0,0,4083,407,64,4083,407,0,0,0.012236,0.012236,0.0,0,0.012236,0.012236,7030.2,7030.2,36.8,0.0,0.0,6970.9,0.0,10093,4083,4083,59.54622,59.54622,False,0,False,READY,4,4
main_gpt,GLP1-033__AETNA_WEGOVY_4774C_2026_08_20,GLP1-033,AETNA_WEGOVY_4774C_2026_08_20,gpt,REVIEW_REQUIRED,NOT_READY,False,False,False,ambiguous,continuity,1,1,0,0,3741,736,109,3741,736,0,0,0.014842,0.014842,0.0,0,0.014842,0.014842,10591.8,10591.8,33.9,0.0,0.0,10535.3,0.0,7005,3741,3741,46.595289,46.595289,False,0,False,NOT_READY,4,5
main_gpt,GLP1-033__BCBS_FEP_WEGOVY_2026_07_01,GLP1-033,BCBS_FEP_WEGOVY_2026_07_01,gpt,READY,READY,True,True,True,ambiguous,continuity,1,1,0,0,4165,733,112,4165,733,0,0,0.01566,0.01566,0.0,0,0.01566,0.01566,11236.9,11236.9,38.7,0.0,0.0,11174.6,0.0,7005,4165,4165,40.54247,40.54247,False,0,False,READY,6,6
main_gpt,GLP1-033__UHC_WEGOVY_P1114_22_2026_09_01,GLP1-033,UHC_WEGOVY_P1114_22_2026_09_01,gpt,READY,READY,True,True,True,ambiguous,continuity,1,1,0,0,3397,374,50,3397,374,0,0,0.010534,0.010534,0.0,0,0.010534,0.010534,7056.0,7056.0,29.5,0.0,0.0,7005.9,0.0,7005,3397,3397,51.506067,51.506067,False,0,False,READY,4,4
main_gpt,GLP1-034__AETNA_WEGOVY_4774C_2026_08_20,GLP1-034,AETNA_WEGOVY_4774C_2026_08_20,gpt,READY,READY,True,True,True,ambiguous,semantic_comorbidity,1,1,0,0,4502,757,74,4502,757,0,0,0.016574,0.016574,0.0,0,0.016574,0.016574,10841.7,10841.7,43.7,0.0,0.0,10773.7,0.0,10355,4502,4502,56.523419,56.523419,False,0,False,READY,5,5
main_gpt,GLP1-034__BCBS_FEP_WEGOVY_2026_07_01,GLP1-034,BCBS_FEP_WEGOVY_2026_07_01,gpt,READY,READY,True,True,True,ambiguous,semantic_comorbidity,1,1,0,0,4920,997,177,4920,997,0,0,0.01981,0.01981,0.0,0,0.01981,0.01981,15385.0,15385.0,50.3,0.0,0.0,15307.9,0.0,10355,4920,4920,52.486721,52.486721,False,0,False,READY,6,6
main_gpt,GLP1-034__UHC_WEGOVY_P1114_22_2026_09_01,GLP1-034,UHC_WEGOVY_P1114_22_2026_09_01,gpt,READY,READY,True,True,True,ambiguous,semantic_comorbidity,1,1,0,0,4156,415,49,4156,415,0,0,0.012462,0.012462,0.0,0,0.012462,0.012462,6577.2,6577.2,40.5,0.0,0.0,6514.2,0.0,10355,4156,4156,59.8648,59.8648,False,0,False,READY,4,4
main_gpt,GLP1-035__AETNA_WEGOVY_4774C_2026_08_20,GLP1-035,AETNA_WEGOVY_4774C_2026_08_20,gpt,READY,READY,True,True,True,ambiguous,response_semantics,1,1,0,0,3923,604,81,3923,604,0,0,0.013886,0.013886,0.0,0,0.013886,0.013886,9590.0,9590.0,40.1,0.0,0.0,9514.1,0.0,8347,3923,3923,53.001078,53.001078,False,0,False,READY,5,5
main_gpt,GLP1-035__BCBS_FEP_WEGOVY_2026_07_01,GLP1-035,BCBS_FEP_WEGOVY_2026_07_01,gpt,READY,READY,True,True,True,ambiguous,response_semantics,1,1,0,0,4450,778,124,4450,778,0,0,0.01668,0.01668,0.0,0,0.01668,0.01668,11531.9,11531.9,43.2,0.0,0.0,11465.1,0.0,8347,4450,4450,46.687433,46.687433,False,0,False,READY,6,6
main_gpt,GLP1-035__UHC_WEGOVY_P1114_22_2026_09_01,GLP1-035,UHC_WEGOVY_P1114_22_2026_09_01,gpt,READY,READY,True,True,True,ambiguous,response_semantics,1,1,0,0,3571,422,41,3571,422,0,0,0.011362,0.011362,0.0,0,0.011362,0.011362,6472.3,6472.3,33.4,0.0,0.0,6418.3,0.0,8347,3571,3571,57.218162,57.218162,False,0,False,READY,4,4
main_gpt,GLP1-036__AETNA_WEGOVY_4774C_2026_08_20,GLP1-036,AETNA_WEGOVY_4774C_2026_08_20,gpt,NOT_READY,NOT_READY,True,False,False,hard,program_discontinuation,1,1,0,0,4401,822,197,4401,822,0,0,0.017022,0.017022,0.0,0,0.017022,0.017022,10979.3,10979.3,66.8,0.0,0.0,10866.9,0.0,9107,4401,4401,51.674536,51.674536,False,0,False,NOT_READY,5,5
main_gpt,GLP1-036__BCBS_FEP_WEGOVY_2026_07_01,GLP1-036,BCBS_FEP_WEGOVY_2026_07_01,gpt,READY,READY,True,True,True,hard,program_discontinuation,1,1,0,0,4965,991,124,4965,991,0,0,0.01984,0.01984,0.0,0,0.01984,0.01984,14140.1,14140.1,39.1,0.0,0.0,14074.3,0.0,9107,4965,4965,45.481498,45.481498,False,0,False,READY,6,6
main_gpt,GLP1-036__UHC_WEGOVY_P1114_22_2026_09_01,GLP1-036,UHC_WEGOVY_P1114_22_2026_09_01,gpt,NOT_READY,NOT_READY,True,False,False,hard,program_discontinuation,1,1,0,0,4057,837,423,4057,837,0,0,0.016484,0.016484,0.0,0,0.016484,0.016484,15126.7,15126.7,37.7,0.0,0.0,15064.3,0.0,9107,4057,4057,55.45185,55.45185,False,0,False,NOT_READY,4,4
main_gpt,GLP1-037__AETNA_WEGOVY_4774C_2026_08_20,GLP1-037,AETNA_WEGOVY_4774C_2026_08_20,gpt,NOT_READY,NOT_READY,True,False,False,hard,noncontinuous_duration,1,1,0,0,3665,670,94,3665,670,0,0,0.01403,0.01403,0.0,0,0.01403,0.01403,8990.5,8990.5,33.9,0.0,0.0,8935.9,0.0,7042,3665,3665,47.955126,47.955126,False,0,False,NOT_READY,5,5
main_gpt,GLP1-037__BCBS_FEP_WEGOVY_2026_07_01,GLP1-037,BCBS_FEP_WEGOVY_2026_07_01,gpt,READY,READY,True,True,True,hard,noncontinuous_duration,1,1,0,0,4186,699,85,4186,699,0,0,0.015362,0.015362,0.0,0,0.015362,0.015362,10466.5,10466.5,45.6,0.0,0.0,10398.5,0.0,7042,4186,4186,40.55666,40.55666,False,0,False,READY,6,6
main_gpt,GLP1-037__UHC_WEGOVY_P1114_22_2026_09_01,GLP1-037,UHC_WEGOVY_P1114_22_2026_09_01,gpt,READY,READY,True,True,True,hard,noncontinuous_duration,1,1,0,0,3313,470,72,3313,470,0,0,0.011326,0.011326,0.0,0,0.011326,0.011326,7147.5,7147.5,33.3,0.0,0.0,7094.0,0.0,7042,3313,3313,52.953706,52.953706,False,0,False,READY,4,4
main_gpt,GLP1-038__AETNA_WEGOVY_4774C_2026_08_20,GLP1-038,AETNA_WEGOVY_4774C_2026_08_20,gpt,READY,READY,True,True,True,hard,contradiction;medication_reconciliation,1,1,0,0,3651,570,99,3651,570,0,0,0.013002,0.013002,0.0,0,0.013002,0.013002,8996.4,8996.4,20.7,0.0,0.0,8956.3,0.0,7424,3651,3651,50.821659,50.821659,False,0,False,READY,5,5
main_gpt,GLP1-038__BCBS_FEP_WEGOVY_2026_07_01,GLP1-038,BCBS_FEP_WEGOVY_2026_07_01,gpt,READY,READY,True,True,True,hard,contradiction;medication_reconciliation,1,1,0,0,4251,702,140,4251,702,0,0,0.015522,0.015522,0.0,0,0.015522,0.015522,11513.7,11513.7,48.6,0.0,0.0,11439.8,0.0,7424,4251,4251,42.739763,42.739763,False,0,False,READY,6,6
main_gpt,GLP1-038__UHC_WEGOVY_P1114_22_2026_09_01,GLP1-038,UHC_WEGOVY_P1114_22_2026_09_01,gpt,READY,READY,True,True,True,hard,contradiction;medication_reconciliation,1,1,0,0,3299,385,48,3299,385,0,0,0.010448,0.010448,0.0,0,0.010448,0.010448,7007.3,7007.3,30.7,0.0,0.0,6955.6,0.0,7424,3299,3299,55.563039,55.563039,False,0,False,READY,4,4
main_gpt,GLP1-039__AETNA_WEGOVY_4774C_2026_08_20,GLP1-039,AETNA_WEGOVY_4774C_2026_08_20,gpt,READY,REVIEW_REQUIRED,False,True,False,hard,stale_medication,1,1,0,0,4421,1189,512,4421,1189,0,0,0.020732,0.020732,0.0,0,0.020732,0.020732,16862.7,16862.7,39.1,0.0,0.0,16800.7,0.0,9847,4421,4421,55.103077,55.103077,False,0,True,REVIEW_REQUIRED,4,5
main_gpt,GLP1-039__BCBS_FEP_WEGOVY_2026_07_01,GLP1-039,BCBS_FEP_WEGOVY_2026_07_01,gpt,READY,READY,True,True,True,hard,stale_medication,1,1,0,0,4936,881,120,4936,881,0,0,0.018682,0.018682,0.0,0,0.018682,0.018682,12179.8,12179.8,46.1,0.0,0.0,12108.0,0.0,9847,4936,4936,49.873058,49.873058,False,0,False,READY,6,6
main_gpt,GLP1-039__UHC_WEGOVY_P1114_22_2026_09_01,GLP1-039,UHC_WEGOVY_P1114_22_2026_09_01,gpt,READY,READY,True,True,True,hard,stale_medication,1,1,0,0,4069,513,77,4069,513,0,0,0.013268,0.013268,0.0,0,0.013268,0.013268,7268.7,7268.7,64.1,0.0,0.0,7171.7,0.0,9847,4069,4069,58.67777,58.67777,False,0,False,READY,4,4
main_gpt,GLP1-040__AETNA_WEGOVY_4774C_2026_08_20,GLP1-040,AETNA_WEGOVY_4774C_2026_08_20,gpt,NOT_READY,NOT_READY,True,False,False,hard,structured_narrative_conflict,1,1,0,0,3607,874,285,3607,874,0,0,0.015954,0.015954,0.0,0,0.015954,0.015954,11920.1,11920.1,33.2,0.0,0.0,11867.5,0.0,7398,3607,3607,51.243579,51.243579,False,0,False,NOT_READY,4,5
main_gpt,GLP1-040__BCBS_FEP_WEGOVY_2026_07_01,GLP1-040,BCBS_FEP_WEGOVY_2026_07_01,gpt,NOT_READY,NOT_READY,True,False,False,hard,structured_narrative_conflict,1,1,0,0,4336,1009,319,4336,1009,0,0,0.018762,0.018762,0.0,0,0.018762,0.018762,16260.8,16260.8,39.7,0.0,0.0,16197.0,0.0,7398,4336,4336,41.389565,41.389565,False,0,False,NOT_READY,5,6
main_gpt,GLP1-040__UHC_WEGOVY_P1114_22_2026_09_01,GLP1-040,UHC_WEGOVY_P1114_22_2026_09_01,gpt,NOT_READY,NOT_READY,True,False,False,hard,structured_narrative_conflict,1,1,0,0,3263,939,447,3263,939,0,0,0.015916,0.015916,0.0,0,0.015916,0.015916,12707.3,12707.3,24.8,0.0,0.0,12662.9,0.0,7398,3263,3263,55.893485,55.893485,False,0,False,NOT_READY,3,4
main_gpt,GLP1-041__AETNA_WEGOVY_4774C_2026_08_20,GLP1-041,AETNA_WEGOVY_4774C_2026_08_20,gpt,NOT_READY,NOT_READY,True,False,False,hard,longitudinal_bmi_conflict,1,1,0,0,4083,1021,326,4083,1021,0,0,0.018376,0.018376,0.0,0,0.018376,0.018376,14561.5,14561.5,39.3,0.0,0.0,14499.1,0.0,9103,4083,4083,55.146655,55.146655,False,0,False,NOT_READY,4,5
main_gpt,GLP1-041__BCBS_FEP_WEGOVY_2026_07_01,GLP1-041,BCBS_FEP_WEGOVY_2026_07_01,gpt,NOT_READY,READY,False,False,True,hard,longitudinal_bmi_conflict,1,1,0,0,4696,1562,851,4696,1562,0,0,0.025012,0.025012,0.0,0,0.025012,0.025012,23960.3,23960.3,43.1,0.0,0.0,23892.3,0.0,9103,4696,4696,48.412611,48.412611,False,0,False,READY,5,6
main_gpt,GLP1-041__UHC_WEGOVY_P1114_22_2026_09_01,GLP1-041,UHC_WEGOVY_P1114_22_2026_09_01,gpt,NOT_READY,REVIEW_REQUIRED,False,False,False,hard,longitudinal_bmi_conflict,1,1,0,0,3739,1341,858,3739,1341,0,0,0.020888,0.020888,0.0,0,0.020888,0.020888,19853.3,19853.3,40.8,0.0,0.0,19790.3,0.0,9103,3739,3739,58.925629,58.925629,False,0,True,REVIEW_REQUIRED,3,4
main_gpt,GLP1-042__AETNA_WEGOVY_4774C_2026_08_20,GLP1-042,AETNA_WEGOVY_4774C_2026_08_20,gpt,REVIEW_REQUIRED,NOT_READY,False,False,False,hard,source_contradiction,1,1,0,0,3875,891,259,3875,891,0,0,0.01666,0.01666,0.0,0,0.01666,0.01666,12586.3,12586.3,35.3,0.0,0.0,12527.6,0.0,8836,3875,3875,56.145315,56.145315,False,0,False,NOT_READY,4,5
main_gpt,GLP1-042__BCBS_FEP_WEGOVY_2026_07_01,GLP1-042,BCBS_FEP_WEGOVY_2026_07_01,gpt,READY,READY,True,True,True,hard,source_contradiction,1,1,0,0,4349,899,166,4349,899,0,0,0.017688,0.017688,0.0,0,0.017688,0.017688,14005.3,14005.3,41.2,0.0,0.0,13939.7,0.0,8836,4349,4349,50.780896,50.780896,False,0,False,READY,6,6
main_gpt,GLP1-042__UHC_WEGOVY_P1114_22_2026_09_01,GLP1-042,UHC_WEGOVY_P1114_22_2026_09_01,gpt,READY,READY,True,True,True,hard,source_contradiction,1,1,0,0,3531,420,73,3531,420,0,0,0.011262,0.011262,0.0,0,0.011262,0.011262,7560.9,7560.9,79.4,0.0,0.0,7455.3,0.0,8836,3531,3531,60.038479,60.038479,False,0,False,READY,4,4
main_gpt,GLP1-043__AETNA_WEGOVY_4774C_2026_08_20,GLP1-043,AETNA_WEGOVY_4774C_2026_08_20,gpt,NOT_READY,NOT_READY,True,False,False,hard,negation;retrieval_trap,1,1,0,0,4069,672,168,4069,672,0,0,0.014858,0.014858,0.0,0,0.014858,0.014858,9567.9,9567.9,113.1,0.0,0.0,9431.0,0.0,9252,4069,4069,56.02032,56.02032,False,0,False,NOT_READY,5,5
main_gpt,GLP1-043__BCBS_FEP_WEGOVY_2026_07_01,GLP1-043,BCBS_FEP_WEGOVY_2026_07_01,gpt,NOT_READY,NOT_READY,True,False,False,hard,negation;retrieval_trap,1,1,0,0,4772,916,156,4772,916,0,0,0.018704,0.018704,0.0,0,0.018704,0.018704,13389.8,13389.8,52.3,0.0,0.0,13310.6,0.0,9252,4772,4772,48.421963,48.421963,False,0,False,NOT_READY,6,6
main_gpt,GLP1-043__UHC_WEGOVY_P1114_22_2026_09_01,GLP1-043,UHC_WEGOVY_P1114_22_2026_09_01,gpt,NOT_READY,NOT_READY,True,False,False,hard,negation;retrieval_trap,1,1,0,0,3725,588,224,3725,588,0,0,0.01333,0.01333,0.0,0,0.01333,0.01333,8874.6,8874.6,39.3,0.0,0.0,8814.1,0.0,9252,3725,3725,59.738435,59.738435,False,0,False,NOT_READY,4,4
main_gpt,GLP1-044__AETNA_WEGOVY_4774C_2026_08_20,GLP1-044,AETNA_WEGOVY_4774C_2026_08_20,gpt,NOT_READY,NOT_READY,True,False,False,hard,later_evidence_reversal,1,1,0,0,3892,724,117,3892,724,0,0,0.015024,0.015024,0.0,0,0.015024,0.015024,12064.0,12064.0,49.5,0.0,0.0,11992.3,0.0,8380,3892,3892,53.556086,53.556086,False,0,False,NOT_READY,5,5
main_gpt,GLP1-044__BCBS_FEP_WEGOVY_2026_07_01,GLP1-044,BCBS_FEP_WEGOVY_2026_07_01,gpt,READY,READY,True,True,True,hard,later_evidence_reversal,1,1,0,0,4297,840,144,4297,840,0,0,0.016994,0.016994,0.0,0,0.016994,0.016994,13074.8,13074.8,45.9,0.0,0.0,13004.7,0.0,8380,4297,4297,48.72315,48.72315,False,0,False,READY,6,6
main_gpt,GLP1-044__UHC_WEGOVY_P1114_22_2026_09_01,GLP1-044,UHC_WEGOVY_P1114_22_2026_09_01,gpt,NOT_READY,NOT_READY,True,False,False,hard,later_evidence_reversal,1,1,0,0,3548,546,101,3548,546,0,0,0.012556,0.012556,0.0,0,0.012556,0.012556,7564.4,7564.4,40.8,0.0,0.0,7502.5,0.0,8380,3548,3548,57.661098,57.661098,False,0,False,NOT_READY,4,4
main_gpt,GLP1-045__AETNA_WEGOVY_4774C_2026_08_20,GLP1-045,AETNA_WEGOVY_4774C_2026_08_20,gpt,READY,READY,True,True,True,hard,medication_reconciliation,1,1,0,0,3956,923,395,3956,923,0,0,0.017142,0.017142,0.0,0,0.017142,0.017142,13985.6,13985.6,48.3,0.0,0.0,13915.8,0.0,8034,3956,3956,50.759273,50.759273,False,0,False,READY,5,5
main_gpt,GLP1-045__BCBS_FEP_WEGOVY_2026_07_01,GLP1-045,BCBS_FEP_WEGOVY_2026_07_01,gpt,REVIEW_REQUIRED,REVIEW_REQUIRED,True,False,False,hard,medication_reconciliation,1,1,0,0,4503,740,100,4503,740,0,0,0.016406,0.016406,0.0,0,0.016406,0.016406,13247.3,13247.3,42.5,0.0,0.0,13180.4,0.0,8034,4503,4503,43.950709,43.950709,False,0,True,REVIEW_REQUIRED,6,6
main_gpt,GLP1-045__UHC_WEGOVY_P1114_22_2026_09_01,GLP1-045,UHC_WEGOVY_P1114_22_2026_09_01,gpt,READY,READY,True,True,True,hard,medication_reconciliation,1,1,0,0,3604,357,31,3604,357,0,0,0.010778,0.010778,0.0,0,0.010778,0.010778,5808.1,5808.1,36.0,0.0,0.0,5750.9,0.0,8034,3604,3604,55.140652,55.140652,False,0,False,READY,4,4
main_gpt,GLP1-046__AETNA_WEGOVY_4774C_2026_08_20,GLP1-046,AETNA_WEGOVY_4774C_2026_08_20,gpt,NOT_READY,NOT_READY,True,False,False,hard,condition_status,1,1,0,0,3984,816,144,3984,816,0,0,0.016128,0.016128,0.0,0,0.016128,0.016128,11005.1,11005.1,42.5,0.0,0.0,10939.1,0.0,8390,3984,3984,52.514899,52.514899,False,0,False,NOT_READY,5,5
main_gpt,GLP1-046__BCBS_FEP_WEGOVY_2026_07_01,GLP1-046,BCBS_FEP_WEGOVY_2026_07_01,gpt,NOT_READY,NOT_READY,True,False,False,hard,condition_status,1,1,0,0,4393,921,192,4393,921,0,0,0.017996,0.017996,0.0,0,0.017996,0.017996,13776.5,13776.5,47.3,0.0,0.0,13705.8,0.0,8390,4393,4393,47.640048,47.640048,False,0,False,NOT_READY,6,6
main_gpt,GLP1-046__UHC_WEGOVY_P1114_22_2026_09_01,GLP1-046,UHC_WEGOVY_P1114_22_2026_09_01,gpt,NOT_READY,NOT_READY,True,False,False,hard,condition_status,1,1,0,0,3640,478,73,3640,478,0,0,0.01206,0.01206,0.0,0,0.01206,0.01206,7876.3,7876.3,26.2,0.0,0.0,7830.2,0.0,8390,3640,3640,56.615018,56.615018,False,0,False,NOT_READY,4,4
main_gpt,GLP1-047__AETNA_WEGOVY_4774C_2026_08_20,GLP1-047,AETNA_WEGOVY_4774C_2026_08_20,gpt,READY,READY,True,True,True,hard,retrieval_stress;long_context,1,1,0,0,5222,1111,461,5222,1111,0,0,0.021554,0.021554,0.0,0,0.021554,0.021554,15944.4,15944.4,54.6,0.0,0.0,15862.0,0.0,12715,5222,5222,58.930397,58.930397,False,0,False,READY,5,5
main_gpt,GLP1-047__BCBS_FEP_WEGOVY_2026_07_01,GLP1-047,BCBS_FEP_WEGOVY_2026_07_01,gpt,READY,READY,True,True,True,hard,retrieval_stress;long_context,1,1,0,0,5659,950,100,5659,950,0,0,0.020818,0.020818,0.0,0,0.020818,0.020818,14263.4,14263.4,62.6,0.0,0.0,14171.5,0.0,12715,5659,5659,55.493512,55.493512,False,0,False,READY,6,6
main_gpt,GLP1-047__UHC_WEGOVY_P1114_22_2026_09_01,GLP1-047,UHC_WEGOVY_P1114_22_2026_09_01,gpt,READY,READY,True,True,True,hard,retrieval_stress;long_context,1,1,0,0,4870,484,73,4870,484,0,0,0.01458,0.01458,0.0,0,0.01458,0.01458,6350.0,6350.0,46.2,0.0,0.0,6278.5,0.0,12715,4870,4870,61.698781,61.698781,False,0,False,READY,4,4
main_gpt,GLP1-048__AETNA_WEGOVY_4774C_2026_08_20,GLP1-048,AETNA_WEGOVY_4774C_2026_08_20,gpt,READY,READY,True,True,True,hard,retrieval_stress;irrelevant_context,1,1,0,0,4522,654,118,4522,654,0,0,0.015584,0.015584,0.0,0,0.015584,0.015584,9368.5,9368.5,35.6,0.0,0.0,9309.9,0.0,11546,4522,4522,60.834921,60.834921,False,0,False,READY,5,5
main_gpt,GLP1-048__BCBS_FEP_WEGOVY_2026_07_01,GLP1-048,BCBS_FEP_WEGOVY_2026_07_01,gpt,READY,READY,True,True,True,hard,retrieval_stress;irrelevant_context,1,1,0,0,5678,725,94,5678,725,0,0,0.018606,0.018606,0.0,0,0.018606,0.018606,10370.3,10370.3,62.4,0.0,0.0,10278.0,0.0,11546,5678,5678,50.822796,50.822796,False,0,False,READY,6,6
main_gpt,GLP1-048__UHC_WEGOVY_P1114_22_2026_09_01,GLP1-048,UHC_WEGOVY_P1114_22_2026_09_01,gpt,READY,READY,True,True,True,hard,retrieval_stress;irrelevant_context,1,1,0,0,4178,403,39,4178,403,0,0,0.012386,0.012386,0.0,0,0.012386,0.012386,5754.5,5754.5,39.9,0.0,0.0,5691.8,0.0,11546,4178,4178,63.814308,63.814308,False,0,False,READY,4,4
main_gpt,GLP1-049__AETNA_WEGOVY_4774C_2026_08_20,GLP1-049,AETNA_WEGOVY_4774C_2026_08_20,gpt,REVIEW_REQUIRED,REVIEW_REQUIRED,True,False,False,hard,contradiction;medication_reconciliation;temporality,1,1,0,0,4156,647,118,4156,647,0,0,0.014782,0.014782,0.0,0,0.014782,0.014782,10247.7,10247.7,34.3,0.0,0.0,10190.2,0.0,8461,4156,4156,50.880511,50.880511,False,0,True,REVIEW_REQUIRED,5,5
main_gpt,GLP1-049__BCBS_FEP_WEGOVY_2026_07_01,GLP1-049,BCBS_FEP_WEGOVY_2026_07_01,gpt,READY,READY,True,True,True,hard,contradiction;medication_reconciliation;temporality,1,1,0,0,4700,845,113,4700,845,0,0,0.01785,0.01785,0.0,0,0.01785,0.01785,12845.1,12845.1,46.7,0.0,0.0,12773.9,0.0,8461,4700,4700,44.451011,44.451011,False,0,False,READY,6,6
main_gpt,GLP1-049__UHC_WEGOVY_P1114_22_2026_09_01,GLP1-049,UHC_WEGOVY_P1114_22_2026_09_01,gpt,READY,READY,True,True,True,hard,contradiction;medication_reconciliation;temporality,1,1,0,0,3812,444,55,3812,444,0,0,0.012064,0.012064,0.0,0,0.012064,0.012064,7154.2,7154.2,37.8,0.0,0.0,7095.3,0.0,8461,3812,3812,54.946224,54.946224,False,0,False,READY,4,4
main_gpt,GLP1-050__AETNA_WEGOVY_4774C_2026_08_20,GLP1-050,AETNA_WEGOVY_4774C_2026_08_20,gpt,NOT_READY,NOT_READY,True,False,False,hard,ambiguity;medication_reconciliation;temporality,1,1,0,0,3893,782,294,3893,782,0,0,0.015606,0.015606,0.0,0,0.015606,0.015606,10985.3,10985.3,43.1,0.0,0.0,10920.4,0.0,8434,3893,3893,53.841594,53.841594,False,0,False,NOT_READY,4,5
main_gpt,GLP1-050__BCBS_FEP_WEGOVY_2026_07_01,GLP1-050,BCBS_FEP_WEGOVY_2026_07_01,gpt,NOT_READY,NOT_READY,True,False,False,hard,ambiguity;medication_reconciliation;temporality,1,1,0,0,4311,774,171,4311,774,0,0,0.016362,0.016362,0.0,0,0.016362,0.016362,11540.5,11540.5,40.7,0.0,0.0,11477.4,0.0,8434,4311,4311,48.885464,48.885464,False,0,False,NOT_READY,6,6
main_gpt,GLP1-050__UHC_WEGOVY_P1114_22_2026_09_01,GLP1-050,UHC_WEGOVY_P1114_22_2026_09_01,gpt,REVIEW_REQUIRED,READY,False,False,True,hard,ambiguity;medication_reconciliation;temporality,1,1,0,0,3543,456,108,3543,456,0,0,0.011646,0.011646,0.0,0,0.011646,0.011646,7184.6,7184.6,30.7,0.0,0.0,7134.6,0.0,8434,3543,3543,57.991463,57.991463,False,0,False,READY,3,4
main_hybrid_t0.90,GLP1-001__AETNA_WEGOVY_4774C_2026_08_20,GLP1-001,AETNA_WEGOVY_4774C_2026_08_20,hybrid,READY,READY,True,True,True,easy_positive,basic_positive,1,0,1,1,1742,308,52,0,0,9540,2790,0.003434,0,0.003434,0.000401,0.003834,0.000401,5956.3,457.2,177.5,1.65,278.0,0.0,5499.1,9542,9540,0,0.02096,100.0,False,0,False,,5,5
main_hybrid_t0.90,GLP1-001__BCBS_FEP_WEGOVY_2026_07_01,GLP1-001,BCBS_FEP_WEGOVY_2026_07_01,hybrid,READY,READY,True,True,True,easy_positive,basic_positive,1,0,1,1,2096,373,71,0,0,6696,1197,0.004155,0,0.004155,0.000281,0.004436,0.000281,6347.4,453.5,176.0,0.47,277.0,0.0,5893.9,9542,6696,0,29.826032,100.0,False,0,False,,6,6
main_hybrid_t0.90,GLP1-001__UHC_WEGOVY_P1114_22_2026_09_01,GLP1-001,UHC_WEGOVY_P1114_22_2026_09_01,hybrid,READY,READY,True,True,True,easy_positive,basic_positive,1,0,1,1,1483,284,57,0,0,5576,946,0.003142,0,0.003142,0.000234,0.003376,0.000234,5585.8,452.7,173.8,1.2,277.7,0.0,5133.1,9542,5576,0,41.563613,100.0,False,0,False,,4,4
main_hybrid_t0.90,GLP1-002__AETNA_WEGOVY_4774C_2026_08_20,GLP1-002,AETNA_WEGOVY_4774C_2026_08_20,hybrid,READY,READY,True,True,True,easy_positive,basic_positive,1,0,1,1,1372,285,38,0,0,6898,1994,0.005594,0,0.005594,0.00029,0.005884,0.00029,5559.5,410.6,129.3,1.62,279.7,0.0,5148.9,9284,6898,0,25.700129,100.0,False,0,False,,5,5
main_hybrid_t0.90,GLP1-002__BCBS_FEP_WEGOVY_2026_07_01,GLP1-002,BCBS_FEP_WEGOVY_2026_07_01,hybrid,READY,READY,True,True,True,easy_positive,basic_positive,1,0,1,1,1701,417,141,0,0,6234,1199,0.007572,0,0.007572,0.000262,0.007834,0.000262,8414.9,232.6,30.9,0.82,200.9,0.0,8182.3,9284,6234,0,32.852219,100.0,False,0,False,,6,6
main_hybrid_t0.90,GLP1-002__UHC_WEGOVY_P1114_22_2026_09_01,GLP1-002,UHC_WEGOVY_P1114_22_2026_09_01,hybrid,READY,READY,True,True,True,easy_positive,basic_positive,1,0,1,1,1294,279,42,0,0,4683,790,0.005378,0,0.005378,0.000197,0.005575,0.000197,5361.0,191.4,21.4,0.43,169.6,0.0,5169.6,9284,4683,0,49.55838,100.0,False,0,False,,4,4
main_hybrid_t0.90,GLP1-003__AETNA_WEGOVY_4774C_2026_08_20,GLP1-003,AETNA_WEGOVY_4774C_2026_08_20,hybrid,READY,READY,True,True,True,easy_positive,bmi_alone,1,0,1,1,1537,318,75,0,0,9398,2791,0.006254,0,0.006254,0.000395,0.006649,0.000395,5933.9,178.8,41.5,3.05,134.2,0.0,5755.1,9830,9398,0,4.39471,100.0,False,0,False,,5,5
main_hybrid_t0.90,GLP1-003__BCBS_FEP_WEGOVY_2026_07_01,GLP1-003,BCBS_FEP_WEGOVY_2026_07_01,hybrid,READY,READY,True,True,True,easy_positive,bmi_alone,1,0,1,1,1615,435,138,0,0,6210,1199,0.00758,0,0.00758,0.000261,0.007841,0.000261,7722.9,180.4,41.8,0.53,138.1,0.0,7542.5,9830,6210,0,36.826043,100.0,False,0,False,,6,6
main_hybrid_t0.90,GLP1-003__UHC_WEGOVY_P1114_22_2026_09_01,GLP1-003,UHC_WEGOVY_P1114_22_2026_09_01,hybrid,READY,READY,True,True,True,easy_positive,bmi_alone,1,0,1,1,1267,301,76,0,0,5422,948,0.005544,0,0.005544,0.000228,0.005772,0.000228,6107.7,151.4,39.7,0.76,110.9,0.0,5956.3,9830,5422,0,44.842319,100.0,False,0,False,,4,4
main_hybrid_t0.90,GLP1-004__AETNA_WEGOVY_4774C_2026_08_20,GLP1-004,AETNA_WEGOVY_4774C_2026_08_20,hybrid,READY,READY,True,True,True,easy_positive,bmi_plus_comorbidity,1,0,1,1,1487,311,73,0,0,8122,2390,0.006084,0,0.006084,0.000341,0.006425,0.000341,5838.6,171.5,52.5,2.89,116.1,0.0,5667.1,11541,8122,0,29.624816,100.0,False,0,False,,5,5
main_hybrid_t0.90,GLP1-004__BCBS_FEP_WEGOVY_2026_07_01,GLP1-004,BCBS_FEP_WEGOVY_2026_07_01,hybrid,READY,READY,True,True,True,easy_positive,bmi_plus_comorbidity,1,0,1,1,1799,381,63,0,0,6326,1199,0.007408,0,0.007408,0.000266,0.007674,0.000266,5880.0,166.9,53.0,0.51,113.4,0.0,5713.1,11541,6326,0,45.186726,100.0,False,0,False,,6,6
main_hybrid_t0.90,GLP1-004__UHC_WEGOVY_P1114_22_2026_09_01,GLP1-004,UHC_WEGOVY_P1114_22_2026_09_01,hybrid,READY,READY,True,True,True,easy_positive,bmi_plus_comorbidity,1,0,1,1,1380,292,68,0,0,5464,948,0.00568,0,0.00568,0.000229,0.005909,0.000229,5096.9,206.6,24.4,0.74,181.5,0.0,4890.3,11541,5464,0,52.655749,100.0,False,0,False,,4,4
main_hybrid_t0.90,GLP1-005__AETNA_WEGOVY_4774C_2026_08_20,GLP1-005,AETNA_WEGOVY_4774C_2026_08_20,hybrid,READY,READY,True,True,True,easy_positive,bmi_plus_comorbidity,1,0,1,1,1470,320,68,0,0,8136,2394,0.00614,0,0.00614,0.000342,0.006482,0.000342,6286.9,170.1,42.1,2.63,125.4,0.0,6116.8,9546,8136,0,14.770585,100.0,False,0,False,,5,5
main_hybrid_t0.90,GLP1-005__BCBS_FEP_WEGOVY_2026_07_01,GLP1-005,BCBS_FEP_WEGOVY_2026_07_01,hybrid,READY,READY,True,True,True,easy_positive,bmi_plus_comorbidity,1,0,1,1,1630,355,76,0,0,6169,1199,0.00681,0,0.00681,0.000259,0.007069,0.000259,6032.7,174.1,49.6,0.77,123.7,0.0,5858.6,9546,6169,0,35.376074,100.0,False,0,False,,6,6
main_hybrid_t0.90,GLP1-005__UHC_WEGOVY_P1114_22_2026_09_01,GLP1-005,UHC_WEGOVY_P1114_22_2026_09_01,hybrid,READY,READY,True,True,True,easy_positive,bmi_plus_comorbidity,1,0,1,1,1220,303,59,0,0,4606,790,0.00547,0,0.00547,0.000193,0.005663,0.000193,5765.7,170.9,34.5,0.89,135.5,0.0,5594.8,9546,4606,0,51.749424,100.0,False,0,False,,4,4
main_hybrid_t0.90,GLP1-006__AETNA_WEGOVY_4774C_2026_08_20,GLP1-006,AETNA_WEGOVY_4774C_2026_08_20,hybrid,READY,READY,True,True,True,easy_positive,strong_evidence,1,0,1,1,1437,349,80,0,0,8108,2397,0.006364,0,0.006364,0.000341,0.006705,0.000341,6075.4,205.5,51.5,2.43,151.6,0.0,5869.9,8974,8108,0,9.6501,100.0,False,0,False,,5,5
main_hybrid_t0.90,GLP1-006__BCBS_FEP_WEGOVY_2026_07_01,GLP1-006,BCBS_FEP_WEGOVY_2026_07_01,hybrid,READY,READY,True,True,True,easy_positive,strong_evidence,1,0,1,1,1681,345,55,0,0,6215,1196,0.006812,0,0.006812,0.000261,0.007073,0.000261,6452.5,200.6,55.7,0.76,144.1,0.0,6251.9,8974,6215,0,30.744373,100.0,False,0,False,,6,6
main_hybrid_t0.90,GLP1-006__UHC_WEGOVY_P1114_22_2026_09_01,GLP1-006,UHC_WEGOVY_P1114_22_2026_09_01,hybrid,READY,READY,True,True,True,easy_positive,strong_evidence,1,0,1,1,1217,300,68,0,0,4594,790,0.005434,0,0.005434,0.000193,0.005627,0.000193,5254.0,140.4,34.0,0.42,106.0,0.0,5113.6,8974,4594,0,48.807667,100.0,False,0,False,,4,4
main_hybrid_t0.90,GLP1-007__AETNA_WEGOVY_4774C_2026_08_20,GLP1-007,AETNA_WEGOVY_4774C_2026_08_20,hybrid,READY,READY,True,True,True,easy_positive,near_duration_threshold,1,0,1,1,1199,264,41,0,0,6791,1997,0.005038,0,0.005038,0.000285,0.005323,0.000285,5175.0,163.9,41.9,2.58,119.4,0.0,5011.1,10071,6791,0,32.568762,100.0,False,0,False,,5,5
main_hybrid_t0.90,GLP1-007__BCBS_FEP_WEGOVY_2026_07_01,GLP1-007,BCBS_FEP_WEGOVY_2026_07_01,hybrid,READY,READY,True,True,True,easy_positive,near_duration_threshold,1,0,1,1,1597,370,81,0,0,6219,1199,0.006894,0,0.006894,0.000261,0.007155,0.000261,6360.7,178.8,46.5,0.81,131.5,0.0,6181.9,10071,6219,0,38.248436,100.0,False,0,False,,6,6
main_hybrid_t0.90,GLP1-007__UHC_WEGOVY_P1114_22_2026_09_01,GLP1-007,UHC_WEGOVY_P1114_22_2026_09_01,hybrid,READY,READY,True,True,True,easy_positive,near_duration_threshold,1,0,1,1,1121,297,77,0,0,4576,790,0.005212,0,0.005212,0.000192,0.005404,0.000192,5369.2,166.6,31.9,0.82,133.9,0.0,5202.6,10071,4576,0,54.562606,100.0,False,0,False,,4,4
main_hybrid_t0.90,GLP1-008__AETNA_WEGOVY_4774C_2026_08_20,GLP1-008,AETNA_WEGOVY_4774C_2026_08_20,hybrid,READY,READY,True,True,True,easy_positive,multiple_conditions,1,0,1,1,1344,302,49,0,0,6814,1999,0.005708,0,0.005708,0.000286,0.005994,0.000286,5404.1,187.1,45.6,2.14,139.4,0.0,5217.0,9480,6814,0,28.122363,100.0,False,0,False,,5,5
main_hybrid_t0.90,GLP1-008__BCBS_FEP_WEGOVY_2026_07_01,GLP1-008,BCBS_FEP_WEGOVY_2026_07_01,hybrid,READY,READY,True,True,True,easy_positive,multiple_conditions,1,0,1,1,1821,439,131,0,0,6579,1281,0.008032,0,0.008032,0.000276,0.008308,0.000276,7496.9,162.7,32.4,0.63,129.7,0.0,7334.2,9480,6579,0,30.601266,100.0,False,0,False,,6,6
main_hybrid_t0.90,GLP1-008__UHC_WEGOVY_P1114_22_2026_09_01,GLP1-008,UHC_WEGOVY_P1114_22_2026_09_01,hybrid,READY,READY,True,True,True,easy_positive,multiple_conditions,1,0,1,1,1266,302,71,0,0,4599,790,0.005552,0,0.005552,0.000193,0.005745,0.000193,7143.7,134.5,33.4,0.61,100.5,0.0,7009.2,9480,4599,0,51.487342,100.0,False,0,False,,4,4
main_hybrid_t0.90,GLP1-009__AETNA_WEGOVY_4774C_2026_08_20,GLP1-009,AETNA_WEGOVY_4774C_2026_08_20,hybrid,READY,READY,True,True,True,easy_positive,near_bmi_threshold,1,0,1,1,1287,318,100,0,0,8002,2389,0.005754,0,0.005754,0.000336,0.00609,0.000336,5612.2,254.5,47.6,4.07,202.8,0.0,5357.7,8615,8002,0,7.115496,100.0,False,0,False,,5,5
main_hybrid_t0.90,GLP1-009__BCBS_FEP_WEGOVY_2026_07_01,GLP1-009,BCBS_FEP_WEGOVY_2026_07_01,hybrid,READY,READY,True,True,True,easy_positive,near_bmi_threshold,1,0,1,1,1589,355,87,0,0,6205,1199,0.006728,0,0.006728,0.000261,0.006989,0.000261,6492.4,208.9,48.7,0.71,159.5,0.0,6283.5,8615,6205,0,27.974463,100.0,False,0,False,,6,6
main_hybrid_t0.90,GLP1-009__UHC_WEGOVY_P1114_22_2026_09_01,GLP1-009,UHC_WEGOVY_P1114_22_2026_09_01,hybrid,READY,READY,True,True,True,easy_positive,near_bmi_threshold,1,0,1,1,1194,327,86,0,0,5344,948,0.005658,0,0.005658,0.000224,0.005882,0.000224,5085.4,236.2,35.8,1.42,199.0,0.0,4849.2,8615,5344,0,37.968659,100.0,False,0,False,,4,4
main_hybrid_t0.90,GLP1-010__AETNA_WEGOVY_4774C_2026_08_20,GLP1-010,AETNA_WEGOVY_4774C_2026_08_20,hybrid,READY,READY,True,True,True,easy_positive,obvious_positive,1,0,1,1,1297,288,36,0,0,6829,1994,0.005474,0,0.005474,0.000287,0.005761,0.000287,4975.6,176.4,46.8,2.92,126.7,0.0,4799.2,10463,6829,0,34.731912,100.0,False,0,False,,5,5
main_hybrid_t0.90,GLP1-010__BCBS_FEP_WEGOVY_2026_07_01,GLP1-010,BCBS_FEP_WEGOVY_2026_07_01,hybrid,READY,READY,True,True,True,easy_positive,obvious_positive,1,0,1,1,1487,336,69,0,0,5795,1117,0.006334,0,0.006334,0.000243,0.006577,0.000243,5700.3,151.2,42.6,0.65,107.9,0.0,5549.1,10463,5795,0,44.614355,100.0,False,0,False,,6,6
main_hybrid_t0.90,GLP1-010__UHC_WEGOVY_P1114_22_2026_09_01,GLP1-010,UHC_WEGOVY_P1114_22_2026_09_01,hybrid,READY,READY,True,True,True,easy_positive,obvious_positive,1,0,1,1,1218,320,83,0,0,4614,790,0.005636,0,0.005636,0.000194,0.00583,0.000194,5480.3,218.1,46.0,0.51,171.6,0.0,5262.2,10463,4614,0,55.901749,100.0,False,0,False,,4,4
main_hybrid_t0.90,GLP1-011__AETNA_WEGOVY_4774C_2026_08_20,GLP1-011,AETNA_WEGOVY_4774C_2026_08_20,hybrid,NOT_READY,NOT_READY,True,False,False,easy_negative,bmi_failure,0,0,0,1,0,0,0,0,0,8010,2392,0,0,0,0.000336,0.000336,0.000336,211.3,211.3,48.2,3.49,159.6,0.0,0.0,8724,8010,0,8.184319,100.0,False,0,False,,5,5
main_hybrid_t0.90,GLP1-011__BCBS_FEP_WEGOVY_2026_07_01,GLP1-011,BCBS_FEP_WEGOVY_2026_07_01,hybrid,NOT_READY,NOT_READY,True,False,False,easy_negative,bmi_failure,0,0,0,1,0,0,0,0,0,5822,1117,0,0,0,0.000245,0.000245,0.000245,205.1,205.1,36.6,0.74,167.8,0.0,0.0,8724,5822,0,33.264558,100.0,False,0,False,,6,6
main_hybrid_t0.90,GLP1-011__UHC_WEGOVY_P1114_22_2026_09_01,GLP1-011,UHC_WEGOVY_P1114_22_2026_09_01,hybrid,NOT_READY,NOT_READY,True,False,False,easy_negative,bmi_failure,0,0,0,1,0,0,0,0,0,4541,790,0,0,0,0.000191,0.000191,0.000191,171.0,171.0,31.2,0.58,139.2,0.0,0.0,8724,4541,0,47.948189,100.0,False,0,False,,4,4
main_hybrid_t0.90,GLP1-012__AETNA_WEGOVY_4774C_2026_08_20,GLP1-012,AETNA_WEGOVY_4774C_2026_08_20,hybrid,NOT_READY,NOT_READY,True,False,False,easy_negative,below_bmi_threshold,0,0,0,1,0,0,0,0,0,6743,1991,0,0,0,0.000283,0.000283,0.000283,172.3,172.3,40.7,2.73,128.9,0.0,0.0,9302,6743,0,27.510213,100.0,False,0,False,,5,5
main_hybrid_t0.90,GLP1-012__BCBS_FEP_WEGOVY_2026_07_01,GLP1-012,BCBS_FEP_WEGOVY_2026_07_01,hybrid,NOT_READY,NOT_READY,True,False,False,easy_negative,below_bmi_threshold,0,0,0,1,0,0,0,0,0,5833,1117,0,0,0,0.000245,0.000245,0.000245,194.4,194.4,37.6,0.72,156.1,0.0,0.0,9302,5833,0,37.293055,100.0,False,0,False,,6,6
main_hybrid_t0.90,GLP1-012__UHC_WEGOVY_P1114_22_2026_09_01,GLP1-012,UHC_WEGOVY_P1114_22_2026_09_01,hybrid,NOT_READY,NOT_READY,True,False,False,easy_negative,below_bmi_threshold,0,0,0,1,0,0,0,0,0,5357,948,0,0,0,0.000225,0.000225,0.000225,149.1,149.1,34.4,0.68,114.0,0.0,0.0,9302,5357,0,42.410234,100.0,False,0,False,,4,4
main_hybrid_t0.90,GLP1-013__AETNA_WEGOVY_4774C_2026_08_20,GLP1-013,AETNA_WEGOVY_4774C_2026_08_20,hybrid,NOT_READY,NOT_READY,True,False,False,easy_negative,no_qualifying_comorbidity,0,0,0,1,0,0,0,0,0,8267,2445,0,0,0,0.000347,0.000347,0.000347,192.4,192.4,29.9,2.98,159.5,0.0,0.0,7965,8267,0,-3.791588,100.0,False,0,False,,5,5
main_hybrid_t0.90,GLP1-013__BCBS_FEP_WEGOVY_2026_07_01,GLP1-013,BCBS_FEP_WEGOVY_2026_07_01,hybrid,NOT_READY,NOT_READY,True,False,False,easy_negative,no_qualifying_comorbidity,0,0,0,1,0,0,0,0,0,6054,1171,0,0,0,0.000254,0.000254,0.000254,149.5,149.5,33.0,0.66,115.8,0.0,0.0,7965,6054,0,23.992467,100.0,False,0,False,,6,6
main_hybrid_t0.90,GLP1-013__UHC_WEGOVY_P1114_22_2026_09_01,GLP1-013,UHC_WEGOVY_P1114_22_2026_09_01,hybrid,NOT_READY,NOT_READY,True,False,False,easy_negative,no_qualifying_comorbidity,0,0,0,1,0,0,0,0,0,4823,844,0,0,0,0.000203,0.000203,0.000203,237.6,237.6,47.8,0.73,189.1,0.0,0.0,7965,4823,0,39.447583,100.0,False,0,False,,4,4
main_hybrid_t0.90,GLP1-014__AETNA_WEGOVY_4774C_2026_08_20,GLP1-014,AETNA_WEGOVY_4774C_2026_08_20,hybrid,NOT_READY,NOT_READY,True,False,False,easy_negative,near_bmi_30,0,0,0,1,0,0,0,0,0,8673,2454,0,0,0,0.000364,0.000364,0.000364,384.1,384.1,54.6,2.06,327.4,0.0,0.0,9305,8673,0,6.792047,100.0,False,0,False,,5,5
main_hybrid_t0.90,GLP1-014__BCBS_FEP_WEGOVY_2026_07_01,GLP1-014,BCBS_FEP_WEGOVY_2026_07_01,hybrid,NOT_READY,NOT_READY,True,False,False,easy_negative,near_bmi_30,0,0,0,1,0,0,0,0,0,6333,1171,0,0,0,0.000266,0.000266,0.000266,168.0,168.0,39.7,0.38,127.9,0.0,0.0,9305,6333,0,31.939817,100.0,False,0,False,,6,6
main_hybrid_t0.90,GLP1-014__UHC_WEGOVY_P1114_22_2026_09_01,GLP1-014,UHC_WEGOVY_P1114_22_2026_09_01,hybrid,NOT_READY,NOT_READY,True,False,False,easy_negative,near_bmi_30,0,0,0,1,0,0,0,0,0,5214,844,0,0,0,0.000219,0.000219,0.000219,242.9,242.9,45.5,0.68,196.7,0.0,0.0,9305,5214,0,43.96561,100.0,False,0,False,,4,4
main_hybrid_t0.90,GLP1-015__AETNA_WEGOVY_4774C_2026_08_20,GLP1-015,AETNA_WEGOVY_4774C_2026_08_20,hybrid,NOT_READY,NOT_READY,True,False,False,easy_negative,just_below_bmi_27,0,0,0,1,0,0,0,0,0,8079,2392,0,0,0,0.000339,0.000339,0.000339,212.4,212.4,52.7,3.13,156.6,0.0,0.0,9490,8079,0,14.868282,100.0,False,0,False,,5,5
main_hybrid_t0.90,GLP1-015__BCBS_FEP_WEGOVY_2026_07_01,GLP1-015,BCBS_FEP_WEGOVY_2026_07_01,hybrid,NOT_READY,NOT_READY,True,False,False,easy_negative,just_below_bmi_27,0,0,0,1,0,0,0,0,0,5464,1035,0,0,0,0.000229,0.000229,0.000229,205.4,205.4,62.0,0.63,142.8,0.0,0.0,9490,5464,0,42.423604,100.0,False,0,False,,6,6
main_hybrid_t0.90,GLP1-015__UHC_WEGOVY_P1114_22_2026_09_01,GLP1-015,UHC_WEGOVY_P1114_22_2026_09_01,hybrid,NOT_READY,NOT_READY,True,False,False,easy_negative,just_below_bmi_27,0,0,0,1,0,0,0,0,0,5421,948,0,0,0,0.000228,0.000228,0.000228,179.2,179.2,31.5,0.68,147.0,0.0,0.0,9490,5421,0,42.876712,100.0,False,0,False,,4,4
main_hybrid_t0.90,GLP1-016__AETNA_WEGOVY_4774C_2026_08_20,GLP1-016,AETNA_WEGOVY_4774C_2026_08_20,hybrid,NOT_READY,NOT_READY,True,False,False,missing_evidence,missing_program,0,0,0,1,0,0,0,0,0,6654,1993,0,0,0,0.000279,0.000279,0.000279,253.3,253.3,55.1,1.21,197.0,0.0,0.0,7990,6654,0,16.720901,100.0,False,0,False,,5,5
main_hybrid_t0.90,GLP1-016__BCBS_FEP_WEGOVY_2026_07_01,GLP1-016,BCBS_FEP_WEGOVY_2026_07_01,hybrid,NOT_READY,NOT_READY,True,False,False,missing_evidence,missing_program,0,0,0,1,0,0,0,0,0,5202,1039,0,0,0,0.000218,0.000218,0.000218,205.4,205.4,33.2,0.25,172.0,0.0,0.0,7990,5202,0,34.893617,100.0,False,0,False,,6,6
main_hybrid_t0.90,GLP1-016__UHC_WEGOVY_P1114_22_2026_09_01,GLP1-016,UHC_WEGOVY_P1114_22_2026_09_01,hybrid,NOT_READY,NOT_READY,True,False,False,missing_evidence,missing_program,1,1,0,1,3938,242,72,3938,242,4439,794,0.003213,0.003213,0.0,0.000186,0.003399,0.003399,6052.2,6052.2,52.3,0.1,132.9,5866.9,0.0,7990,8377,3938,-4.843554,50.713392,True,1,False,,4,4
main_hybrid_t0.90,GLP1-017__AETNA_WEGOVY_4774C_2026_08_20,GLP1-017,AETNA_WEGOVY_4774C_2026_08_20,hybrid,NOT_READY,NOT_READY,True,False,False,missing_evidence,counseling_not_program,0,0,0,1,0,0,0,0,0,6640,1995,0,0,0,0.000279,0.000279,0.000279,191.0,191.0,52.4,0.49,138.1,0.0,0.0,9881,6640,0,32.800324,100.0,False,0,False,,5,5
main_hybrid_t0.90,GLP1-017__BCBS_FEP_WEGOVY_2026_07_01,GLP1-017,BCBS_FEP_WEGOVY_2026_07_01,hybrid,NOT_READY,NOT_READY,True,False,False,missing_evidence,counseling_not_program,0,0,0,1,0,0,0,0,0,5600,1043,0,0,0,0.000235,0.000235,0.000235,222.5,222.5,25.1,0.41,197.0,0.0,0.0,9881,5600,0,43.325574,100.0,False,0,False,,6,6
main_hybrid_t0.90,GLP1-017__UHC_WEGOVY_P1114_22_2026_09_01,GLP1-017,UHC_WEGOVY_P1114_22_2026_09_01,hybrid,NOT_READY,NOT_READY,True,False,False,missing_evidence,counseling_not_program,1,1,0,1,3862,270,82,3862,270,4425,796,0.010424,0.010424,0.0,0.000186,0.01061,0.01061,6841.0,6841.0,19.1,0.09,146.2,6675.6,0.0,9881,8287,3862,16.13197,60.914887,True,1,False,,4,4
main_hybrid_t0.90,GLP1-018__AETNA_WEGOVY_4774C_2026_08_20,GLP1-018,AETNA_WEGOVY_4774C_2026_08_20,hybrid,NOT_READY,NOT_READY,True,False,False,missing_evidence,partial_program,1,1,0,1,3590,270,77,3590,270,6644,1999,0.00988,0.00988,0.0,0.000279,0.010159,0.010159,5912.8,5912.8,20.6,1.37,194.0,5696.8,0.0,7672,10234,3590,-33.394161,53.206465,True,1,False,,5,5
main_hybrid_t0.90,GLP1-018__BCBS_FEP_WEGOVY_2026_07_01,GLP1-018,BCBS_FEP_WEGOVY_2026_07_01,hybrid,NOT_READY,NOT_READY,True,False,False,missing_evidence,partial_program,1,1,0,1,3989,327,168,3989,327,5307,1037,0.011248,0.011248,0.0,0.000223,0.011471,0.011471,7233.0,7233.0,39.0,0.45,115.9,7077.6,0.0,7672,9296,3989,-21.167883,48.005735,True,1,False,,6,6
main_hybrid_t0.90,GLP1-018__UHC_WEGOVY_P1114_22_2026_09_01,GLP1-018,UHC_WEGOVY_P1114_22_2026_09_01,hybrid,READY,READY,True,True,True,missing_evidence,partial_program,1,0,1,1,968,285,82,0,0,4429,794,0.004786,0,0.004786,0.000186,0.004972,0.000186,5188.8,146.4,19.2,0.38,126.8,0.0,5042.4,7672,4429,0,42.270594,100.0,False,0,False,,4,4
main_hybrid_t0.90,GLP1-019__AETNA_WEGOVY_4774C_2026_08_20,GLP1-019,AETNA_WEGOVY_4774C_2026_08_20,hybrid,NOT_READY,NOT_READY,True,False,False,missing_evidence,partial_program,0,0,0,1,0,0,0,0,0,7922,2394,0,0,0,0.000333,0.000333,0.000333,162.5,162.5,26.7,2.31,133.5,0.0,0.0,9809,7922,0,19.237435,100.0,False,0,False,,5,5
main_hybrid_t0.90,GLP1-019__BCBS_FEP_WEGOVY_2026_07_01,GLP1-019,BCBS_FEP_WEGOVY_2026_07_01,hybrid,NOT_READY,NOT_READY,True,False,False,missing_evidence,partial_program,1,1,0,1,4740,396,223,4740,396,5289,1037,0.01344,0.01344,0.0,0.000222,0.013662,0.013662,7761.7,7761.7,33.1,0.81,154.9,7572.9,0.0,9809,10029,4740,-2.242838,51.677031,True,1,False,,6,6
main_hybrid_t0.90,GLP1-019__UHC_WEGOVY_P1114_22_2026_09_01,GLP1-019,UHC_WEGOVY_P1114_22_2026_09_01,hybrid,READY,READY,True,True,True,missing_evidence,partial_program,1,0,1,1,1111,262,44,0,0,5264,950,0.004842,0,0.004842,0.000221,0.005063,0.000221,4720.6,151.7,31.2,0.48,120.0,0.0,4568.9,9809,5264,0,46.334998,100.0,False,0,False,,4,4
main_hybrid_t0.90,GLP1-020__AETNA_WEGOVY_4774C_2026_08_20,GLP1-020,AETNA_WEGOVY_4774C_2026_08_20,hybrid,NOT_READY,NOT_READY,True,False,False,missing_evidence,missing_temporality,1,1,0,1,3875,258,78,3875,258,6717,1993,0.01033,0.01033,0.0,0.000282,0.010612,0.010612,5655.7,5655.7,37.9,1.58,141.0,5475.2,0.0,7575,10592,3875,-39.828383,48.844884,True,1,False,,5,5
main_hybrid_t0.90,GLP1-020__BCBS_FEP_WEGOVY_2026_07_01,GLP1-020,BCBS_FEP_WEGOVY_2026_07_01,hybrid,READY,READY,True,True,True,missing_evidence,missing_temporality,1,0,1,1,1346,395,205,0,0,4485,887,0.006642,0,0.006642,0.000188,0.00683,0.000188,7175.4,160.3,35.6,0.4,124.3,0.0,7015.1,7575,4485,0,40.792079,100.0,False,0,False,,6,6
main_hybrid_t0.90,GLP1-020__UHC_WEGOVY_P1114_22_2026_09_01,GLP1-020,UHC_WEGOVY_P1114_22_2026_09_01,hybrid,READY,READY,True,True,True,missing_evidence,missing_temporality,1,0,1,1,1108,231,41,0,0,4502,794,0.004526,0,0.004526,0.000189,0.004715,0.000189,5157.8,287.9,32.5,0.65,254.8,0.0,4869.9,7575,4502,0,40.567657,100.0,False,0,False,,4,4
main_hybrid_t0.90,GLP1-021__AETNA_WEGOVY_4774C_2026_08_20,GLP1-021,AETNA_WEGOVY_4774C_2026_08_20,hybrid,NOT_READY,NOT_READY,True,False,False,missing_evidence,incomplete_longitudinal,0,0,0,1,0,0,0,0,0,2856,797,0,0,0,0.00012,0.00012,0.00012,212.1,212.1,19.2,0.74,192.2,0.0,0.0,7153,2856,0,60.072697,100.0,False,0,False,,5,5
main_hybrid_t0.90,GLP1-021__BCBS_FEP_WEGOVY_2026_07_01,GLP1-021,BCBS_FEP_WEGOVY_2026_07_01,hybrid,READY,READY,True,True,True,missing_evidence,incomplete_longitudinal,1,0,1,1,1154,305,87,0,0,3459,645,0.005358,0,0.005358,0.000145,0.005503,0.000145,5522.2,170.0,35.9,0.28,133.8,0.0,5352.2,7153,3459,0,51.642667,100.0,False,0,False,,6,6
main_hybrid_t0.90,GLP1-021__UHC_WEGOVY_P1114_22_2026_09_01,GLP1-021,UHC_WEGOVY_P1114_22_2026_09_01,hybrid,NOT_READY,NOT_READY,True,False,False,missing_evidence,incomplete_longitudinal,0,0,0,1,0,0,0,0,0,1970,318,0,0,0,8.3e-05,8.3e-05,8.3e-05,203.3,203.3,37.5,0.06,165.7,0.0,0.0,7153,1970,0,72.459108,100.0,False,0,False,,4,4
main_hybrid_t0.90,GLP1-022__AETNA_WEGOVY_4774C_2026_08_20,GLP1-022,AETNA_WEGOVY_4774C_2026_08_20,hybrid,READY,READY,True,True,True,missing_evidence,structured_data_omission,1,0,1,1,1613,290,61,0,0,8473,2452,0.006126,0,0.006126,0.000356,0.006482,0.000356,5165.0,241.9,34.1,3.53,204.3,0.0,4923.1,9448,8473,0,10.319644,100.0,False,0,False,,5,5
main_hybrid_t0.90,GLP1-022__BCBS_FEP_WEGOVY_2026_07_01,GLP1-022,BCBS_FEP_WEGOVY_2026_07_01,hybrid,READY,READY,True,True,True,missing_evidence,structured_data_omission,1,0,1,1,1900,352,60,0,0,6625,1256,0.00732,0,0.00732,0.000278,0.007598,0.000278,6027.2,247.3,45.6,0.88,200.8,0.0,5779.9,9448,6625,0,29.87934,100.0,False,0,False,,6,6
main_hybrid_t0.90,GLP1-022__UHC_WEGOVY_P1114_22_2026_09_01,GLP1-022,UHC_WEGOVY_P1114_22_2026_09_01,hybrid,READY,READY,True,True,True,missing_evidence,structured_data_omission,1,0,1,1,1506,343,95,0,0,5117,847,0.006442,0,0.006442,0.000215,0.006657,0.000215,6891.3,160.6,29.6,0.46,130.5,0.0,6730.7,9448,5117,0,45.84039,100.0,False,0,False,,4,4
main_hybrid_t0.90,GLP1-023__AETNA_WEGOVY_4774C_2026_08_20,GLP1-023,AETNA_WEGOVY_4774C_2026_08_20,hybrid,READY,READY,True,True,True,missing_evidence,missing_medication_evidence,1,0,1,1,1135,289,66,0,0,6709,1992,0.00516,0,0.00516,0.000282,0.005442,0.000282,5043.5,252.6,44.2,2.33,206.1,0.0,4790.9,8135,6709,0,17.529195,100.0,False,0,False,,5,5
main_hybrid_t0.90,GLP1-023__BCBS_FEP_WEGOVY_2026_07_01,GLP1-023,BCBS_FEP_WEGOVY_2026_07_01,hybrid,NOT_READY,NOT_READY,True,False,False,missing_evidence,missing_medication_evidence,0,0,0,1,0,0,0,0,0,6090,1205,0,0,0,0.000256,0.000256,0.000256,343.1,343.1,26.5,0.86,315.7,0.0,0.0,8135,6090,0,25.138291,100.0,False,0,False,,6,6
main_hybrid_t0.90,GLP1-023__UHC_WEGOVY_P1114_22_2026_09_01,GLP1-023,UHC_WEGOVY_P1114_22_2026_09_01,hybrid,READY,READY,True,True,True,missing_evidence,missing_medication_evidence,1,0,1,1,1154,361,113,0,0,5302,948,0.005918,0,0.005918,0.000223,0.006141,0.000223,6163.9,138.6,28.3,0.91,109.4,0.0,6025.3,8135,5302,0,34.824831,100.0,False,0,False,,4,4
main_hybrid_t0.90,GLP1-024__AETNA_WEGOVY_4774C_2026_08_20,GLP1-024,AETNA_WEGOVY_4774C_2026_08_20,hybrid,READY,READY,True,True,True,missing_evidence,unknown_not_negative,1,0,1,1,1204,296,55,0,0,6735,1992,0.005368,0,0.005368,0.000283,0.005651,0.000283,5418.0,177.5,47.7,2.05,127.8,0.0,5240.5,7791,6735,0,13.554101,100.0,False,0,False,,5,5
main_hybrid_t0.90,GLP1-024__BCBS_FEP_WEGOVY_2026_07_01,GLP1-024,BCBS_FEP_WEGOVY_2026_07_01,hybrid,NOT_READY,NOT_READY,True,False,False,missing_evidence,unknown_not_negative,0,0,0,1,0,0,0,0,0,5781,1121,0,0,0,0.000243,0.000243,0.000243,161.6,161.6,40.1,0.48,121.0,0.0,0.0,7791,5781,0,25.798999,100.0,False,0,False,,6,6
main_hybrid_t0.90,GLP1-024__UHC_WEGOVY_P1114_22_2026_09_01,GLP1-024,UHC_WEGOVY_P1114_22_2026_09_01,hybrid,READY,READY,True,True,True,missing_evidence,unknown_not_negative,1,0,1,1,1125,277,51,0,0,4520,788,0.00502,0,0.00502,0.00019,0.00521,0.00019,5573.7,209.3,22.3,0.53,186.5,0.0,5364.4,7791,4520,0,41.984341,100.0,False,0,False,,4,4
main_hybrid_t0.90,GLP1-025__AETNA_WEGOVY_4774C_2026_08_20,GLP1-025,AETNA_WEGOVY_4774C_2026_08_20,hybrid,READY,READY,True,True,True,missing_evidence,missing_response,1,0,1,1,1110,272,53,0,0,6671,1993,0.00494,0,0.00494,0.00028,0.00522,0.00028,4840.8,158.3,23.7,2.08,132.5,0.0,4682.5,8932,6671,0,25.31348,100.0,False,0,False,,5,5
main_hybrid_t0.90,GLP1-025__BCBS_FEP_WEGOVY_2026_07_01,GLP1-025,BCBS_FEP_WEGOVY_2026_07_01,hybrid,READY,READY,True,True,True,missing_evidence,missing_response,1,0,1,1,1489,348,41,0,0,6086,1199,0.006458,0,0.006458,0.000256,0.006714,0.000256,5931.6,212.5,44.1,0.54,167.9,0.0,5719.1,8932,6086,0,31.862965,100.0,False,0,False,,6,6
main_hybrid_t0.90,GLP1-025__UHC_WEGOVY_P1114_22_2026_09_01,GLP1-025,UHC_WEGOVY_P1114_22_2026_09_01,hybrid,READY,READY,True,True,True,missing_evidence,missing_response,1,0,1,1,1017,270,43,0,0,4456,790,0.004734,0,0.004734,0.000187,0.004921,0.000187,5423.3,216.5,36.8,1.42,178.3,0.0,5206.8,8932,4456,0,50.111957,100.0,False,0,False,,4,4
main_hybrid_t0.90,GLP1-026__AETNA_WEGOVY_4774C_2026_08_20,GLP1-026,AETNA_WEGOVY_4774C_2026_08_20,hybrid,NOT_READY,NOT_READY,True,False,False,ambiguous,duration_ambiguity,1,1,0,1,4143,895,588,4143,895,7933,2399,0.017236,0.017236,0.0,0.000333,0.017569,0.017569,16466.7,16466.7,41.0,1.23,149.7,16274.8,0.0,8554,12076,4143,-41.17372,51.566519,True,2,False,,4,5
main_hybrid_t0.90,GLP1-026__BCBS_FEP_WEGOVY_2026_07_01,GLP1-026,BCBS_FEP_WEGOVY_2026_07_01,hybrid,NOT_READY,NOT_READY,True,False,False,ambiguous,duration_ambiguity,1,1,0,1,4508,288,112,4508,288,5803,1209,0.011896,0.011896,0.0,0.000244,0.01214,0.01214,5662.9,5662.9,52.7,0.67,112.7,5496.8,0.0,8554,10311,4508,-20.540098,47.299509,True,1,False,,6,6
main_hybrid_t0.90,GLP1-026__UHC_WEGOVY_P1114_22_2026_09_01,GLP1-026,UHC_WEGOVY_P1114_22_2026_09_01,hybrid,READY,READY,True,True,True,ambiguous,duration_ambiguity,1,0,1,1,1112,276,85,0,0,5211,960,0.004984,0,0.004984,0.000219,0.005203,0.000219,5190.5,175.9,32.9,0.96,142.0,0.0,5014.6,8554,5211,0,39.081132,100.0,False,0,False,,4,4
main_hybrid_t0.90,GLP1-027__AETNA_WEGOVY_4774C_2026_08_20,GLP1-027,AETNA_WEGOVY_4774C_2026_08_20,hybrid,NOT_READY,NOT_READY,True,False,False,ambiguous,vague_temporality,0,0,0,1,0,0,0,0,0,7886,2395,0,0,0,0.000331,0.000331,0.000331,170.2,170.2,39.6,0.55,130.0,0.0,0.0,9357,7886,0,15.720851,100.0,False,0,False,,4,5
main_hybrid_t0.90,GLP1-027__BCBS_FEP_WEGOVY_2026_07_01,GLP1-027,BCBS_FEP_WEGOVY_2026_07_01,hybrid,NOT_READY,NOT_READY,True,False,False,ambiguous,vague_temporality,0,0,0,1,0,0,0,0,0,4637,885,0,0,0,0.000195,0.000195,0.000195,165.8,165.8,25.0,0.26,140.5,0.0,0.0,9357,4637,0,50.443518,100.0,False,0,False,,6,6
main_hybrid_t0.90,GLP1-027__UHC_WEGOVY_P1114_22_2026_09_01,GLP1-027,UHC_WEGOVY_P1114_22_2026_09_01,hybrid,READY,READY,True,True,True,ambiguous,vague_temporality,2,1,1,1,4770,413,129,3801,180,4466,798,0.01367,0.009402,0.004268,0.000188,0.013858,0.00959,9124.2,4703.0,28.6,0.19,103.5,4570.7,4421.2,9357,8267,3801,11.649033,59.378006,True,1,False,,4,4
main_hybrid_t0.90,GLP1-028__AETNA_WEGOVY_4774C_2026_08_20,GLP1-028,AETNA_WEGOVY_4774C_2026_08_20,hybrid,REVIEW_REQUIRED,REVIEW_REQUIRED,True,False,False,ambiguous,condition_ambiguity,0,0,0,1,0,0,0,0,0,8579,2449,0,0,0,0.00036,0.00036,0.00036,182.4,182.4,42.5,4.33,135.6,0.0,0.0,9421,8579,0,8.93748,100.0,False,0,True,,5,5
main_hybrid_t0.90,GLP1-028__BCBS_FEP_WEGOVY_2026_07_01,GLP1-028,BCBS_FEP_WEGOVY_2026_07_01,hybrid,REVIEW_REQUIRED,REVIEW_REQUIRED,True,False,False,ambiguous,condition_ambiguity,0,0,0,1,0,0,0,0,0,6256,1175,0,0,0,0.000263,0.000263,0.000263,146.9,146.9,32.6,0.45,113.8,0.0,0.0,9421,6256,0,33.59516,100.0,False,0,True,,6,6
main_hybrid_t0.90,GLP1-028__UHC_WEGOVY_P1114_22_2026_09_01,GLP1-028,UHC_WEGOVY_P1114_22_2026_09_01,hybrid,REVIEW_REQUIRED,REVIEW_REQUIRED,True,False,False,ambiguous,condition_ambiguity,0,0,0,1,0,0,0,0,0,5129,848,0,0,0,0.000215,0.000215,0.000215,153.9,153.9,28.6,0.54,124.8,0.0,0.0,9421,5129,0,45.557796,100.0,False,0,True,,4,4
main_hybrid_t0.90,GLP1-029__AETNA_WEGOVY_4774C_2026_08_20,GLP1-029,AETNA_WEGOVY_4774C_2026_08_20,hybrid,READY,READY,True,True,True,ambiguous,duration_boundary,1,0,1,1,1044,314,79,0,0,6664,1999,0.003354,0,0.003354,0.00028,0.003634,0.00028,5045.9,174.2,30.7,2.13,141.4,0.0,4871.7,9378,6664,0,28.940073,100.0,False,0,False,,5,5
main_hybrid_t0.90,GLP1-029__BCBS_FEP_WEGOVY_2026_07_01,GLP1-029,BCBS_FEP_WEGOVY_2026_07_01,hybrid,READY,READY,True,True,True,ambiguous,duration_boundary,1,0,1,1,1188,331,92,0,0,4157,803,0.003553,0,0.003553,0.000175,0.003728,0.000175,5616.9,179.1,37.7,0.37,141.0,0.0,5437.8,9378,4157,0,55.672851,100.0,False,0,False,,6,6
main_hybrid_t0.90,GLP1-029__UHC_WEGOVY_P1114_22_2026_09_01,GLP1-029,UHC_WEGOVY_P1114_22_2026_09_01,hybrid,READY,READY,True,True,True,ambiguous,duration_boundary,1,0,1,1,889,278,65,0,0,3651,636,0.004558,0,0.004558,0.000153,0.004711,0.000153,5573.8,242.3,33.0,0.56,208.7,0.0,5331.5,9378,3651,0,61.068458,100.0,False,0,False,,4,4
main_hybrid_t0.90,GLP1-030__AETNA_WEGOVY_4774C_2026_08_20,GLP1-030,AETNA_WEGOVY_4774C_2026_08_20,hybrid,NOT_READY,NOT_READY,True,False,False,ambiguous,numeric_boundary,1,1,0,1,3789,496,314,3789,496,8200,2445,0.012538,0.012538,0.0,0.000344,0.012882,0.012882,9121.8,9121.8,44.7,3.31,215.7,8858.1,0.0,7572,11989,3789,-58.333333,49.96038,True,1,False,,4,5
main_hybrid_t0.90,GLP1-030__BCBS_FEP_WEGOVY_2026_07_01,GLP1-030,BCBS_FEP_WEGOVY_2026_07_01,hybrid,NOT_READY,NOT_READY,True,False,False,ambiguous,numeric_boundary,1,1,0,1,4294,476,268,4294,476,5973,1171,0.013348,0.013348,0.0,0.000251,0.013599,0.013599,7793.1,7793.1,22.0,0.42,305.9,7464.8,0.0,7572,10267,4294,-35.591653,43.291072,True,1,False,,5,6
main_hybrid_t0.90,GLP1-030__UHC_WEGOVY_P1114_22_2026_09_01,GLP1-030,UHC_WEGOVY_P1114_22_2026_09_01,hybrid,NOT_READY,NOT_READY,True,False,False,ambiguous,numeric_boundary,1,1,0,1,3445,459,268,3445,459,5542,1002,0.01148,0.01148,0.0,0.000233,0.011713,0.011713,7992.0,7992.0,40.3,0.6,127.9,7823.2,0.0,7572,8987,3445,-18.687269,54.503434,True,1,False,,3,4
main_hybrid_t0.90,GLP1-031__AETNA_WEGOVY_4774C_2026_08_20,GLP1-031,AETNA_WEGOVY_4774C_2026_08_20,hybrid,READY,READY,True,True,True,ambiguous,infer_duration_from_dates,1,0,1,1,1100,226,44,0,0,6718,1998,0.00446,0,0.00446,0.000282,0.004742,0.000282,4097.6,184.4,41.5,1.82,141.1,0.0,3913.2,7628,6718,0,11.929733,100.0,False,0,False,,5,5
main_hybrid_t0.90,GLP1-031__BCBS_FEP_WEGOVY_2026_07_01,GLP1-031,BCBS_FEP_WEGOVY_2026_07_01,hybrid,READY,READY,True,True,True,ambiguous,infer_duration_from_dates,1,0,1,1,1366,356,104,0,0,5759,1117,0.006292,0,0.006292,0.000242,0.006534,0.000242,6124.1,213.3,45.8,0.54,167.0,0.0,5910.8,7628,5759,0,24.501835,100.0,False,0,False,,6,6
main_hybrid_t0.90,GLP1-031__UHC_WEGOVY_P1114_22_2026_09_01,GLP1-031,UHC_WEGOVY_P1114_22_2026_09_01,hybrid,READY,READY,True,True,True,ambiguous,infer_duration_from_dates,1,0,1,1,1037,274,77,0,0,4503,790,0.004814,0,0.004814,0.000189,0.005003,0.000189,5360.2,191.6,33.2,0.7,157.7,0.0,5168.6,7628,4503,0,40.967488,100.0,False,0,False,,4,4
main_hybrid_t0.90,GLP1-032__AETNA_WEGOVY_4774C_2026_08_20,GLP1-032,AETNA_WEGOVY_4774C_2026_08_20,hybrid,READY,NOT_READY,False,True,False,ambiguous,evidence_aggregation,1,1,0,1,4443,517,266,4443,517,7912,2387,0.014056,0.014056,0.0,0.000332,0.014388,0.014388,9997.5,9997.5,38.9,2.59,193.4,9762.6,0.0,10093,12355,4443,-22.411572,55.979392,True,1,False,,4,5
main_hybrid_t0.90,GLP1-032__BCBS_FEP_WEGOVY_2026_07_01,GLP1-032,BCBS_FEP_WEGOVY_2026_07_01,hybrid,READY,READY,True,True,True,ambiguous,evidence_aggregation,1,0,1,1,1436,427,133,0,0,5731,1117,0.007142,0,0.007142,0.000241,0.007383,0.000241,8335.7,177.8,36.8,0.3,140.7,0.0,8157.9,10093,5731,0,43.218072,100.0,False,0,False,,6,6
main_hybrid_t0.90,GLP1-032__UHC_WEGOVY_P1114_22_2026_09_01,GLP1-032,UHC_WEGOVY_P1114_22_2026_09_01,hybrid,READY,READY,True,True,True,ambiguous,evidence_aggregation,1,0,1,1,1191,275,55,0,0,5254,948,0.005132,0,0.005132,0.000221,0.005353,0.000221,5865.6,193.2,37.6,0.4,155.2,0.0,5672.4,10093,5254,0,47.94412,100.0,False,0,False,,4,4
main_hybrid_t0.90,GLP1-033__AETNA_WEGOVY_4774C_2026_08_20,GLP1-033,AETNA_WEGOVY_4774C_2026_08_20,hybrid,REVIEW_REQUIRED,REVIEW_REQUIRED,True,False,False,ambiguous,continuity,0,0,0,1,0,0,0,0,0,6659,1994,0,0,0,0.00028,0.00028,0.00028,281.9,281.9,27.3,2.69,251.9,0.0,0.0,7005,6659,0,4.939329,100.0,False,0,True,,5,5
main_hybrid_t0.90,GLP1-033__BCBS_FEP_WEGOVY_2026_07_01,GLP1-033,BCBS_FEP_WEGOVY_2026_07_01,hybrid,READY,READY,True,True,True,ambiguous,continuity,1,0,1,1,1338,368,68,0,0,5712,1121,0.006356,0,0.006356,0.00024,0.006596,0.00024,6871.5,155.2,36.0,0.72,118.5,0.0,6716.3,7005,5712,0,18.458244,100.0,False,0,False,,6,6
main_hybrid_t0.90,GLP1-033__UHC_WEGOVY_P1114_22_2026_09_01,GLP1-033,UHC_WEGOVY_P1114_22_2026_09_01,hybrid,READY,READY,True,True,True,ambiguous,continuity,1,0,1,1,995,266,43,0,0,4444,792,0.00465,0,0.00465,0.000187,0.004837,0.000187,5080.8,178.2,38.3,0.55,139.4,0.0,4902.6,7005,4444,0,36.5596,100.0,False,0,False,,4,4
main_hybrid_t0.90,GLP1-034__AETNA_WEGOVY_4774C_2026_08_20,GLP1-034,AETNA_WEGOVY_4774C_2026_08_20,hybrid,READY,READY,True,True,True,ambiguous,semantic_comorbidity,1,0,1,1,1627,421,200,0,0,8502,2449,0.007464,0,0.007464,0.000357,0.007821,0.000357,9712.7,177.1,35.5,2.09,139.5,0.0,9535.6,10355,8502,0,17.894737,100.0,False,0,False,,5,5
main_hybrid_t0.90,GLP1-034__BCBS_FEP_WEGOVY_2026_07_01,GLP1-034,BCBS_FEP_WEGOVY_2026_07_01,hybrid,READY,READY,True,True,True,ambiguous,semantic_comorbidity,1,0,1,1,1644,357,80,0,0,6162,1174,0.006858,0,0.006858,0.000259,0.007117,0.000259,5896.3,196.5,47.5,0.69,148.3,0.0,5699.8,10355,6162,0,40.492516,100.0,False,0,False,,6,6
main_hybrid_t0.90,GLP1-034__UHC_WEGOVY_P1114_22_2026_09_01,GLP1-034,UHC_WEGOVY_P1114_22_2026_09_01,hybrid,READY,READY,True,True,True,ambiguous,semantic_comorbidity,1,0,1,1,1534,359,150,0,0,5844,1005,0.006658,0,0.006658,0.000245,0.006903,0.000245,6728.3,182.2,68.5,0.69,113.0,0.0,6546.1,10355,5844,0,43.563496,100.0,False,0,False,,4,4
main_hybrid_t0.90,GLP1-035__AETNA_WEGOVY_4774C_2026_08_20,GLP1-035,AETNA_WEGOVY_4774C_2026_08_20,hybrid,READY,READY,True,True,True,ambiguous,response_semantics,1,0,1,1,1249,332,71,0,0,7938,2392,0.005818,0,0.005818,0.000333,0.006151,0.000333,6701.8,198.6,49.7,2.86,146.0,0.0,6503.2,8347,7938,0,4.899964,100.0,False,0,False,,5,5
main_hybrid_t0.90,GLP1-035__BCBS_FEP_WEGOVY_2026_07_01,GLP1-035,BCBS_FEP_WEGOVY_2026_07_01,hybrid,READY,READY,True,True,True,ambiguous,response_semantics,1,0,1,1,1474,364,108,0,0,6067,1199,0.006588,0,0.006588,0.000255,0.006843,0.000255,5849.1,215.5,48.7,0.75,166.1,0.0,5633.6,8347,6067,0,27.315203,100.0,False,0,False,,6,6
main_hybrid_t0.90,GLP1-035__UHC_WEGOVY_P1114_22_2026_09_01,GLP1-035,UHC_WEGOVY_P1114_22_2026_09_01,hybrid,READY,READY,True,True,True,ambiguous,response_semantics,1,0,1,1,1141,364,103,0,0,5280,948,0.005922,0,0.005922,0.000222,0.006144,0.000222,6007.1,142.2,30.5,0.45,111.2,0.0,5864.9,8347,5280,0,36.74374,100.0,False,0,False,,4,4
main_hybrid_t0.90,GLP1-036__AETNA_WEGOVY_4774C_2026_08_20,GLP1-036,AETNA_WEGOVY_4774C_2026_08_20,hybrid,NOT_READY,NOT_READY,True,False,False,hard,program_discontinuation,1,1,0,1,4410,298,111,4410,298,7968,2389,0.0118,0.0118,0.0,0.000335,0.012135,0.012135,6917.8,6917.8,41.0,1.19,140.5,6735.1,0.0,9107,12378,4410,-35.917426,51.575711,True,1,False,,5,5
main_hybrid_t0.90,GLP1-036__BCBS_FEP_WEGOVY_2026_07_01,GLP1-036,BCBS_FEP_WEGOVY_2026_07_01,hybrid,READY,READY,True,True,True,hard,program_discontinuation,1,0,1,1,1605,360,93,0,0,6158,1201,0.00681,0,0.00681,0.000259,0.007069,0.000259,6307.1,231.1,50.3,0.7,180.1,0.0,6076.0,9107,6158,0,32.381684,100.0,False,0,False,,6,6
main_hybrid_t0.90,GLP1-036__UHC_WEGOVY_P1114_22_2026_09_01,GLP1-036,UHC_WEGOVY_P1114_22_2026_09_01,hybrid,NOT_READY,NOT_READY,True,False,False,hard,program_discontinuation,0,0,0,1,0,0,0,0,0,4480,792,0,0,0,0.000188,0.000188,0.000188,148.4,148.4,22.1,0.27,126.0,0.0,0.0,9107,4480,0,50.807071,100.0,False,0,False,,4,4
main_hybrid_t0.90,GLP1-037__AETNA_WEGOVY_4774C_2026_08_20,GLP1-037,AETNA_WEGOVY_4774C_2026_08_20,hybrid,NOT_READY,NOT_READY,True,False,False,hard,noncontinuous_duration,1,1,0,1,3673,264,64,3673,264,7989,2394,0.009986,0.009986,0.0,0.000336,0.010322,0.010322,5816.9,5816.9,30.8,4.73,278.7,5502.7,0.0,7042,11662,3673,-65.606362,47.841522,True,1,False,,5,5
main_hybrid_t0.90,GLP1-037__BCBS_FEP_WEGOVY_2026_07_01,GLP1-037,BCBS_FEP_WEGOVY_2026_07_01,hybrid,READY,READY,True,True,True,hard,noncontinuous_duration,1,0,1,1,1511,316,55,0,0,6111,1203,0.006182,0,0.006182,0.000257,0.006439,0.000257,5340.7,219.8,48.2,0.69,170.9,0.0,5120.9,7042,6111,0,13.220676,100.0,False,0,False,,6,6
main_hybrid_t0.90,GLP1-037__UHC_WEGOVY_P1114_22_2026_09_01,GLP1-037,UHC_WEGOVY_P1114_22_2026_09_01,hybrid,READY,READY,True,True,True,hard,noncontinuous_duration,1,0,1,1,1186,299,72,0,0,5331,952,0.005362,0,0.005362,0.000224,0.005586,0.000224,5566.1,144.6,36.4,0.99,107.2,0.0,5421.5,7042,5331,0,24.297075,100.0,False,0,False,,4,4
main_hybrid_t0.90,GLP1-038__AETNA_WEGOVY_4774C_2026_08_20,GLP1-038,AETNA_WEGOVY_4774C_2026_08_20,hybrid,READY,READY,True,True,True,hard,contradiction;medication_reconciliation,1,0,1,1,1208,319,72,0,0,7892,2390,0.003437,0,0.003437,0.000331,0.003768,0.000331,5512.8,228.1,44.0,2.17,181.9,0.0,5284.7,7424,7892,0,-6.303879,100.0,False,0,False,,5,5
main_hybrid_t0.90,GLP1-038__BCBS_FEP_WEGOVY_2026_07_01,GLP1-038,BCBS_FEP_WEGOVY_2026_07_01,hybrid,READY,READY,True,True,True,hard,contradiction;medication_reconciliation,1,0,1,1,1435,327,61,0,0,6008,1196,0.003562,0,0.003562,0.000252,0.003815,0.000252,6650.3,175.5,53.5,0.79,121.2,0.0,6474.8,7424,6008,0,19.073276,100.0,False,0,False,,6,6
main_hybrid_t0.90,GLP1-038__UHC_WEGOVY_P1114_22_2026_09_01,GLP1-038,UHC_WEGOVY_P1114_22_2026_09_01,hybrid,READY,READY,True,True,True,hard,contradiction;medication_reconciliation,1,0,1,1,1101,320,88,0,0,5234,948,0.003426,0,0.003426,0.00022,0.003645,0.00022,5515.6,172.9,38.2,0.82,133.9,0.0,5342.7,7424,5234,0,29.498922,100.0,False,0,False,,4,4
main_hybrid_t0.90,GLP1-039__AETNA_WEGOVY_4774C_2026_08_20,GLP1-039,AETNA_WEGOVY_4774C_2026_08_20,hybrid,READY,READY,True,True,True,hard,stale_medication,1,0,1,1,1524,357,103,0,0,9337,2790,0.006618,0,0.006618,0.000392,0.00701,0.000392,5633.4,223.0,43.3,2.61,177.1,0.0,5410.4,9847,9337,0,5.179242,100.0,False,0,False,,5,5
main_hybrid_t0.90,GLP1-039__BCBS_FEP_WEGOVY_2026_07_01,GLP1-039,BCBS_FEP_WEGOVY_2026_07_01,hybrid,READY,READY,True,True,True,hard,stale_medication,1,0,1,1,1674,303,69,0,0,6202,1199,0.006378,0,0.006378,0.00026,0.006638,0.00026,4778.4,208.1,38.1,0.41,169.6,0.0,4570.3,9847,6202,0,37.01635,100.0,False,0,False,,6,6
main_hybrid_t0.90,GLP1-039__UHC_WEGOVY_P1114_22_2026_09_01,GLP1-039,UHC_WEGOVY_P1114_22_2026_09_01,hybrid,READY,READY,True,True,True,hard,stale_medication,1,0,1,1,1289,296,74,0,0,5391,948,0.005538,0,0.005538,0.000226,0.005764,0.000226,5660.6,179.6,41.7,0.59,137.3,0.0,5481.0,9847,5391,0,45.252361,100.0,False,0,False,,4,4
main_hybrid_t0.90,GLP1-040__AETNA_WEGOVY_4774C_2026_08_20,GLP1-040,AETNA_WEGOVY_4774C_2026_08_20,hybrid,NOT_READY,NOT_READY,True,False,False,hard,structured_narrative_conflict,1,1,0,1,3610,404,207,3610,404,6981,2047,0.01126,0.01126,0.0,0.000293,0.011553,0.011553,7189.7,7189.7,37.6,2.24,202.3,6947.6,0.0,7398,10591,3610,-43.160314,51.203028,True,1,False,,4,5
main_hybrid_t0.90,GLP1-040__BCBS_FEP_WEGOVY_2026_07_01,GLP1-040,BCBS_FEP_WEGOVY_2026_07_01,hybrid,NOT_READY,NOT_READY,True,False,False,hard,structured_narrative_conflict,0,0,0,1,0,0,0,0,0,6377,1253,0,0,0,0.000268,0.000268,0.000268,179.8,179.8,35.2,0.48,144.1,0.0,0.0,7398,6377,0,13.801027,100.0,False,0,False,,6,6
main_hybrid_t0.90,GLP1-040__UHC_WEGOVY_P1114_22_2026_09_01,GLP1-040,UHC_WEGOVY_P1114_22_2026_09_01,hybrid,NOT_READY,NOT_READY,True,False,False,hard,structured_narrative_conflict,0,0,0,1,0,0,0,0,0,4766,844,0,0,0,0.0002,0.0002,0.0002,274.0,274.0,42.5,0.62,230.9,0.0,0.0,7398,4766,0,35.577183,100.0,False,0,False,,4,4
main_hybrid_t0.90,GLP1-041__AETNA_WEGOVY_4774C_2026_08_20,GLP1-041,AETNA_WEGOVY_4774C_2026_08_20,hybrid,NOT_READY,NOT_READY,True,False,False,hard,longitudinal_bmi_conflict,1,1,0,1,4086,806,606,4086,806,7072,2048,0.016232,0.016232,0.0,0.000297,0.016529,0.016529,14314.4,14314.4,53.0,1.88,229.5,14030.0,0.0,9103,11158,4086,-22.574975,55.113699,True,1,False,,5,5
main_hybrid_t0.90,GLP1-041__BCBS_FEP_WEGOVY_2026_07_01,GLP1-041,BCBS_FEP_WEGOVY_2026_07_01,hybrid,NOT_READY,READY,False,False,True,hard,longitudinal_bmi_conflict,2,1,1,1,6256,1082,624,4693,685,6328,1253,0.023332,0.016236,0.007096,0.000266,0.023598,0.016502,17629.6,11131.6,114.5,0.71,167.0,10849.4,6498.0,9103,11021,4693,-21.069977,48.445567,True,1,False,,5,6
main_hybrid_t0.90,GLP1-041__UHC_WEGOVY_P1114_22_2026_09_01,GLP1-041,UHC_WEGOVY_P1114_22_2026_09_01,hybrid,NOT_READY,REVIEW_REQUIRED,False,False,False,hard,longitudinal_bmi_conflict,1,1,0,1,3750,677,450,3750,677,4857,844,0.01427,0.01427,0.0,0.000204,0.014474,0.014474,10561.0,10561.0,27.9,0.45,116.2,10416.4,0.0,9103,8607,3750,5.448753,58.80479,True,1,True,,3,4
main_hybrid_t0.90,GLP1-042__AETNA_WEGOVY_4774C_2026_08_20,GLP1-042,AETNA_WEGOVY_4774C_2026_08_20,hybrid,REVIEW_REQUIRED,NOT_READY,False,False,False,hard,source_contradiction,1,1,0,1,3896,662,228,3896,662,6648,1995,0.014412,0.014412,0.0,0.000279,0.014691,0.014691,13887.4,13887.4,38.5,1.45,156.7,13690.8,0.0,8836,10544,3896,-19.330014,55.907651,True,2,False,,4,5
main_hybrid_t0.90,GLP1-042__BCBS_FEP_WEGOVY_2026_07_01,GLP1-042,BCBS_FEP_WEGOVY_2026_07_01,hybrid,READY,READY,True,True,True,hard,source_contradiction,1,0,1,1,1350,348,110,0,0,4466,887,0.00618,0,0.00618,0.000188,0.006368,0.000188,6505.9,293.2,31.3,0.51,261.4,0.0,6212.7,8836,4466,0,49.456768,100.0,False,0,False,,6,6
main_hybrid_t0.90,GLP1-042__UHC_WEGOVY_P1114_22_2026_09_01,GLP1-042,UHC_WEGOVY_P1114_22_2026_09_01,hybrid,READY,READY,True,True,True,hard,source_contradiction,2,1,1,1,4562,578,232,3544,278,4433,794,0.014904,0.009868,0.005036,0.000186,0.01509,0.010054,12279.0,6284.2,25.5,0.48,189.0,6069.2,5994.8,8836,7977,3544,9.721593,59.891354,True,1,False,,4,4
main_hybrid_t0.90,GLP1-043__AETNA_WEGOVY_4774C_2026_08_20,GLP1-043,AETNA_WEGOVY_4774C_2026_08_20,hybrid,NOT_READY,NOT_READY,True,False,False,hard,negation;retrieval_trap,0,0,0,1,0,0,0,0,0,6600,2009,0,0,0,0.000277,0.000277,0.000277,155.8,155.8,35.3,0.96,119.5,0.0,0.0,9252,6600,0,28.664073,100.0,False,0,False,,5,5
main_hybrid_t0.90,GLP1-043__BCBS_FEP_WEGOVY_2026_07_01,GLP1-043,BCBS_FEP_WEGOVY_2026_07_01,hybrid,NOT_READY,NOT_READY,True,False,False,hard,negation;retrieval_trap,0,0,0,1,0,0,0,0,0,5967,1219,0,0,0,0.000251,0.000251,0.000251,190.0,190.0,36.7,0.43,152.9,0.0,0.0,9252,5967,0,35.505837,100.0,False,0,False,,6,6
main_hybrid_t0.90,GLP1-043__UHC_WEGOVY_P1114_22_2026_09_01,GLP1-043,UHC_WEGOVY_P1114_22_2026_09_01,hybrid,NOT_READY,NOT_READY,True,False,False,hard,negation;retrieval_trap,0,0,0,1,0,0,0,0,0,4385,810,0,0,0,0.000184,0.000184,0.000184,185.6,185.6,30.6,0.3,154.7,0.0,0.0,9252,4385,0,52.604842,100.0,False,0,False,,4,4
main_hybrid_t0.90,GLP1-044__AETNA_WEGOVY_4774C_2026_08_20,GLP1-044,AETNA_WEGOVY_4774C_2026_08_20,hybrid,NOT_READY,NOT_READY,True,False,False,hard,later_evidence_reversal,0,0,0,1,0,0,0,0,0,7942,2398,0,0,0,0.000334,0.000334,0.000334,353.4,353.4,44.2,1.23,308.0,0.0,0.0,8380,7942,0,5.22673,100.0,False,0,False,,5,5
main_hybrid_t0.90,GLP1-044__BCBS_FEP_WEGOVY_2026_07_01,GLP1-044,BCBS_FEP_WEGOVY_2026_07_01,hybrid,READY,READY,True,True,True,hard,later_evidence_reversal,1,0,1,1,1200,357,109,0,0,4564,881,0.00597,0,0.00597,0.000192,0.006162,0.000192,6063.8,169.2,25.4,0.27,143.5,0.0,5894.6,8380,4564,0,45.536993,100.0,False,0,False,,6,6
main_hybrid_t0.90,GLP1-044__UHC_WEGOVY_P1114_22_2026_09_01,GLP1-044,UHC_WEGOVY_P1114_22_2026_09_01,hybrid,NOT_READY,NOT_READY,True,False,False,hard,later_evidence_reversal,0,0,0,1,0,0,0,0,0,4464,794,0,0,0,0.000187,0.000187,0.000187,161.6,161.6,31.0,0.36,130.2,0.0,0.0,8380,4464,0,46.73031,100.0,False,0,False,,4,4
main_hybrid_t0.90,GLP1-045__AETNA_WEGOVY_4774C_2026_08_20,GLP1-045,AETNA_WEGOVY_4774C_2026_08_20,hybrid,READY,READY,True,True,True,hard,medication_reconciliation,1,0,1,1,1235,298,52,0,0,7921,2392,0.00545,0,0.00545,0.000333,0.005783,0.000333,5223.1,295.7,36.2,3.94,255.6,0.0,4927.4,8034,7921,0,1.406522,100.0,False,0,False,,5,5
main_hybrid_t0.90,GLP1-045__BCBS_FEP_WEGOVY_2026_07_01,GLP1-045,BCBS_FEP_WEGOVY_2026_07_01,hybrid,REVIEW_REQUIRED,REVIEW_REQUIRED,True,False,False,hard,medication_reconciliation,1,1,0,1,4523,423,92,4523,423,5743,1116,0.013276,0.013276,0.0,0.000241,0.013517,0.013517,7202.5,7202.5,42.9,0.52,146.8,7012.3,0.0,8034,10266,4523,-27.781927,43.701767,True,2,True,,6,6
main_hybrid_t0.90,GLP1-045__UHC_WEGOVY_P1114_22_2026_09_01,GLP1-045,UHC_WEGOVY_P1114_22_2026_09_01,hybrid,READY,READY,True,True,True,hard,medication_reconciliation,1,0,1,1,1128,316,96,0,0,5263,948,0.005416,0,0.005416,0.000221,0.005637,0.000221,6002.0,140.8,29.7,0.46,110.6,0.0,5861.2,8034,5263,0,34.490914,100.0,False,0,False,,4,4
main_hybrid_t0.90,GLP1-046__AETNA_WEGOVY_4774C_2026_08_20,GLP1-046,AETNA_WEGOVY_4774C_2026_08_20,hybrid,NOT_READY,NOT_READY,True,False,False,hard,condition_status,0,0,0,1,0,0,0,0,0,7247,2048,0,0,0,0.000304,0.000304,0.000304,144.8,144.8,24.6,2.65,117.6,0.0,0.0,8390,7247,0,13.623361,100.0,False,0,False,,5,5
main_hybrid_t0.90,GLP1-046__BCBS_FEP_WEGOVY_2026_07_01,GLP1-046,BCBS_FEP_WEGOVY_2026_07_01,hybrid,NOT_READY,NOT_READY,True,False,False,hard,condition_status,0,0,0,1,0,0,0,0,0,5794,1089,0,0,0,0.000243,0.000243,0.000243,149.4,149.4,31.3,0.65,117.4,0.0,0.0,8390,5794,0,30.941597,100.0,False,0,False,,6,6
main_hybrid_t0.90,GLP1-046__UHC_WEGOVY_P1114_22_2026_09_01,GLP1-046,UHC_WEGOVY_P1114_22_2026_09_01,hybrid,NOT_READY,NOT_READY,True,False,False,hard,condition_status,0,0,0,1,0,0,0,0,0,5032,844,0,0,0,0.000211,0.000211,0.000211,140.6,140.6,22.2,0.52,117.9,0.0,0.0,8390,5032,0,40.023838,100.0,False,0,False,,4,4
main_hybrid_t0.90,GLP1-047__AETNA_WEGOVY_4774C_2026_08_20,GLP1-047,AETNA_WEGOVY_4774C_2026_08_20,hybrid,READY,READY,True,True,True,hard,retrieval_stress;long_context,2,1,1,1,7073,1265,707,5243,971,9733,2789,0.026796,0.020196,0.0066,0.000409,0.027205,0.020605,23887.8,18592.2,46.3,1.64,163.9,18380.4,5295.6,12715,14976,5243,-17.782147,58.765238,True,2,False,,5,5
main_hybrid_t0.90,GLP1-047__BCBS_FEP_WEGOVY_2026_07_01,GLP1-047,BCBS_FEP_WEGOVY_2026_07_01,hybrid,READY,READY,True,True,True,hard,retrieval_stress;long_context,1,0,1,1,2258,347,48,0,0,6891,1201,0.007986,0,0.007986,0.000289,0.008275,0.000289,6115.1,226.6,60.9,0.45,165.2,0.0,5888.5,12715,6891,0,45.804168,100.0,False,0,False,,6,6
main_hybrid_t0.90,GLP1-047__UHC_WEGOVY_P1114_22_2026_09_01,GLP1-047,UHC_WEGOVY_P1114_22_2026_09_01,hybrid,READY,READY,True,True,True,hard,retrieval_stress;long_context,2,1,1,1,6356,650,285,4883,287,5675,950,0.019212,0.012636,0.006576,0.000238,0.01945,0.012874,12614.1,6626.9,27.5,0.25,368.5,6230.7,5987.2,12715,10558,4883,16.964215,61.59654,True,1,False,,4,4
main_hybrid_t0.90,GLP1-048__AETNA_WEGOVY_4774C_2026_08_20,GLP1-048,AETNA_WEGOVY_4774C_2026_08_20,hybrid,READY,READY,True,True,True,hard,retrieval_stress;irrelevant_context,1,0,1,1,1275,262,80,0,0,6813,1995,0.00517,0,0.00517,0.000286,0.005456,0.000286,4427.3,195.6,50.9,1.34,143.4,0.0,4231.7,11546,6813,0,40.992552,100.0,False,0,False,,5,5
main_hybrid_t0.90,GLP1-048__BCBS_FEP_WEGOVY_2026_07_01,GLP1-048,BCBS_FEP_WEGOVY_2026_07_01,hybrid,READY,READY,True,True,True,hard,retrieval_stress;irrelevant_context,1,0,1,1,2114,339,88,0,0,6681,1203,0.007618,0,0.007618,0.000281,0.007899,0.000281,6020.7,194.1,54.8,0.57,138.7,0.0,5826.6,11546,6681,0,42.135805,100.0,False,0,False,,6,6
main_hybrid_t0.90,GLP1-048__UHC_WEGOVY_P1114_22_2026_09_01,GLP1-048,UHC_WEGOVY_P1114_22_2026_09_01,hybrid,READY,READY,True,True,True,hard,retrieval_stress;irrelevant_context,1,0,1,1,1198,256,56,0,0,4598,794,0.004956,0,0.004956,0.000193,0.005149,0.000193,4895.8,197.7,38.4,0.9,158.4,0.0,4698.1,11546,4598,0,60.176685,100.0,False,0,False,,4,4
main_hybrid_t0.90,GLP1-049__AETNA_WEGOVY_4774C_2026_08_20,GLP1-049,AETNA_WEGOVY_4774C_2026_08_20,hybrid,REVIEW_REQUIRED,REVIEW_REQUIRED,True,False,False,hard,contradiction;medication_reconciliation;temporality,1,1,0,1,4165,226,77,4165,226,6643,1997,0.01059,0.01059,0.0,0.000279,0.010869,0.010869,5441.2,5441.2,47.6,5.5,216.1,5172.0,0.0,8461,10808,4165,-27.739038,50.77414,True,1,True,,5,5
main_hybrid_t0.90,GLP1-049__BCBS_FEP_WEGOVY_2026_07_01,GLP1-049,BCBS_FEP_WEGOVY_2026_07_01,hybrid,READY,READY,True,True,True,hard,contradiction;medication_reconciliation;temporality,1,0,1,1,1666,361,102,0,0,6208,1201,0.006942,0,0.006942,0.000261,0.007203,0.000261,6578.6,232.8,47.4,0.63,184.8,0.0,6345.8,8461,6208,0,26.628058,100.0,False,0,False,,6,6
main_hybrid_t0.90,GLP1-049__UHC_WEGOVY_P1114_22_2026_09_01,GLP1-049,UHC_WEGOVY_P1114_22_2026_09_01,hybrid,READY,READY,True,True,True,hard,contradiction;medication_reconciliation;temporality,1,0,1,1,1035,320,111,0,0,4428,794,0.00527,0,0.00527,0.000186,0.005456,0.000186,5199.5,190.3,40.9,0.84,148.6,0.0,5009.2,8461,4428,0,47.665761,100.0,False,0,False,,4,4
main_hybrid_t0.90,GLP1-050__AETNA_WEGOVY_4774C_2026_08_20,GLP1-050,AETNA_WEGOVY_4774C_2026_08_20,hybrid,NOT_READY,NOT_READY,True,False,False,hard,ambiguity;medication_reconciliation;temporality,1,1,0,1,3914,424,150,3914,424,7907,2395,0.012068,0.012068,0.0,0.000332,0.0124,0.0124,8085.7,8085.7,46.9,0.9,142.3,7895.6,0.0,8434,11821,3914,-40.158881,53.592601,True,2,False,,4,5
main_hybrid_t0.90,GLP1-050__BCBS_FEP_WEGOVY_2026_07_01,GLP1-050,BCBS_FEP_WEGOVY_2026_07_01,hybrid,NOT_READY,NOT_READY,True,False,False,hard,ambiguity;medication_reconciliation;temporality,0,0,0,1,0,0,0,0,0,5682,1133,0,0,0,0.000239,0.000239,0.000239,173.8,173.8,44.2,0.62,129.0,0.0,0.0,8434,5682,0,32.629832,100.0,False,0,False,,6,6
main_hybrid_t0.90,GLP1-050__UHC_WEGOVY_P1114_22_2026_09_01,GLP1-050,UHC_WEGOVY_P1114_22_2026_09_01,hybrid,REVIEW_REQUIRED,READY,False,False,True,hard,ambiguity;medication_reconciliation;temporality,2,1,1,1,4593,475,125,3556,195,4455,798,0.013936,0.009062,0.004874,0.000187,0.014123,0.009249,9308.4,4487.5,27.8,0.25,112.3,4347.2,4820.9,8434,8011,3556,5.015414,57.837325,True,1,False,,3,4
