patient_id,policy_id,criterion_id,difficulty,truth_status,n_relevant,n_retrieved,n_hit,recall,precision,recall_supports,recall_contradicts,recall_ambiguous,hard_negatives_retrieved,critical_hit,retrieved_ids,missed
GLP1-001,AETNA_WEGOVY_4774C_2026_08_20,adjunct_diet_and_activity,easy_positive,PASS,5,6,5,1.0,0.8333333333333334,1.0,,,0,,DocumentReference/GLP1-001-NUTR-001;DocumentReference/GLP1-001-NUTR-002;DocumentReference/GLP1-001-OPH-001;DocumentReference/GLP1-001-PCP-001;DocumentReference/GLP1-001-PCP-002;DocumentReference/GLP1-001-PCP-003,
GLP1-001,AETNA_WEGOVY_4774C_2026_08_20,program_6_months,easy_positive,PASS,5,5,4,0.8,0.8,0.8,,,0,,DocumentReference/GLP1-001-NUTR-001;DocumentReference/GLP1-001-OPH-001;DocumentReference/GLP1-001-PCP-001;DocumentReference/GLP1-001-PCP-002;DocumentReference/GLP1-001-PCP-003,DocumentReference/GLP1-001-NUTR-002
GLP1-001,AETNA_WEGOVY_4774C_2026_08_20,comorbidity,easy_positive,,5,5,5,1.0,1.0,1.0,,,0,,DocumentReference/GLP1-001-APE-001;DocumentReference/GLP1-001-PCP-001;DocumentReference/GLP1-001-PCP-002;DocumentReference/GLP1-001-PCP-003;DocumentReference/GLP1-001-PHARM-001,
GLP1-001,BCBS_FEP_WEGOVY_2026_07_01,weight_management_program,easy_positive,PASS,5,4,4,0.8,1.0,0.8,,,0,,DocumentReference/GLP1-001-NUTR-001;DocumentReference/GLP1-001-NUTR-002;DocumentReference/GLP1-001-PCP-001;DocumentReference/GLP1-001-PCP-002,DocumentReference/GLP1-001-PCP-003
GLP1-001,BCBS_FEP_WEGOVY_2026_07_01,no_concurrent_glp1,easy_positive,PASS,0,3,0,,0.0,,,,0,,DocumentReference/GLP1-001-PCP-003;DocumentReference/GLP1-001-PHARM-001;DocumentReference/GLP1-001-UC-001,
GLP1-001,BCBS_FEP_WEGOVY_2026_07_01,no_concurrent_pa_weight_loss_med,easy_positive,PASS,0,3,0,,0.0,,,,0,,DocumentReference/GLP1-001-PCP-003;DocumentReference/GLP1-001-PHARM-001;DocumentReference/GLP1-001-UC-001,
GLP1-001,BCBS_FEP_WEGOVY_2026_07_01,comorbidity,easy_positive,,5,5,5,1.0,1.0,1.0,,,0,,DocumentReference/GLP1-001-APE-001;DocumentReference/GLP1-001-PCP-001;DocumentReference/GLP1-001-PCP-002;DocumentReference/GLP1-001-PCP-003;DocumentReference/GLP1-001-PHARM-001,
GLP1-001,UHC_WEGOVY_P1114_22_2026_09_01,lifestyle_adjunct,easy_positive,PASS,5,5,4,0.8,0.8,0.8,,,0,,DocumentReference/GLP1-001-NUTR-001;DocumentReference/GLP1-001-OPH-001;DocumentReference/GLP1-001-PCP-001;DocumentReference/GLP1-001-PCP-002;DocumentReference/GLP1-001-PCP-003,DocumentReference/GLP1-001-NUTR-002
GLP1-001,UHC_WEGOVY_P1114_22_2026_09_01,comorbidity,easy_positive,,5,5,5,1.0,1.0,1.0,,,0,,DocumentReference/GLP1-001-APE-001;DocumentReference/GLP1-001-PCP-001;DocumentReference/GLP1-001-PCP-002;DocumentReference/GLP1-001-PCP-003;DocumentReference/GLP1-001-PHARM-001,
GLP1-002,AETNA_WEGOVY_4774C_2026_08_20,adjunct_diet_and_activity,easy_positive,PASS,4,4,4,1.0,1.0,1.0,,,0,,DocumentReference/GLP1-002-NUTR-001;DocumentReference/GLP1-002-PCP-001;DocumentReference/GLP1-002-PCP-002;DocumentReference/GLP1-002-PCP-003,
GLP1-002,AETNA_WEGOVY_4774C_2026_08_20,program_6_months,easy_positive,PASS,4,4,4,1.0,1.0,1.0,,,0,,DocumentReference/GLP1-002-NUTR-001;DocumentReference/GLP1-002-PCP-001;DocumentReference/GLP1-002-PCP-002;DocumentReference/GLP1-002-PCP-003,
GLP1-002,AETNA_WEGOVY_4774C_2026_08_20,comorbidity,easy_positive,,3,4,3,1.0,0.75,1.0,,,0,,DocumentReference/GLP1-002-LAB-001;DocumentReference/GLP1-002-PCP-001;DocumentReference/GLP1-002-PCP-002;DocumentReference/GLP1-002-PCP-003,
GLP1-002,BCBS_FEP_WEGOVY_2026_07_01,weight_management_program,easy_positive,PASS,4,4,4,1.0,1.0,1.0,,,0,,DocumentReference/GLP1-002-NUTR-001;DocumentReference/GLP1-002-PCP-001;DocumentReference/GLP1-002-PCP-002;DocumentReference/GLP1-002-PCP-003,
GLP1-002,BCBS_FEP_WEGOVY_2026_07_01,no_concurrent_glp1,easy_positive,PASS,0,4,0,,0.0,,,,0,,DocumentReference/GLP1-002-MSG-001;DocumentReference/GLP1-002-NUTR-001;DocumentReference/GLP1-002-PCP-003;DocumentReference/GLP1-002-TEL-001,
GLP1-002,BCBS_FEP_WEGOVY_2026_07_01,no_concurrent_pa_weight_loss_med,easy_positive,PASS,0,4,0,,0.0,,,,0,,DocumentReference/GLP1-002-MSG-001;DocumentReference/GLP1-002-NUTR-001;DocumentReference/GLP1-002-PCP-003;DocumentReference/GLP1-002-TEL-001,
GLP1-002,BCBS_FEP_WEGOVY_2026_07_01,comorbidity,easy_positive,,3,4,3,1.0,0.75,1.0,,,0,,DocumentReference/GLP1-002-LAB-001;DocumentReference/GLP1-002-PCP-001;DocumentReference/GLP1-002-PCP-002;DocumentReference/GLP1-002-PCP-003,
GLP1-002,UHC_WEGOVY_P1114_22_2026_09_01,lifestyle_adjunct,easy_positive,PASS,4,4,4,1.0,1.0,1.0,,,0,,DocumentReference/GLP1-002-NUTR-001;DocumentReference/GLP1-002-PCP-001;DocumentReference/GLP1-002-PCP-002;DocumentReference/GLP1-002-PCP-003,
GLP1-002,UHC_WEGOVY_P1114_22_2026_09_01,comorbidity,easy_positive,,3,4,3,1.0,0.75,1.0,,,0,,DocumentReference/GLP1-002-LAB-001;DocumentReference/GLP1-002-PCP-001;DocumentReference/GLP1-002-PCP-002;DocumentReference/GLP1-002-PCP-003,
GLP1-003,AETNA_WEGOVY_4774C_2026_08_20,adjunct_diet_and_activity,easy_positive,PASS,5,6,5,1.0,0.8333333333333334,1.0,,,1,,DocumentReference/GLP1-003-NUTR-001;DocumentReference/GLP1-003-NUTR-002;DocumentReference/GLP1-003-PCP-001;DocumentReference/GLP1-003-PCP-002;DocumentReference/GLP1-003-PCP-003;DocumentReference/GLP1-003-TEL-002,
GLP1-003,AETNA_WEGOVY_4774C_2026_08_20,program_6_months,easy_positive,PASS,5,5,4,0.8,0.8,0.8,,,1,,DocumentReference/GLP1-003-NUTR-001;DocumentReference/GLP1-003-NUTR-002;DocumentReference/GLP1-003-PCP-001;DocumentReference/GLP1-003-PCP-003;DocumentReference/GLP1-003-TEL-002,DocumentReference/GLP1-003-PCP-002
GLP1-003,AETNA_WEGOVY_4774C_2026_08_20,comorbidity,easy_positive,,0,5,0,,0.0,,,,0,,DocumentReference/GLP1-003-APE-001;DocumentReference/GLP1-003-LAB-001;DocumentReference/GLP1-003-OSR-002;DocumentReference/GLP1-003-PCP-001;DocumentReference/GLP1-003-PCP-003,
GLP1-003,BCBS_FEP_WEGOVY_2026_07_01,weight_management_program,easy_positive,PASS,5,5,5,1.0,1.0,1.0,,,0,,DocumentReference/GLP1-003-NUTR-001;DocumentReference/GLP1-003-NUTR-002;DocumentReference/GLP1-003-PCP-001;DocumentReference/GLP1-003-PCP-002;DocumentReference/GLP1-003-PCP-003,
GLP1-003,BCBS_FEP_WEGOVY_2026_07_01,no_concurrent_glp1,easy_positive,PASS,0,4,0,,0.0,,,,0,,DocumentReference/GLP1-003-NUTR-001;DocumentReference/GLP1-003-NUTR-002;DocumentReference/GLP1-003-OSR-001;DocumentReference/GLP1-003-PCP-003,
GLP1-003,BCBS_FEP_WEGOVY_2026_07_01,no_concurrent_pa_weight_loss_med,easy_positive,PASS,0,4,0,,0.0,,,,0,,DocumentReference/GLP1-003-NUTR-001;DocumentReference/GLP1-003-NUTR-002;DocumentReference/GLP1-003-OSR-001;DocumentReference/GLP1-003-PCP-003,
GLP1-003,BCBS_FEP_WEGOVY_2026_07_01,comorbidity,easy_positive,,0,5,0,,0.0,,,,0,,DocumentReference/GLP1-003-APE-001;DocumentReference/GLP1-003-LAB-001;DocumentReference/GLP1-003-OSR-002;DocumentReference/GLP1-003-PCP-001;DocumentReference/GLP1-003-PCP-003,
GLP1-003,UHC_WEGOVY_P1114_22_2026_09_01,lifestyle_adjunct,easy_positive,PASS,5,5,4,0.8,0.8,0.8,,,1,,DocumentReference/GLP1-003-NUTR-001;DocumentReference/GLP1-003-NUTR-002;DocumentReference/GLP1-003-PCP-001;DocumentReference/GLP1-003-PCP-003;DocumentReference/GLP1-003-TEL-002,DocumentReference/GLP1-003-PCP-002
GLP1-003,UHC_WEGOVY_P1114_22_2026_09_01,comorbidity,easy_positive,,0,5,0,,0.0,,,,0,,DocumentReference/GLP1-003-APE-001;DocumentReference/GLP1-003-LAB-001;DocumentReference/GLP1-003-OSR-002;DocumentReference/GLP1-003-PCP-001;DocumentReference/GLP1-003-PCP-003,
GLP1-004,AETNA_WEGOVY_4774C_2026_08_20,adjunct_diet_and_activity,easy_positive,PASS,5,6,5,1.0,0.8333333333333334,1.0,,,0,,DocumentReference/GLP1-004-NUTR-001;DocumentReference/GLP1-004-NUTR-002;DocumentReference/GLP1-004-PCP-001;DocumentReference/GLP1-004-PCP-002;DocumentReference/GLP1-004-PCP-003;DocumentReference/GLP1-004-TEL-001,
GLP1-004,AETNA_WEGOVY_4774C_2026_08_20,program_6_months,easy_positive,PASS,5,6,5,1.0,0.8333333333333334,1.0,,,0,,DocumentReference/GLP1-004-NUTR-001;DocumentReference/GLP1-004-NUTR-002;DocumentReference/GLP1-004-PCP-001;DocumentReference/GLP1-004-PCP-002;DocumentReference/GLP1-004-PCP-003;DocumentReference/GLP1-004-TEL-001,
GLP1-004,AETNA_WEGOVY_4774C_2026_08_20,comorbidity,easy_positive,,8,4,4,0.5,1.0,0.5,,,0,,DocumentReference/GLP1-004-APE-001;DocumentReference/GLP1-004-PCP-001;DocumentReference/GLP1-004-PCP-003;DocumentReference/GLP1-004-UC-003,DocumentReference/GLP1-004-LAB-001;DocumentReference/GLP1-004-PCP-002;DocumentReference/GLP1-004-PHARM-001;DocumentReference/GLP1-004-UC-001
GLP1-004,BCBS_FEP_WEGOVY_2026_07_01,weight_management_program,easy_positive,PASS,5,5,5,1.0,1.0,1.0,,,0,,DocumentReference/GLP1-004-NUTR-001;DocumentReference/GLP1-004-NUTR-002;DocumentReference/GLP1-004-PCP-001;DocumentReference/GLP1-004-PCP-002;DocumentReference/GLP1-004-PCP-003,
GLP1-004,BCBS_FEP_WEGOVY_2026_07_01,no_concurrent_glp1,easy_positive,PASS,0,5,0,,0.0,,,,0,,DocumentReference/GLP1-004-NUTR-002;DocumentReference/GLP1-004-PCP-002;DocumentReference/GLP1-004-PCP-003;DocumentReference/GLP1-004-PHARM-001;DocumentReference/GLP1-004-TEL-001,
GLP1-004,BCBS_FEP_WEGOVY_2026_07_01,no_concurrent_pa_weight_loss_med,easy_positive,PASS,0,5,0,,0.0,,,,0,,DocumentReference/GLP1-004-NUTR-002;DocumentReference/GLP1-004-PCP-002;DocumentReference/GLP1-004-PCP-003;DocumentReference/GLP1-004-PHARM-001;DocumentReference/GLP1-004-TEL-001,
GLP1-004,BCBS_FEP_WEGOVY_2026_07_01,comorbidity,easy_positive,,8,4,4,0.5,1.0,0.5,,,0,,DocumentReference/GLP1-004-APE-001;DocumentReference/GLP1-004-PCP-001;DocumentReference/GLP1-004-PCP-003;DocumentReference/GLP1-004-UC-003,DocumentReference/GLP1-004-LAB-001;DocumentReference/GLP1-004-PCP-002;DocumentReference/GLP1-004-PHARM-001;DocumentReference/GLP1-004-UC-001
GLP1-004,UHC_WEGOVY_P1114_22_2026_09_01,lifestyle_adjunct,easy_positive,PASS,5,6,5,1.0,0.8333333333333334,1.0,,,0,,DocumentReference/GLP1-004-NUTR-001;DocumentReference/GLP1-004-NUTR-002;DocumentReference/GLP1-004-PCP-001;DocumentReference/GLP1-004-PCP-002;DocumentReference/GLP1-004-PCP-003;DocumentReference/GLP1-004-TEL-001,
GLP1-004,UHC_WEGOVY_P1114_22_2026_09_01,comorbidity,easy_positive,,8,4,4,0.5,1.0,0.5,,,0,,DocumentReference/GLP1-004-APE-001;DocumentReference/GLP1-004-PCP-001;DocumentReference/GLP1-004-PCP-003;DocumentReference/GLP1-004-UC-003,DocumentReference/GLP1-004-LAB-001;DocumentReference/GLP1-004-PCP-002;DocumentReference/GLP1-004-PHARM-001;DocumentReference/GLP1-004-UC-001
GLP1-005,AETNA_WEGOVY_4774C_2026_08_20,adjunct_diet_and_activity,easy_positive,PASS,5,5,5,1.0,1.0,1.0,,,0,,DocumentReference/GLP1-005-NUTR-001;DocumentReference/GLP1-005-NUTR-002;DocumentReference/GLP1-005-PCP-001;DocumentReference/GLP1-005-PCP-002;DocumentReference/GLP1-005-PCP-003,
GLP1-005,AETNA_WEGOVY_4774C_2026_08_20,program_6_months,easy_positive,PASS,5,4,4,0.8,1.0,0.8,,,0,,DocumentReference/GLP1-005-NUTR-001;DocumentReference/GLP1-005-NUTR-002;DocumentReference/GLP1-005-PCP-001;DocumentReference/GLP1-005-PCP-003,DocumentReference/GLP1-005-PCP-002
GLP1-005,AETNA_WEGOVY_4774C_2026_08_20,comorbidity,easy_positive,,5,4,4,0.8,1.0,0.8,,,0,,DocumentReference/GLP1-005-LAB-003;DocumentReference/GLP1-005-PCP-001;DocumentReference/GLP1-005-PCP-002;DocumentReference/GLP1-005-PCP-003,DocumentReference/GLP1-005-PHARM-001
GLP1-005,BCBS_FEP_WEGOVY_2026_07_01,weight_management_program,easy_positive,PASS,5,4,4,0.8,1.0,0.8,,,0,,DocumentReference/GLP1-005-NUTR-001;DocumentReference/GLP1-005-NUTR-002;DocumentReference/GLP1-005-PCP-001;DocumentReference/GLP1-005-PCP-003,DocumentReference/GLP1-005-PCP-002
GLP1-005,BCBS_FEP_WEGOVY_2026_07_01,no_concurrent_glp1,easy_positive,PASS,0,4,0,,0.0,,,,0,,DocumentReference/GLP1-005-LAB-003;DocumentReference/GLP1-005-NUTR-002;DocumentReference/GLP1-005-PCP-003;DocumentReference/GLP1-005-PHARM-001,
GLP1-005,BCBS_FEP_WEGOVY_2026_07_01,no_concurrent_pa_weight_loss_med,easy_positive,PASS,0,4,0,,0.0,,,,0,,DocumentReference/GLP1-005-LAB-003;DocumentReference/GLP1-005-NUTR-002;DocumentReference/GLP1-005-PCP-003;DocumentReference/GLP1-005-PHARM-001,
GLP1-005,BCBS_FEP_WEGOVY_2026_07_01,comorbidity,easy_positive,,5,4,4,0.8,1.0,0.8,,,0,,DocumentReference/GLP1-005-LAB-003;DocumentReference/GLP1-005-PCP-001;DocumentReference/GLP1-005-PCP-002;DocumentReference/GLP1-005-PCP-003,DocumentReference/GLP1-005-PHARM-001
GLP1-005,UHC_WEGOVY_P1114_22_2026_09_01,lifestyle_adjunct,easy_positive,PASS,5,4,4,0.8,1.0,0.8,,,0,,DocumentReference/GLP1-005-NUTR-001;DocumentReference/GLP1-005-NUTR-002;DocumentReference/GLP1-005-PCP-001;DocumentReference/GLP1-005-PCP-003,DocumentReference/GLP1-005-PCP-002
GLP1-005,UHC_WEGOVY_P1114_22_2026_09_01,comorbidity,easy_positive,,5,4,4,0.8,1.0,0.8,,,0,,DocumentReference/GLP1-005-LAB-003;DocumentReference/GLP1-005-PCP-001;DocumentReference/GLP1-005-PCP-002;DocumentReference/GLP1-005-PCP-003,DocumentReference/GLP1-005-PHARM-001
GLP1-006,AETNA_WEGOVY_4774C_2026_08_20,adjunct_diet_and_activity,easy_positive,PASS,6,4,4,0.6666666666666666,1.0,0.6666666666666666,,,0,,DocumentReference/GLP1-006-NUTR-001;DocumentReference/GLP1-006-NUTR-002;DocumentReference/GLP1-006-PCP-001;DocumentReference/GLP1-006-PCP-003,DocumentReference/GLP1-006-PCP-002;DocumentReference/GLP1-006-TEL-002
GLP1-006,AETNA_WEGOVY_4774C_2026_08_20,program_6_months,easy_positive,PASS,6,5,5,0.8333333333333334,1.0,0.8333333333333334,,,0,,DocumentReference/GLP1-006-NUTR-001;DocumentReference/GLP1-006-NUTR-002;DocumentReference/GLP1-006-PCP-001;DocumentReference/GLP1-006-PCP-003;DocumentReference/GLP1-006-TEL-002,DocumentReference/GLP1-006-PCP-002
GLP1-006,AETNA_WEGOVY_4774C_2026_08_20,comorbidity,easy_positive,,4,3,3,0.75,1.0,0.75,,,0,,DocumentReference/GLP1-006-PCP-001;DocumentReference/GLP1-006-PCP-002;DocumentReference/GLP1-006-PCP-003,DocumentReference/GLP1-006-TEL-003
GLP1-006,BCBS_FEP_WEGOVY_2026_07_01,weight_management_program,easy_positive,PASS,6,5,5,0.8333333333333334,1.0,0.8333333333333334,,,0,,DocumentReference/GLP1-006-NUTR-001;DocumentReference/GLP1-006-NUTR-002;DocumentReference/GLP1-006-PCP-001;DocumentReference/GLP1-006-PCP-003;DocumentReference/GLP1-006-TEL-002,DocumentReference/GLP1-006-PCP-002
GLP1-006,BCBS_FEP_WEGOVY_2026_07_01,no_concurrent_glp1,easy_positive,PASS,1,3,1,1.0,0.3333333333333333,1.0,,,0,,DocumentReference/GLP1-006-NUTR-002;DocumentReference/GLP1-006-PCP-001;DocumentReference/GLP1-006-PCP-003,
GLP1-006,BCBS_FEP_WEGOVY_2026_07_01,no_concurrent_pa_weight_loss_med,easy_positive,PASS,1,3,1,1.0,0.3333333333333333,1.0,,,0,,DocumentReference/GLP1-006-NUTR-002;DocumentReference/GLP1-006-PCP-001;DocumentReference/GLP1-006-PCP-003,
GLP1-006,BCBS_FEP_WEGOVY_2026_07_01,comorbidity,easy_positive,,4,3,3,0.75,1.0,0.75,,,0,,DocumentReference/GLP1-006-PCP-001;DocumentReference/GLP1-006-PCP-002;DocumentReference/GLP1-006-PCP-003,DocumentReference/GLP1-006-TEL-003
GLP1-006,UHC_WEGOVY_P1114_22_2026_09_01,lifestyle_adjunct,easy_positive,PASS,6,5,5,0.8333333333333334,1.0,0.8333333333333334,,,0,,DocumentReference/GLP1-006-NUTR-001;DocumentReference/GLP1-006-NUTR-002;DocumentReference/GLP1-006-PCP-001;DocumentReference/GLP1-006-PCP-003;DocumentReference/GLP1-006-TEL-002,DocumentReference/GLP1-006-PCP-002
GLP1-006,UHC_WEGOVY_P1114_22_2026_09_01,comorbidity,easy_positive,,4,3,3,0.75,1.0,0.75,,,0,,DocumentReference/GLP1-006-PCP-001;DocumentReference/GLP1-006-PCP-002;DocumentReference/GLP1-006-PCP-003,DocumentReference/GLP1-006-TEL-003
GLP1-007,AETNA_WEGOVY_4774C_2026_08_20,adjunct_diet_and_activity,easy_positive,PASS,4,4,4,1.0,1.0,1.0,,,0,,DocumentReference/GLP1-007-NUTR-001;DocumentReference/GLP1-007-PCP-001;DocumentReference/GLP1-007-PCP-002;DocumentReference/GLP1-007-PCP-003,
GLP1-007,AETNA_WEGOVY_4774C_2026_08_20,program_6_months,easy_positive,PASS,4,4,4,1.0,1.0,1.0,,,0,,DocumentReference/GLP1-007-NUTR-001;DocumentReference/GLP1-007-PCP-001;DocumentReference/GLP1-007-PCP-002;DocumentReference/GLP1-007-PCP-003,
GLP1-007,AETNA_WEGOVY_4774C_2026_08_20,comorbidity,easy_positive,,0,3,0,,0.0,,,,0,,DocumentReference/GLP1-007-PCP-001;DocumentReference/GLP1-007-PCP-002;DocumentReference/GLP1-007-PCP-003,
GLP1-007,BCBS_FEP_WEGOVY_2026_07_01,weight_management_program,easy_positive,PASS,4,4,4,1.0,1.0,1.0,,,0,,DocumentReference/GLP1-007-NUTR-001;DocumentReference/GLP1-007-PCP-001;DocumentReference/GLP1-007-PCP-002;DocumentReference/GLP1-007-PCP-003,
GLP1-007,BCBS_FEP_WEGOVY_2026_07_01,no_concurrent_glp1,easy_positive,PASS,0,4,0,,0.0,,,,0,,DocumentReference/GLP1-007-IMM-001;DocumentReference/GLP1-007-OSR-001;DocumentReference/GLP1-007-PCP-003;DocumentReference/GLP1-007-PHARM-001,
GLP1-007,BCBS_FEP_WEGOVY_2026_07_01,no_concurrent_pa_weight_loss_med,easy_positive,PASS,0,4,0,,0.0,,,,0,,DocumentReference/GLP1-007-IMM-001;DocumentReference/GLP1-007-OSR-001;DocumentReference/GLP1-007-PCP-003;DocumentReference/GLP1-007-PHARM-001,
GLP1-007,BCBS_FEP_WEGOVY_2026_07_01,comorbidity,easy_positive,,0,3,0,,0.0,,,,0,,DocumentReference/GLP1-007-PCP-001;DocumentReference/GLP1-007-PCP-002;DocumentReference/GLP1-007-PCP-003,
GLP1-007,UHC_WEGOVY_P1114_22_2026_09_01,lifestyle_adjunct,easy_positive,PASS,4,4,4,1.0,1.0,1.0,,,0,,DocumentReference/GLP1-007-NUTR-001;DocumentReference/GLP1-007-PCP-001;DocumentReference/GLP1-007-PCP-002;DocumentReference/GLP1-007-PCP-003,
GLP1-007,UHC_WEGOVY_P1114_22_2026_09_01,comorbidity,easy_positive,,0,3,0,,0.0,,,,0,,DocumentReference/GLP1-007-PCP-001;DocumentReference/GLP1-007-PCP-002;DocumentReference/GLP1-007-PCP-003,
GLP1-008,AETNA_WEGOVY_4774C_2026_08_20,adjunct_diet_and_activity,easy_positive,PASS,4,4,4,1.0,1.0,1.0,,,0,,DocumentReference/GLP1-008-NUTR-001;DocumentReference/GLP1-008-PCP-001;DocumentReference/GLP1-008-PCP-002;DocumentReference/GLP1-008-PCP-003,
GLP1-008,AETNA_WEGOVY_4774C_2026_08_20,program_6_months,easy_positive,PASS,4,4,4,1.0,1.0,1.0,,,0,,DocumentReference/GLP1-008-NUTR-001;DocumentReference/GLP1-008-PCP-001;DocumentReference/GLP1-008-PCP-002;DocumentReference/GLP1-008-PCP-003,
GLP1-008,AETNA_WEGOVY_4774C_2026_08_20,comorbidity,easy_positive,,4,3,3,0.75,1.0,0.75,,,0,,DocumentReference/GLP1-008-PCP-001;DocumentReference/GLP1-008-PCP-002;DocumentReference/GLP1-008-PCP-003,DocumentReference/GLP1-008-NUTR-001
GLP1-008,BCBS_FEP_WEGOVY_2026_07_01,weight_management_program,easy_positive,PASS,4,4,4,1.0,1.0,1.0,,,0,,DocumentReference/GLP1-008-NUTR-001;DocumentReference/GLP1-008-PCP-001;DocumentReference/GLP1-008-PCP-002;DocumentReference/GLP1-008-PCP-003,
GLP1-008,BCBS_FEP_WEGOVY_2026_07_01,no_concurrent_glp1,easy_positive,PASS,0,4,0,,0.0,,,,0,,DocumentReference/GLP1-008-PCP-001;DocumentReference/GLP1-008-PCP-003;DocumentReference/GLP1-008-TEL-001;DocumentReference/GLP1-008-UC-001,
GLP1-008,BCBS_FEP_WEGOVY_2026_07_01,no_concurrent_pa_weight_loss_med,easy_positive,PASS,0,4,0,,0.0,,,,0,,DocumentReference/GLP1-008-PCP-001;DocumentReference/GLP1-008-PCP-003;DocumentReference/GLP1-008-TEL-001;DocumentReference/GLP1-008-UC-001,
GLP1-008,BCBS_FEP_WEGOVY_2026_07_01,comorbidity,easy_positive,,4,3,3,0.75,1.0,0.75,,,0,,DocumentReference/GLP1-008-PCP-001;DocumentReference/GLP1-008-PCP-002;DocumentReference/GLP1-008-PCP-003,DocumentReference/GLP1-008-NUTR-001
GLP1-008,UHC_WEGOVY_P1114_22_2026_09_01,lifestyle_adjunct,easy_positive,PASS,4,4,4,1.0,1.0,1.0,,,0,,DocumentReference/GLP1-008-NUTR-001;DocumentReference/GLP1-008-PCP-001;DocumentReference/GLP1-008-PCP-002;DocumentReference/GLP1-008-PCP-003,
GLP1-008,UHC_WEGOVY_P1114_22_2026_09_01,comorbidity,easy_positive,,4,3,3,0.75,1.0,0.75,,,0,,DocumentReference/GLP1-008-PCP-001;DocumentReference/GLP1-008-PCP-002;DocumentReference/GLP1-008-PCP-003,DocumentReference/GLP1-008-NUTR-001
GLP1-009,AETNA_WEGOVY_4774C_2026_08_20,adjunct_diet_and_activity,easy_positive,PASS,5,5,4,0.8,0.8,0.8,,,1,,DocumentReference/GLP1-009-LAB-001;DocumentReference/GLP1-009-NUTR-001;DocumentReference/GLP1-009-NUTR-002;DocumentReference/GLP1-009-PCP-001;DocumentReference/GLP1-009-PCP-003,DocumentReference/GLP1-009-PCP-002
GLP1-009,AETNA_WEGOVY_4774C_2026_08_20,program_6_months,easy_positive,PASS,5,5,4,0.8,0.8,0.8,,,1,,DocumentReference/GLP1-009-LAB-001;DocumentReference/GLP1-009-NUTR-001;DocumentReference/GLP1-009-NUTR-002;DocumentReference/GLP1-009-PCP-001;DocumentReference/GLP1-009-PCP-003,DocumentReference/GLP1-009-PCP-002
GLP1-009,AETNA_WEGOVY_4774C_2026_08_20,comorbidity,easy_positive,,0,5,0,,0.0,,,,0,,DocumentReference/GLP1-009-OSR-001;DocumentReference/GLP1-009-PCP-001;DocumentReference/GLP1-009-PCP-002;DocumentReference/GLP1-009-PCP-003;DocumentReference/GLP1-009-PHARM-001,
GLP1-009,BCBS_FEP_WEGOVY_2026_07_01,weight_management_program,easy_positive,PASS,5,4,4,0.8,1.0,0.8,,,0,,DocumentReference/GLP1-009-NUTR-001;DocumentReference/GLP1-009-NUTR-002;DocumentReference/GLP1-009-PCP-001;DocumentReference/GLP1-009-PCP-003,DocumentReference/GLP1-009-PCP-002
GLP1-009,BCBS_FEP_WEGOVY_2026_07_01,no_concurrent_glp1,easy_positive,PASS,0,4,0,,0.0,,,,0,,DocumentReference/GLP1-009-LAB-001;DocumentReference/GLP1-009-OSR-002;DocumentReference/GLP1-009-PCP-003;DocumentReference/GLP1-009-PHARM-001,
GLP1-009,BCBS_FEP_WEGOVY_2026_07_01,no_concurrent_pa_weight_loss_med,easy_positive,PASS,0,4,0,,0.0,,,,0,,DocumentReference/GLP1-009-LAB-001;DocumentReference/GLP1-009-OSR-002;DocumentReference/GLP1-009-PCP-003;DocumentReference/GLP1-009-PHARM-001,
GLP1-009,BCBS_FEP_WEGOVY_2026_07_01,comorbidity,easy_positive,,0,5,0,,0.0,,,,0,,DocumentReference/GLP1-009-OSR-001;DocumentReference/GLP1-009-PCP-001;DocumentReference/GLP1-009-PCP-002;DocumentReference/GLP1-009-PCP-003;DocumentReference/GLP1-009-PHARM-001,
GLP1-009,UHC_WEGOVY_P1114_22_2026_09_01,lifestyle_adjunct,easy_positive,PASS,5,5,4,0.8,0.8,0.8,,,1,,DocumentReference/GLP1-009-LAB-001;DocumentReference/GLP1-009-NUTR-001;DocumentReference/GLP1-009-NUTR-002;DocumentReference/GLP1-009-PCP-001;DocumentReference/GLP1-009-PCP-003,DocumentReference/GLP1-009-PCP-002
GLP1-009,UHC_WEGOVY_P1114_22_2026_09_01,comorbidity,easy_positive,,0,5,0,,0.0,,,,0,,DocumentReference/GLP1-009-OSR-001;DocumentReference/GLP1-009-PCP-001;DocumentReference/GLP1-009-PCP-002;DocumentReference/GLP1-009-PCP-003;DocumentReference/GLP1-009-PHARM-001,
GLP1-010,AETNA_WEGOVY_4774C_2026_08_20,adjunct_diet_and_activity,easy_positive,PASS,6,4,4,0.6666666666666666,1.0,0.6666666666666666,,,0,,DocumentReference/GLP1-010-NUTR-001;DocumentReference/GLP1-010-NUTR-002;DocumentReference/GLP1-010-PCP-001;DocumentReference/GLP1-010-PCP-003,DocumentReference/GLP1-010-PCP-002;DocumentReference/GLP1-010-TEL-001
GLP1-010,AETNA_WEGOVY_4774C_2026_08_20,program_6_months,easy_positive,PASS,6,4,4,0.6666666666666666,1.0,0.6666666666666666,,,0,,DocumentReference/GLP1-010-NUTR-001;DocumentReference/GLP1-010-NUTR-002;DocumentReference/GLP1-010-PCP-001;DocumentReference/GLP1-010-PCP-003,DocumentReference/GLP1-010-PCP-002;DocumentReference/GLP1-010-TEL-001
GLP1-010,AETNA_WEGOVY_4774C_2026_08_20,comorbidity,easy_positive,,5,4,4,0.8,1.0,0.8,,,0,,DocumentReference/GLP1-010-APE-001;DocumentReference/GLP1-010-PCP-001;DocumentReference/GLP1-010-PCP-002;DocumentReference/GLP1-010-PCP-003,DocumentReference/GLP1-010-LAB-001
GLP1-010,BCBS_FEP_WEGOVY_2026_07_01,weight_management_program,easy_positive,PASS,6,4,4,0.6666666666666666,1.0,0.6666666666666666,,,0,,DocumentReference/GLP1-010-NUTR-001;DocumentReference/GLP1-010-NUTR-002;DocumentReference/GLP1-010-PCP-001;DocumentReference/GLP1-010-PCP-003,DocumentReference/GLP1-010-PCP-002;DocumentReference/GLP1-010-TEL-001
GLP1-010,BCBS_FEP_WEGOVY_2026_07_01,no_concurrent_glp1,easy_positive,PASS,0,3,0,,0.0,,,,0,,DocumentReference/GLP1-010-NUTR-002;DocumentReference/GLP1-010-PCP-001;DocumentReference/GLP1-010-PCP-003,
GLP1-010,BCBS_FEP_WEGOVY_2026_07_01,no_concurrent_pa_weight_loss_med,easy_positive,PASS,0,3,0,,0.0,,,,0,,DocumentReference/GLP1-010-NUTR-002;DocumentReference/GLP1-010-PCP-001;DocumentReference/GLP1-010-PCP-003,
GLP1-010,BCBS_FEP_WEGOVY_2026_07_01,comorbidity,easy_positive,,5,4,4,0.8,1.0,0.8,,,0,,DocumentReference/GLP1-010-APE-001;DocumentReference/GLP1-010-PCP-001;DocumentReference/GLP1-010-PCP-002;DocumentReference/GLP1-010-PCP-003,DocumentReference/GLP1-010-LAB-001
GLP1-010,UHC_WEGOVY_P1114_22_2026_09_01,lifestyle_adjunct,easy_positive,PASS,6,4,4,0.6666666666666666,1.0,0.6666666666666666,,,0,,DocumentReference/GLP1-010-NUTR-001;DocumentReference/GLP1-010-NUTR-002;DocumentReference/GLP1-010-PCP-001;DocumentReference/GLP1-010-PCP-003,DocumentReference/GLP1-010-PCP-002;DocumentReference/GLP1-010-TEL-001
GLP1-010,UHC_WEGOVY_P1114_22_2026_09_01,comorbidity,easy_positive,,5,4,4,0.8,1.0,0.8,,,0,,DocumentReference/GLP1-010-APE-001;DocumentReference/GLP1-010-PCP-001;DocumentReference/GLP1-010-PCP-002;DocumentReference/GLP1-010-PCP-003,DocumentReference/GLP1-010-LAB-001
GLP1-011,AETNA_WEGOVY_4774C_2026_08_20,adjunct_diet_and_activity,easy_negative,PASS,5,4,4,0.8,1.0,0.8,,,0,,DocumentReference/GLP1-011-NUTR-001;DocumentReference/GLP1-011-NUTR-002;DocumentReference/GLP1-011-PCP-001;DocumentReference/GLP1-011-PCP-003,DocumentReference/GLP1-011-PCP-002
GLP1-011,AETNA_WEGOVY_4774C_2026_08_20,program_6_months,easy_negative,PASS,5,5,5,1.0,1.0,1.0,,,0,,DocumentReference/GLP1-011-NUTR-001;DocumentReference/GLP1-011-NUTR-002;DocumentReference/GLP1-011-PCP-001;DocumentReference/GLP1-011-PCP-002;DocumentReference/GLP1-011-PCP-003,
GLP1-011,AETNA_WEGOVY_4774C_2026_08_20,comorbidity,easy_negative,,0,4,0,,0.0,,,,0,,DocumentReference/GLP1-011-OSR-001;DocumentReference/GLP1-011-PCP-001;DocumentReference/GLP1-011-PCP-002;DocumentReference/GLP1-011-PCP-003,
GLP1-011,BCBS_FEP_WEGOVY_2026_07_01,weight_management_program,easy_negative,PASS,5,5,5,1.0,1.0,1.0,,,0,,DocumentReference/GLP1-011-NUTR-001;DocumentReference/GLP1-011-NUTR-002;DocumentReference/GLP1-011-PCP-001;DocumentReference/GLP1-011-PCP-002;DocumentReference/GLP1-011-PCP-003,
GLP1-011,BCBS_FEP_WEGOVY_2026_07_01,no_concurrent_glp1,easy_negative,PASS,0,3,0,,0.0,,,,0,,DocumentReference/GLP1-011-MSG-001;DocumentReference/GLP1-011-NUTR-002;DocumentReference/GLP1-011-PCP-003,
GLP1-011,BCBS_FEP_WEGOVY_2026_07_01,no_concurrent_pa_weight_loss_med,easy_negative,PASS,0,3,0,,0.0,,,,0,,DocumentReference/GLP1-011-MSG-001;DocumentReference/GLP1-011-NUTR-002;DocumentReference/GLP1-011-PCP-003,
GLP1-011,BCBS_FEP_WEGOVY_2026_07_01,comorbidity,easy_negative,,0,4,0,,0.0,,,,0,,DocumentReference/GLP1-011-OSR-001;DocumentReference/GLP1-011-PCP-001;DocumentReference/GLP1-011-PCP-002;DocumentReference/GLP1-011-PCP-003,
GLP1-011,UHC_WEGOVY_P1114_22_2026_09_01,lifestyle_adjunct,easy_negative,PASS,5,5,5,1.0,1.0,1.0,,,0,,DocumentReference/GLP1-011-NUTR-001;DocumentReference/GLP1-011-NUTR-002;DocumentReference/GLP1-011-PCP-001;DocumentReference/GLP1-011-PCP-002;DocumentReference/GLP1-011-PCP-003,
GLP1-011,UHC_WEGOVY_P1114_22_2026_09_01,comorbidity,easy_negative,,0,4,0,,0.0,,,,0,,DocumentReference/GLP1-011-OSR-001;DocumentReference/GLP1-011-PCP-001;DocumentReference/GLP1-011-PCP-002;DocumentReference/GLP1-011-PCP-003,
GLP1-012,AETNA_WEGOVY_4774C_2026_08_20,adjunct_diet_and_activity,easy_negative,PASS,5,4,4,0.8,1.0,0.8,,,0,,DocumentReference/GLP1-012-NUTR-001;DocumentReference/GLP1-012-NUTR-002;DocumentReference/GLP1-012-PCP-001;DocumentReference/GLP1-012-PCP-003,DocumentReference/GLP1-012-PCP-002
GLP1-012,AETNA_WEGOVY_4774C_2026_08_20,program_6_months,easy_negative,PASS,5,4,4,0.8,1.0,0.8,,,0,,DocumentReference/GLP1-012-NUTR-001;DocumentReference/GLP1-012-NUTR-002;DocumentReference/GLP1-012-PCP-001;DocumentReference/GLP1-012-PCP-003,DocumentReference/GLP1-012-PCP-002
GLP1-012,AETNA_WEGOVY_4774C_2026_08_20,comorbidity,easy_negative,,6,4,3,0.5,0.75,0.5,,,0,,DocumentReference/GLP1-012-OSR-002;DocumentReference/GLP1-012-PCP-001;DocumentReference/GLP1-012-PCP-002;DocumentReference/GLP1-012-PCP-003,DocumentReference/GLP1-012-LAB-001;DocumentReference/GLP1-012-NUTR-001;DocumentReference/GLP1-012-OSR-001
GLP1-012,BCBS_FEP_WEGOVY_2026_07_01,weight_management_program,easy_negative,PASS,5,5,5,1.0,1.0,1.0,,,0,,DocumentReference/GLP1-012-NUTR-001;DocumentReference/GLP1-012-NUTR-002;DocumentReference/GLP1-012-PCP-001;DocumentReference/GLP1-012-PCP-002;DocumentReference/GLP1-012-PCP-003,
GLP1-012,BCBS_FEP_WEGOVY_2026_07_01,no_concurrent_glp1,easy_negative,PASS,0,3,0,,0.0,,,,0,,DocumentReference/GLP1-012-NUTR-002;DocumentReference/GLP1-012-OSR-001;DocumentReference/GLP1-012-PCP-003,
GLP1-012,BCBS_FEP_WEGOVY_2026_07_01,no_concurrent_pa_weight_loss_med,easy_negative,PASS,0,3,0,,0.0,,,,0,,DocumentReference/GLP1-012-NUTR-002;DocumentReference/GLP1-012-OSR-001;DocumentReference/GLP1-012-PCP-003,
GLP1-012,BCBS_FEP_WEGOVY_2026_07_01,comorbidity,easy_negative,,6,4,3,0.5,0.75,0.5,,,0,,DocumentReference/GLP1-012-OSR-002;DocumentReference/GLP1-012-PCP-001;DocumentReference/GLP1-012-PCP-002;DocumentReference/GLP1-012-PCP-003,DocumentReference/GLP1-012-LAB-001;DocumentReference/GLP1-012-NUTR-001;DocumentReference/GLP1-012-OSR-001
GLP1-012,UHC_WEGOVY_P1114_22_2026_09_01,lifestyle_adjunct,easy_negative,PASS,5,5,4,0.8,0.8,0.8,,,0,,DocumentReference/GLP1-012-NUTR-001;DocumentReference/GLP1-012-NUTR-002;DocumentReference/GLP1-012-OSR-001;DocumentReference/GLP1-012-PCP-001;DocumentReference/GLP1-012-PCP-003,DocumentReference/GLP1-012-PCP-002
GLP1-012,UHC_WEGOVY_P1114_22_2026_09_01,comorbidity,easy_negative,,6,4,3,0.5,0.75,0.5,,,0,,DocumentReference/GLP1-012-OSR-002;DocumentReference/GLP1-012-PCP-001;DocumentReference/GLP1-012-PCP-002;DocumentReference/GLP1-012-PCP-003,DocumentReference/GLP1-012-LAB-001;DocumentReference/GLP1-012-NUTR-001;DocumentReference/GLP1-012-OSR-001
GLP1-013,AETNA_WEGOVY_4774C_2026_08_20,adjunct_diet_and_activity,easy_negative,PASS,5,6,5,1.0,0.8333333333333334,1.0,,,0,,DocumentReference/GLP1-013-LAB-001;DocumentReference/GLP1-013-NUTR-001;DocumentReference/GLP1-013-NUTR-002;DocumentReference/GLP1-013-PCP-001;DocumentReference/GLP1-013-PCP-002;DocumentReference/GLP1-013-PCP-003,
GLP1-013,AETNA_WEGOVY_4774C_2026_08_20,program_6_months,easy_negative,PASS,5,5,5,1.0,1.0,1.0,,,0,,DocumentReference/GLP1-013-NUTR-001;DocumentReference/GLP1-013-NUTR-002;DocumentReference/GLP1-013-PCP-001;DocumentReference/GLP1-013-PCP-002;DocumentReference/GLP1-013-PCP-003,
GLP1-013,AETNA_WEGOVY_4774C_2026_08_20,comorbidity,easy_negative,,0,3,0,,0.0,,,,0,,DocumentReference/GLP1-013-PCP-001;DocumentReference/GLP1-013-PCP-002;DocumentReference/GLP1-013-PCP-003,
GLP1-013,BCBS_FEP_WEGOVY_2026_07_01,weight_management_program,easy_negative,PASS,5,5,5,1.0,1.0,1.0,,,0,,DocumentReference/GLP1-013-NUTR-001;DocumentReference/GLP1-013-NUTR-002;DocumentReference/GLP1-013-PCP-001;DocumentReference/GLP1-013-PCP-002;DocumentReference/GLP1-013-PCP-003,
GLP1-013,BCBS_FEP_WEGOVY_2026_07_01,no_concurrent_glp1,easy_negative,PASS,0,3,0,,0.0,,,,0,,DocumentReference/GLP1-013-MSG-002;DocumentReference/GLP1-013-NUTR-002;DocumentReference/GLP1-013-PCP-003,
GLP1-013,BCBS_FEP_WEGOVY_2026_07_01,no_concurrent_pa_weight_loss_med,easy_negative,PASS,0,3,0,,0.0,,,,0,,DocumentReference/GLP1-013-MSG-002;DocumentReference/GLP1-013-NUTR-002;DocumentReference/GLP1-013-PCP-003,
GLP1-013,BCBS_FEP_WEGOVY_2026_07_01,comorbidity,easy_negative,,0,3,0,,0.0,,,,0,,DocumentReference/GLP1-013-PCP-001;DocumentReference/GLP1-013-PCP-002;DocumentReference/GLP1-013-PCP-003,
GLP1-013,UHC_WEGOVY_P1114_22_2026_09_01,lifestyle_adjunct,easy_negative,PASS,5,5,5,1.0,1.0,1.0,,,0,,DocumentReference/GLP1-013-NUTR-001;DocumentReference/GLP1-013-NUTR-002;DocumentReference/GLP1-013-PCP-001;DocumentReference/GLP1-013-PCP-002;DocumentReference/GLP1-013-PCP-003,
GLP1-013,UHC_WEGOVY_P1114_22_2026_09_01,comorbidity,easy_negative,,0,3,0,,0.0,,,,0,,DocumentReference/GLP1-013-PCP-001;DocumentReference/GLP1-013-PCP-002;DocumentReference/GLP1-013-PCP-003,
GLP1-014,AETNA_WEGOVY_4774C_2026_08_20,adjunct_diet_and_activity,easy_negative,PASS,6,4,4,0.6666666666666666,1.0,0.6666666666666666,,,0,,DocumentReference/GLP1-014-NUTR-001;DocumentReference/GLP1-014-NUTR-002;DocumentReference/GLP1-014-PCP-001;DocumentReference/GLP1-014-PCP-003,DocumentReference/GLP1-014-PCP-002;DocumentReference/GLP1-014-TEL-001
GLP1-014,AETNA_WEGOVY_4774C_2026_08_20,program_6_months,easy_negative,PASS,6,5,5,0.8333333333333334,1.0,0.8333333333333334,,,0,,DocumentReference/GLP1-014-NUTR-001;DocumentReference/GLP1-014-NUTR-002;DocumentReference/GLP1-014-PCP-001;DocumentReference/GLP1-014-PCP-003;DocumentReference/GLP1-014-TEL-001,DocumentReference/GLP1-014-PCP-002
GLP1-014,AETNA_WEGOVY_4774C_2026_08_20,comorbidity,easy_negative,,0,5,0,,0.0,,,,0,,DocumentReference/GLP1-014-PCP-001;DocumentReference/GLP1-014-PCP-002;DocumentReference/GLP1-014-PCP-003;DocumentReference/GLP1-014-UC-001;DocumentReference/GLP1-014-UC-002,
GLP1-014,BCBS_FEP_WEGOVY_2026_07_01,weight_management_program,easy_negative,PASS,6,5,5,0.8333333333333334,1.0,0.8333333333333334,,,0,,DocumentReference/GLP1-014-NUTR-001;DocumentReference/GLP1-014-NUTR-002;DocumentReference/GLP1-014-PCP-001;DocumentReference/GLP1-014-PCP-003;DocumentReference/GLP1-014-TEL-001,DocumentReference/GLP1-014-PCP-002
GLP1-014,BCBS_FEP_WEGOVY_2026_07_01,no_concurrent_glp1,easy_negative,PASS,0,3,0,,0.0,,,,0,,DocumentReference/GLP1-014-NUTR-002;DocumentReference/GLP1-014-PCP-001;DocumentReference/GLP1-014-PCP-003,
GLP1-014,BCBS_FEP_WEGOVY_2026_07_01,no_concurrent_pa_weight_loss_med,easy_negative,PASS,0,3,0,,0.0,,,,0,,DocumentReference/GLP1-014-NUTR-002;DocumentReference/GLP1-014-PCP-001;DocumentReference/GLP1-014-PCP-003,
GLP1-014,BCBS_FEP_WEGOVY_2026_07_01,comorbidity,easy_negative,,0,5,0,,0.0,,,,0,,DocumentReference/GLP1-014-PCP-001;DocumentReference/GLP1-014-PCP-002;DocumentReference/GLP1-014-PCP-003;DocumentReference/GLP1-014-UC-001;DocumentReference/GLP1-014-UC-002,
GLP1-014,UHC_WEGOVY_P1114_22_2026_09_01,lifestyle_adjunct,easy_negative,PASS,6,5,5,0.8333333333333334,1.0,0.8333333333333334,,,0,,DocumentReference/GLP1-014-NUTR-001;DocumentReference/GLP1-014-NUTR-002;DocumentReference/GLP1-014-PCP-001;DocumentReference/GLP1-014-PCP-003;DocumentReference/GLP1-014-TEL-001,DocumentReference/GLP1-014-PCP-002
GLP1-014,UHC_WEGOVY_P1114_22_2026_09_01,comorbidity,easy_negative,,0,5,0,,0.0,,,,0,,DocumentReference/GLP1-014-PCP-001;DocumentReference/GLP1-014-PCP-002;DocumentReference/GLP1-014-PCP-003;DocumentReference/GLP1-014-UC-001;DocumentReference/GLP1-014-UC-002,
GLP1-015,AETNA_WEGOVY_4774C_2026_08_20,adjunct_diet_and_activity,easy_negative,PASS,5,6,5,1.0,0.8333333333333334,1.0,,,1,,DocumentReference/GLP1-015-NUTR-001;DocumentReference/GLP1-015-NUTR-002;DocumentReference/GLP1-015-PCP-001;DocumentReference/GLP1-015-PCP-002;DocumentReference/GLP1-015-PCP-003;DocumentReference/GLP1-015-PT-001,
GLP1-015,AETNA_WEGOVY_4774C_2026_08_20,program_6_months,easy_negative,PASS,5,6,5,1.0,0.8333333333333334,1.0,,,1,,DocumentReference/GLP1-015-NUTR-001;DocumentReference/GLP1-015-NUTR-002;DocumentReference/GLP1-015-PCP-001;DocumentReference/GLP1-015-PCP-002;DocumentReference/GLP1-015-PCP-003;DocumentReference/GLP1-015-PT-001,
GLP1-015,AETNA_WEGOVY_4774C_2026_08_20,comorbidity,easy_negative,,3,3,3,1.0,1.0,1.0,,,0,,DocumentReference/GLP1-015-PCP-001;DocumentReference/GLP1-015-PCP-002;DocumentReference/GLP1-015-PCP-003,
GLP1-015,BCBS_FEP_WEGOVY_2026_07_01,weight_management_program,easy_negative,PASS,5,5,4,0.8,0.8,0.8,,,1,,DocumentReference/GLP1-015-NUTR-001;DocumentReference/GLP1-015-NUTR-002;DocumentReference/GLP1-015-PCP-001;DocumentReference/GLP1-015-PCP-003;DocumentReference/GLP1-015-PT-001,DocumentReference/GLP1-015-PCP-002
GLP1-015,BCBS_FEP_WEGOVY_2026_07_01,no_concurrent_glp1,easy_negative,PASS,0,2,0,,0.0,,,,0,,DocumentReference/GLP1-015-NUTR-002;DocumentReference/GLP1-015-PCP-003,
GLP1-015,BCBS_FEP_WEGOVY_2026_07_01,no_concurrent_pa_weight_loss_med,easy_negative,PASS,0,2,0,,0.0,,,,0,,DocumentReference/GLP1-015-NUTR-002;DocumentReference/GLP1-015-PCP-003,
GLP1-015,BCBS_FEP_WEGOVY_2026_07_01,comorbidity,easy_negative,,3,3,3,1.0,1.0,1.0,,,0,,DocumentReference/GLP1-015-PCP-001;DocumentReference/GLP1-015-PCP-002;DocumentReference/GLP1-015-PCP-003,
GLP1-015,UHC_WEGOVY_P1114_22_2026_09_01,lifestyle_adjunct,easy_negative,PASS,5,6,5,1.0,0.8333333333333334,1.0,,,1,,DocumentReference/GLP1-015-NUTR-001;DocumentReference/GLP1-015-NUTR-002;DocumentReference/GLP1-015-PCP-001;DocumentReference/GLP1-015-PCP-002;DocumentReference/GLP1-015-PCP-003;DocumentReference/GLP1-015-PT-001,
GLP1-015,UHC_WEGOVY_P1114_22_2026_09_01,comorbidity,easy_negative,,3,3,3,1.0,1.0,1.0,,,0,,DocumentReference/GLP1-015-PCP-001;DocumentReference/GLP1-015-PCP-002;DocumentReference/GLP1-015-PCP-003,
GLP1-016,AETNA_WEGOVY_4774C_2026_08_20,adjunct_diet_and_activity,missing_evidence,INSUFFICIENT,0,5,0,,0.0,,,,1,,DocumentReference/GLP1-016-DERM-001;DocumentReference/GLP1-016-MSG-002;DocumentReference/GLP1-016-PCP-001;DocumentReference/GLP1-016-TEL-002;DocumentReference/GLP1-016-UC-001,
GLP1-016,AETNA_WEGOVY_4774C_2026_08_20,program_6_months,missing_evidence,INSUFFICIENT,0,5,0,,0.0,,,,1,,DocumentReference/GLP1-016-DERM-001;DocumentReference/GLP1-016-MSG-002;DocumentReference/GLP1-016-PCP-001;DocumentReference/GLP1-016-TEL-002;DocumentReference/GLP1-016-UC-001,
GLP1-016,AETNA_WEGOVY_4774C_2026_08_20,comorbidity,missing_evidence,,0,5,0,,0.0,,,,0,,DocumentReference/GLP1-016-DERM-001;DocumentReference/GLP1-016-IMM-001;DocumentReference/GLP1-016-PCP-001;DocumentReference/GLP1-016-TEL-001;DocumentReference/GLP1-016-UC-002,
GLP1-016,BCBS_FEP_WEGOVY_2026_07_01,weight_management_program,missing_evidence,INSUFFICIENT,0,4,0,,0.0,,,,2,,DocumentReference/GLP1-016-LAB-001;DocumentReference/GLP1-016-PCP-001;DocumentReference/GLP1-016-TEL-002;DocumentReference/GLP1-016-UC-001,
GLP1-016,BCBS_FEP_WEGOVY_2026_07_01,no_concurrent_glp1,missing_evidence,PASS,0,2,0,,0.0,,,,0,,DocumentReference/GLP1-016-LAB-001;DocumentReference/GLP1-016-PCP-001,
GLP1-016,BCBS_FEP_WEGOVY_2026_07_01,no_concurrent_pa_weight_loss_med,missing_evidence,PASS,0,2,0,,0.0,,,,0,,DocumentReference/GLP1-016-LAB-001;DocumentReference/GLP1-016-PCP-001,
GLP1-016,BCBS_FEP_WEGOVY_2026_07_01,comorbidity,missing_evidence,,0,5,0,,0.0,,,,0,,DocumentReference/GLP1-016-DERM-001;DocumentReference/GLP1-016-IMM-001;DocumentReference/GLP1-016-PCP-001;DocumentReference/GLP1-016-TEL-001;DocumentReference/GLP1-016-UC-002,
GLP1-016,UHC_WEGOVY_P1114_22_2026_09_01,lifestyle_adjunct,missing_evidence,INSUFFICIENT,0,5,0,,0.0,,,,1,,DocumentReference/GLP1-016-DERM-001;DocumentReference/GLP1-016-MSG-002;DocumentReference/GLP1-016-PCP-001;DocumentReference/GLP1-016-TEL-002;DocumentReference/GLP1-016-UC-001,
GLP1-016,UHC_WEGOVY_P1114_22_2026_09_01,comorbidity,missing_evidence,,0,5,0,,0.0,,,,0,,DocumentReference/GLP1-016-DERM-001;DocumentReference/GLP1-016-IMM-001;DocumentReference/GLP1-016-PCP-001;DocumentReference/GLP1-016-TEL-001;DocumentReference/GLP1-016-UC-002,
GLP1-017,AETNA_WEGOVY_4774C_2026_08_20,adjunct_diet_and_activity,missing_evidence,INSUFFICIENT,1,4,1,1.0,0.25,1.0,,,1,,DocumentReference/GLP1-017-DERM-002;DocumentReference/GLP1-017-ORTH-001;DocumentReference/GLP1-017-PCP-001;DocumentReference/GLP1-017-PCP-002,
GLP1-017,AETNA_WEGOVY_4774C_2026_08_20,program_6_months,missing_evidence,INSUFFICIENT,1,4,1,1.0,0.25,1.0,,,1,,DocumentReference/GLP1-017-DERM-002;DocumentReference/GLP1-017-ORTH-001;DocumentReference/GLP1-017-PCP-001;DocumentReference/GLP1-017-PCP-002,
GLP1-017,AETNA_WEGOVY_4774C_2026_08_20,comorbidity,missing_evidence,,6,4,4,0.6666666666666666,1.0,0.6666666666666666,,,0,,DocumentReference/GLP1-017-OSR-001;DocumentReference/GLP1-017-PCP-001;DocumentReference/GLP1-017-PCP-002;DocumentReference/GLP1-017-UC-001,DocumentReference/GLP1-017-LAB-001;DocumentReference/GLP1-017-PHARM-001
GLP1-017,BCBS_FEP_WEGOVY_2026_07_01,weight_management_program,missing_evidence,INSUFFICIENT,1,4,1,1.0,0.25,1.0,,,2,,DocumentReference/GLP1-017-DERM-002;DocumentReference/GLP1-017-DERM-003;DocumentReference/GLP1-017-ORTH-001;DocumentReference/GLP1-017-PCP-001,
GLP1-017,BCBS_FEP_WEGOVY_2026_07_01,no_concurrent_glp1,missing_evidence,PASS,0,2,0,,0.0,,,,0,,DocumentReference/GLP1-017-PCP-002;DocumentReference/GLP1-017-PHARM-001,
GLP1-017,BCBS_FEP_WEGOVY_2026_07_01,no_concurrent_pa_weight_loss_med,missing_evidence,PASS,0,2,0,,0.0,,,,0,,DocumentReference/GLP1-017-PCP-002;DocumentReference/GLP1-017-PHARM-001,
GLP1-017,BCBS_FEP_WEGOVY_2026_07_01,comorbidity,missing_evidence,,6,4,4,0.6666666666666666,1.0,0.6666666666666666,,,0,,DocumentReference/GLP1-017-OSR-001;DocumentReference/GLP1-017-PCP-001;DocumentReference/GLP1-017-PCP-002;DocumentReference/GLP1-017-UC-001,DocumentReference/GLP1-017-LAB-001;DocumentReference/GLP1-017-PHARM-001
GLP1-017,UHC_WEGOVY_P1114_22_2026_09_01,lifestyle_adjunct,missing_evidence,INSUFFICIENT,1,4,1,1.0,0.25,1.0,,,1,,DocumentReference/GLP1-017-DERM-002;DocumentReference/GLP1-017-ORTH-001;DocumentReference/GLP1-017-PCP-001;DocumentReference/GLP1-017-PCP-002,
GLP1-017,UHC_WEGOVY_P1114_22_2026_09_01,comorbidity,missing_evidence,,6,4,4,0.6666666666666666,1.0,0.6666666666666666,,,0,,DocumentReference/GLP1-017-OSR-001;DocumentReference/GLP1-017-PCP-001;DocumentReference/GLP1-017-PCP-002;DocumentReference/GLP1-017-UC-001,DocumentReference/GLP1-017-LAB-001;DocumentReference/GLP1-017-PHARM-001
GLP1-018,AETNA_WEGOVY_4774C_2026_08_20,adjunct_diet_and_activity,missing_evidence,INSUFFICIENT,3,3,3,1.0,1.0,1.0,,,0,,DocumentReference/GLP1-018-PCP-001;DocumentReference/GLP1-018-PCP-002;DocumentReference/GLP1-018-PCP-003,
GLP1-018,AETNA_WEGOVY_4774C_2026_08_20,program_6_months,missing_evidence,INSUFFICIENT,3,3,3,1.0,1.0,1.0,,,0,,DocumentReference/GLP1-018-PCP-001;DocumentReference/GLP1-018-PCP-002;DocumentReference/GLP1-018-PCP-003,
GLP1-018,AETNA_WEGOVY_4774C_2026_08_20,comorbidity,missing_evidence,,0,4,0,,0.0,,,,0,,DocumentReference/GLP1-018-LAB-002;DocumentReference/GLP1-018-PCP-001;DocumentReference/GLP1-018-PCP-002;DocumentReference/GLP1-018-PCP-003,
GLP1-018,BCBS_FEP_WEGOVY_2026_07_01,weight_management_program,missing_evidence,INSUFFICIENT,3,3,3,1.0,1.0,1.0,,,0,,DocumentReference/GLP1-018-PCP-001;DocumentReference/GLP1-018-PCP-002;DocumentReference/GLP1-018-PCP-003,
GLP1-018,BCBS_FEP_WEGOVY_2026_07_01,no_concurrent_glp1,missing_evidence,PASS,0,2,0,,0.0,,,,0,,DocumentReference/GLP1-018-LAB-002;DocumentReference/GLP1-018-PCP-003,
GLP1-018,BCBS_FEP_WEGOVY_2026_07_01,no_concurrent_pa_weight_loss_med,missing_evidence,PASS,0,2,0,,0.0,,,,0,,DocumentReference/GLP1-018-LAB-002;DocumentReference/GLP1-018-PCP-003,
GLP1-018,BCBS_FEP_WEGOVY_2026_07_01,comorbidity,missing_evidence,,0,4,0,,0.0,,,,0,,DocumentReference/GLP1-018-LAB-002;DocumentReference/GLP1-018-PCP-001;DocumentReference/GLP1-018-PCP-002;DocumentReference/GLP1-018-PCP-003,
GLP1-018,UHC_WEGOVY_P1114_22_2026_09_01,lifestyle_adjunct,missing_evidence,PASS,3,3,3,1.0,1.0,1.0,,,0,,DocumentReference/GLP1-018-PCP-001;DocumentReference/GLP1-018-PCP-002;DocumentReference/GLP1-018-PCP-003,
GLP1-018,UHC_WEGOVY_P1114_22_2026_09_01,comorbidity,missing_evidence,,0,4,0,,0.0,,,,0,,DocumentReference/GLP1-018-LAB-002;DocumentReference/GLP1-018-PCP-001;DocumentReference/GLP1-018-PCP-002;DocumentReference/GLP1-018-PCP-003,
GLP1-019,AETNA_WEGOVY_4774C_2026_08_20,adjunct_diet_and_activity,missing_evidence,INSUFFICIENT,3,5,3,1.0,0.6,1.0,,,1,,DocumentReference/GLP1-019-APE-001;DocumentReference/GLP1-019-PCP-001;DocumentReference/GLP1-019-PCP-002;DocumentReference/GLP1-019-PCP-003;DocumentReference/GLP1-019-TEL-001,
GLP1-019,AETNA_WEGOVY_4774C_2026_08_20,program_6_months,missing_evidence,INSUFFICIENT,3,5,3,1.0,0.6,1.0,,,1,,DocumentReference/GLP1-019-APE-001;DocumentReference/GLP1-019-PCP-001;DocumentReference/GLP1-019-PCP-002;DocumentReference/GLP1-019-PCP-003;DocumentReference/GLP1-019-TEL-001,
GLP1-019,AETNA_WEGOVY_4774C_2026_08_20,comorbidity,missing_evidence,,0,4,0,,0.0,,,,0,,DocumentReference/GLP1-019-APE-001;DocumentReference/GLP1-019-PCP-001;DocumentReference/GLP1-019-PCP-002;DocumentReference/GLP1-019-PCP-003,
GLP1-019,BCBS_FEP_WEGOVY_2026_07_01,weight_management_program,missing_evidence,INSUFFICIENT,3,4,3,1.0,0.75,1.0,,,0,,DocumentReference/GLP1-019-MSG-001;DocumentReference/GLP1-019-PCP-001;DocumentReference/GLP1-019-PCP-002;DocumentReference/GLP1-019-PCP-003,
GLP1-019,BCBS_FEP_WEGOVY_2026_07_01,no_concurrent_glp1,missing_evidence,PASS,0,2,0,,0.0,,,,0,,DocumentReference/GLP1-019-PCP-003;DocumentReference/GLP1-019-TEL-001,
GLP1-019,BCBS_FEP_WEGOVY_2026_07_01,no_concurrent_pa_weight_loss_med,missing_evidence,PASS,0,2,0,,0.0,,,,0,,DocumentReference/GLP1-019-PCP-003;DocumentReference/GLP1-019-TEL-001,
GLP1-019,BCBS_FEP_WEGOVY_2026_07_01,comorbidity,missing_evidence,,0,4,0,,0.0,,,,0,,DocumentReference/GLP1-019-APE-001;DocumentReference/GLP1-019-PCP-001;DocumentReference/GLP1-019-PCP-002;DocumentReference/GLP1-019-PCP-003,
GLP1-019,UHC_WEGOVY_P1114_22_2026_09_01,lifestyle_adjunct,missing_evidence,PASS,3,5,3,1.0,0.6,1.0,,,1,,DocumentReference/GLP1-019-APE-001;DocumentReference/GLP1-019-PCP-001;DocumentReference/GLP1-019-PCP-002;DocumentReference/GLP1-019-PCP-003;DocumentReference/GLP1-019-TEL-001,
GLP1-019,UHC_WEGOVY_P1114_22_2026_09_01,comorbidity,missing_evidence,,0,4,0,,0.0,,,,0,,DocumentReference/GLP1-019-APE-001;DocumentReference/GLP1-019-PCP-001;DocumentReference/GLP1-019-PCP-002;DocumentReference/GLP1-019-PCP-003,
GLP1-020,AETNA_WEGOVY_4774C_2026_08_20,adjunct_diet_and_activity,missing_evidence,PASS,2,4,2,1.0,0.5,1.0,,,1,,DocumentReference/GLP1-020-DERM-001;DocumentReference/GLP1-020-MSG-002;DocumentReference/GLP1-020-ORTH-002;DocumentReference/GLP1-020-PCP-001,
GLP1-020,AETNA_WEGOVY_4774C_2026_08_20,program_6_months,missing_evidence,INSUFFICIENT,2,4,2,1.0,0.5,1.0,,1.0,1,,DocumentReference/GLP1-020-DERM-001;DocumentReference/GLP1-020-MSG-002;DocumentReference/GLP1-020-ORTH-002;DocumentReference/GLP1-020-PCP-001,
GLP1-020,AETNA_WEGOVY_4774C_2026_08_20,comorbidity,missing_evidence,,3,4,3,1.0,0.75,1.0,,,0,,DocumentReference/GLP1-020-DERM-001;DocumentReference/GLP1-020-PCP-001;DocumentReference/GLP1-020-PHARM-001;DocumentReference/GLP1-020-UC-001,
GLP1-020,BCBS_FEP_WEGOVY_2026_07_01,weight_management_program,missing_evidence,PASS,2,3,2,1.0,0.6666666666666666,1.0,,,1,,DocumentReference/GLP1-020-MSG-002;DocumentReference/GLP1-020-ORTH-002;DocumentReference/GLP1-020-PCP-001,
GLP1-020,BCBS_FEP_WEGOVY_2026_07_01,no_concurrent_glp1,missing_evidence,PASS,0,4,0,,0.0,,,,0,,DocumentReference/GLP1-020-MSG-001;DocumentReference/GLP1-020-ORTH-002;DocumentReference/GLP1-020-PCP-001;DocumentReference/GLP1-020-PHARM-001,
GLP1-020,BCBS_FEP_WEGOVY_2026_07_01,no_concurrent_pa_weight_loss_med,missing_evidence,PASS,0,4,0,,0.0,,,,0,,DocumentReference/GLP1-020-MSG-001;DocumentReference/GLP1-020-ORTH-002;DocumentReference/GLP1-020-PCP-001;DocumentReference/GLP1-020-PHARM-001,
GLP1-020,BCBS_FEP_WEGOVY_2026_07_01,comorbidity,missing_evidence,,3,4,3,1.0,0.75,1.0,,,0,,DocumentReference/GLP1-020-DERM-001;DocumentReference/GLP1-020-PCP-001;DocumentReference/GLP1-020-PHARM-001;DocumentReference/GLP1-020-UC-001,
GLP1-020,UHC_WEGOVY_P1114_22_2026_09_01,lifestyle_adjunct,missing_evidence,PASS,2,4,2,1.0,0.5,1.0,,,1,,DocumentReference/GLP1-020-DERM-001;DocumentReference/GLP1-020-MSG-002;DocumentReference/GLP1-020-ORTH-002;DocumentReference/GLP1-020-PCP-001,
GLP1-020,UHC_WEGOVY_P1114_22_2026_09_01,comorbidity,missing_evidence,,3,4,3,1.0,0.75,1.0,,,0,,DocumentReference/GLP1-020-DERM-001;DocumentReference/GLP1-020-PCP-001;DocumentReference/GLP1-020-PHARM-001;DocumentReference/GLP1-020-UC-001,
GLP1-021,AETNA_WEGOVY_4774C_2026_08_20,adjunct_diet_and_activity,missing_evidence,INSUFFICIENT,1,1,1,1.0,1.0,1.0,,,0,,DocumentReference/GLP1-021-PCP-001,
GLP1-021,AETNA_WEGOVY_4774C_2026_08_20,program_6_months,missing_evidence,INSUFFICIENT,1,1,1,1.0,1.0,1.0,,,0,,DocumentReference/GLP1-021-PCP-001,
GLP1-021,AETNA_WEGOVY_4774C_2026_08_20,comorbidity,missing_evidence,,0,3,0,,0.0,,,,0,,DocumentReference/GLP1-021-PCP-001;DocumentReference/GLP1-021-PCP-002;DocumentReference/GLP1-021-UC-001,
GLP1-021,BCBS_FEP_WEGOVY_2026_07_01,weight_management_program,missing_evidence,PASS,1,1,1,1.0,1.0,1.0,,,0,,DocumentReference/GLP1-021-PCP-001,
GLP1-021,BCBS_FEP_WEGOVY_2026_07_01,no_concurrent_glp1,missing_evidence,PASS,0,3,0,,0.0,,,,0,,DocumentReference/GLP1-021-MSG-001;DocumentReference/GLP1-021-PCP-002;DocumentReference/GLP1-021-PHARM-001,
GLP1-021,BCBS_FEP_WEGOVY_2026_07_01,no_concurrent_pa_weight_loss_med,missing_evidence,PASS,0,3,0,,0.0,,,,0,,DocumentReference/GLP1-021-MSG-001;DocumentReference/GLP1-021-PCP-002;DocumentReference/GLP1-021-PHARM-001,
GLP1-021,BCBS_FEP_WEGOVY_2026_07_01,comorbidity,missing_evidence,,0,3,0,,0.0,,,,0,,DocumentReference/GLP1-021-PCP-001;DocumentReference/GLP1-021-PCP-002;DocumentReference/GLP1-021-UC-001,
GLP1-021,UHC_WEGOVY_P1114_22_2026_09_01,lifestyle_adjunct,missing_evidence,INSUFFICIENT,1,1,1,1.0,1.0,1.0,,,0,,DocumentReference/GLP1-021-PCP-001,
GLP1-021,UHC_WEGOVY_P1114_22_2026_09_01,comorbidity,missing_evidence,,0,3,0,,0.0,,,,0,,DocumentReference/GLP1-021-PCP-001;DocumentReference/GLP1-021-PCP-002;DocumentReference/GLP1-021-UC-001,
GLP1-022,AETNA_WEGOVY_4774C_2026_08_20,adjunct_diet_and_activity,missing_evidence,PASS,5,6,5,1.0,0.8333333333333334,1.0,,,0,,DocumentReference/GLP1-022-APE-001;DocumentReference/GLP1-022-NUTR-001;DocumentReference/GLP1-022-NUTR-002;DocumentReference/GLP1-022-PCP-001;DocumentReference/GLP1-022-PCP-002;DocumentReference/GLP1-022-PCP-003,
GLP1-022,AETNA_WEGOVY_4774C_2026_08_20,program_6_months,missing_evidence,PASS,5,5,5,1.0,1.0,1.0,,,0,,DocumentReference/GLP1-022-NUTR-001;DocumentReference/GLP1-022-NUTR-002;DocumentReference/GLP1-022-PCP-001;DocumentReference/GLP1-022-PCP-002;DocumentReference/GLP1-022-PCP-003,
GLP1-022,AETNA_WEGOVY_4774C_2026_08_20,comorbidity,missing_evidence,,5,5,4,0.8,0.8,0.8,,,0,,DocumentReference/GLP1-022-APE-001;DocumentReference/GLP1-022-LAB-001;DocumentReference/GLP1-022-PCP-001;DocumentReference/GLP1-022-PCP-002;DocumentReference/GLP1-022-PCP-003,DocumentReference/GLP1-022-PHARM-001
GLP1-022,BCBS_FEP_WEGOVY_2026_07_01,weight_management_program,missing_evidence,PASS,5,5,5,1.0,1.0,1.0,,,0,,DocumentReference/GLP1-022-NUTR-001;DocumentReference/GLP1-022-NUTR-002;DocumentReference/GLP1-022-PCP-001;DocumentReference/GLP1-022-PCP-002;DocumentReference/GLP1-022-PCP-003,
GLP1-022,BCBS_FEP_WEGOVY_2026_07_01,no_concurrent_glp1,missing_evidence,PASS,0,5,0,,0.0,,,,0,,DocumentReference/GLP1-022-LAB-001;DocumentReference/GLP1-022-MSG-001;DocumentReference/GLP1-022-NUTR-002;DocumentReference/GLP1-022-PCP-003;DocumentReference/GLP1-022-PHARM-001,
GLP1-022,BCBS_FEP_WEGOVY_2026_07_01,no_concurrent_pa_weight_loss_med,missing_evidence,PASS,0,5,0,,0.0,,,,0,,DocumentReference/GLP1-022-LAB-001;DocumentReference/GLP1-022-MSG-001;DocumentReference/GLP1-022-NUTR-002;DocumentReference/GLP1-022-PCP-003;DocumentReference/GLP1-022-PHARM-001,
GLP1-022,BCBS_FEP_WEGOVY_2026_07_01,comorbidity,missing_evidence,,5,5,4,0.8,0.8,0.8,,,0,,DocumentReference/GLP1-022-APE-001;DocumentReference/GLP1-022-LAB-001;DocumentReference/GLP1-022-PCP-001;DocumentReference/GLP1-022-PCP-002;DocumentReference/GLP1-022-PCP-003,DocumentReference/GLP1-022-PHARM-001
GLP1-022,UHC_WEGOVY_P1114_22_2026_09_01,lifestyle_adjunct,missing_evidence,PASS,5,5,5,1.0,1.0,1.0,,,0,,DocumentReference/GLP1-022-NUTR-001;DocumentReference/GLP1-022-NUTR-002;DocumentReference/GLP1-022-PCP-001;DocumentReference/GLP1-022-PCP-002;DocumentReference/GLP1-022-PCP-003,
GLP1-022,UHC_WEGOVY_P1114_22_2026_09_01,comorbidity,missing_evidence,,5,5,4,0.8,0.8,0.8,,,0,,DocumentReference/GLP1-022-APE-001;DocumentReference/GLP1-022-LAB-001;DocumentReference/GLP1-022-PCP-001;DocumentReference/GLP1-022-PCP-002;DocumentReference/GLP1-022-PCP-003,DocumentReference/GLP1-022-PHARM-001
GLP1-023,AETNA_WEGOVY_4774C_2026_08_20,adjunct_diet_and_activity,missing_evidence,PASS,5,5,5,1.0,1.0,1.0,,,0,,DocumentReference/GLP1-023-NUTR-001;DocumentReference/GLP1-023-NUTR-002;DocumentReference/GLP1-023-PCP-001;DocumentReference/GLP1-023-PCP-002;DocumentReference/GLP1-023-PCP-003,
GLP1-023,AETNA_WEGOVY_4774C_2026_08_20,program_6_months,missing_evidence,PASS,5,5,5,1.0,1.0,1.0,,,0,,DocumentReference/GLP1-023-NUTR-001;DocumentReference/GLP1-023-NUTR-002;DocumentReference/GLP1-023-PCP-001;DocumentReference/GLP1-023-PCP-002;DocumentReference/GLP1-023-PCP-003,
GLP1-023,AETNA_WEGOVY_4774C_2026_08_20,comorbidity,missing_evidence,,0,3,0,,0.0,,,,0,,DocumentReference/GLP1-023-PCP-001;DocumentReference/GLP1-023-PCP-002;DocumentReference/GLP1-023-PCP-003,
GLP1-023,BCBS_FEP_WEGOVY_2026_07_01,weight_management_program,missing_evidence,PASS,5,5,5,1.0,1.0,1.0,,,0,,DocumentReference/GLP1-023-NUTR-001;DocumentReference/GLP1-023-NUTR-002;DocumentReference/GLP1-023-PCP-001;DocumentReference/GLP1-023-PCP-002;DocumentReference/GLP1-023-PCP-003,
GLP1-023,BCBS_FEP_WEGOVY_2026_07_01,no_concurrent_glp1,missing_evidence,INSUFFICIENT,1,4,1,1.0,0.25,,,1.0,0,,DocumentReference/GLP1-023-MSG-001;DocumentReference/GLP1-023-NUTR-002;DocumentReference/GLP1-023-OSR-001;DocumentReference/GLP1-023-PCP-003,
GLP1-023,BCBS_FEP_WEGOVY_2026_07_01,no_concurrent_pa_weight_loss_med,missing_evidence,INSUFFICIENT,1,4,1,1.0,0.25,,,1.0,0,,DocumentReference/GLP1-023-MSG-001;DocumentReference/GLP1-023-NUTR-002;DocumentReference/GLP1-023-OSR-001;DocumentReference/GLP1-023-PCP-003,
GLP1-023,BCBS_FEP_WEGOVY_2026_07_01,comorbidity,missing_evidence,,0,3,0,,0.0,,,,0,,DocumentReference/GLP1-023-PCP-001;DocumentReference/GLP1-023-PCP-002;DocumentReference/GLP1-023-PCP-003,
GLP1-023,UHC_WEGOVY_P1114_22_2026_09_01,lifestyle_adjunct,missing_evidence,PASS,5,6,5,1.0,0.8333333333333334,1.0,,,0,,DocumentReference/GLP1-023-NUTR-001;DocumentReference/GLP1-023-NUTR-002;DocumentReference/GLP1-023-OSR-001;DocumentReference/GLP1-023-PCP-001;DocumentReference/GLP1-023-PCP-002;DocumentReference/GLP1-023-PCP-003,
GLP1-023,UHC_WEGOVY_P1114_22_2026_09_01,comorbidity,missing_evidence,,0,3,0,,0.0,,,,0,,DocumentReference/GLP1-023-PCP-001;DocumentReference/GLP1-023-PCP-002;DocumentReference/GLP1-023-PCP-003,
GLP1-024,AETNA_WEGOVY_4774C_2026_08_20,adjunct_diet_and_activity,missing_evidence,PASS,5,4,4,0.8,1.0,0.8,,,0,,DocumentReference/GLP1-024-NUTR-001;DocumentReference/GLP1-024-NUTR-002;DocumentReference/GLP1-024-PCP-001;DocumentReference/GLP1-024-PCP-003,DocumentReference/GLP1-024-PCP-002
GLP1-024,AETNA_WEGOVY_4774C_2026_08_20,program_6_months,missing_evidence,PASS,5,4,4,0.8,1.0,0.8,,,0,,DocumentReference/GLP1-024-NUTR-001;DocumentReference/GLP1-024-NUTR-002;DocumentReference/GLP1-024-PCP-001;DocumentReference/GLP1-024-PCP-003,DocumentReference/GLP1-024-PCP-002
GLP1-024,AETNA_WEGOVY_4774C_2026_08_20,comorbidity,missing_evidence,,4,5,4,1.0,0.8,1.0,,,0,,DocumentReference/GLP1-024-OSR-001;DocumentReference/GLP1-024-PCP-001;DocumentReference/GLP1-024-PCP-002;DocumentReference/GLP1-024-PCP-003;DocumentReference/GLP1-024-UC-001,
GLP1-024,BCBS_FEP_WEGOVY_2026_07_01,weight_management_program,missing_evidence,PASS,5,4,4,0.8,1.0,0.8,,,0,,DocumentReference/GLP1-024-NUTR-001;DocumentReference/GLP1-024-NUTR-002;DocumentReference/GLP1-024-PCP-001;DocumentReference/GLP1-024-PCP-003,DocumentReference/GLP1-024-PCP-002
GLP1-024,BCBS_FEP_WEGOVY_2026_07_01,no_concurrent_glp1,missing_evidence,INSUFFICIENT,1,3,1,1.0,0.3333333333333333,,,1.0,0,,DocumentReference/GLP1-024-NUTR-002;DocumentReference/GLP1-024-OSR-001;DocumentReference/GLP1-024-PCP-003,
GLP1-024,BCBS_FEP_WEGOVY_2026_07_01,no_concurrent_pa_weight_loss_med,missing_evidence,INSUFFICIENT,1,3,1,1.0,0.3333333333333333,,,1.0,0,,DocumentReference/GLP1-024-NUTR-002;DocumentReference/GLP1-024-OSR-001;DocumentReference/GLP1-024-PCP-003,
GLP1-024,BCBS_FEP_WEGOVY_2026_07_01,comorbidity,missing_evidence,,4,5,4,1.0,0.8,1.0,,,0,,DocumentReference/GLP1-024-OSR-001;DocumentReference/GLP1-024-PCP-001;DocumentReference/GLP1-024-PCP-002;DocumentReference/GLP1-024-PCP-003;DocumentReference/GLP1-024-UC-001,
GLP1-024,UHC_WEGOVY_P1114_22_2026_09_01,lifestyle_adjunct,missing_evidence,PASS,5,4,4,0.8,1.0,0.8,,,0,,DocumentReference/GLP1-024-NUTR-001;DocumentReference/GLP1-024-NUTR-002;DocumentReference/GLP1-024-PCP-001;DocumentReference/GLP1-024-PCP-003,DocumentReference/GLP1-024-PCP-002
GLP1-024,UHC_WEGOVY_P1114_22_2026_09_01,comorbidity,missing_evidence,,4,5,4,1.0,0.8,1.0,,,0,,DocumentReference/GLP1-024-OSR-001;DocumentReference/GLP1-024-PCP-001;DocumentReference/GLP1-024-PCP-002;DocumentReference/GLP1-024-PCP-003;DocumentReference/GLP1-024-UC-001,
GLP1-025,AETNA_WEGOVY_4774C_2026_08_20,adjunct_diet_and_activity,missing_evidence,PASS,5,5,5,1.0,1.0,1.0,,,0,,DocumentReference/GLP1-025-NUTR-001;DocumentReference/GLP1-025-NUTR-002;DocumentReference/GLP1-025-PCP-001;DocumentReference/GLP1-025-PCP-002;DocumentReference/GLP1-025-PCP-003,
GLP1-025,AETNA_WEGOVY_4774C_2026_08_20,program_6_months,missing_evidence,PASS,5,5,5,1.0,1.0,1.0,,,0,,DocumentReference/GLP1-025-NUTR-001;DocumentReference/GLP1-025-NUTR-002;DocumentReference/GLP1-025-PCP-001;DocumentReference/GLP1-025-PCP-002;DocumentReference/GLP1-025-PCP-003,
GLP1-025,AETNA_WEGOVY_4774C_2026_08_20,comorbidity,missing_evidence,,0,4,0,,0.0,,,,0,,DocumentReference/GLP1-025-PCP-001;DocumentReference/GLP1-025-PCP-002;DocumentReference/GLP1-025-PCP-003;DocumentReference/GLP1-025-UC-001,
GLP1-025,BCBS_FEP_WEGOVY_2026_07_01,weight_management_program,missing_evidence,PASS,5,5,5,1.0,1.0,1.0,,,0,,DocumentReference/GLP1-025-NUTR-001;DocumentReference/GLP1-025-NUTR-002;DocumentReference/GLP1-025-PCP-001;DocumentReference/GLP1-025-PCP-002;DocumentReference/GLP1-025-PCP-003,
GLP1-025,BCBS_FEP_WEGOVY_2026_07_01,no_concurrent_glp1,missing_evidence,PASS,0,4,0,,0.0,,,,0,,DocumentReference/GLP1-025-NUTR-002;DocumentReference/GLP1-025-PCP-001;DocumentReference/GLP1-025-PCP-003;DocumentReference/GLP1-025-PHARM-001,
GLP1-025,BCBS_FEP_WEGOVY_2026_07_01,no_concurrent_pa_weight_loss_med,missing_evidence,PASS,0,4,0,,0.0,,,,0,,DocumentReference/GLP1-025-NUTR-002;DocumentReference/GLP1-025-PCP-001;DocumentReference/GLP1-025-PCP-003;DocumentReference/GLP1-025-PHARM-001,
GLP1-025,BCBS_FEP_WEGOVY_2026_07_01,comorbidity,missing_evidence,,0,4,0,,0.0,,,,0,,DocumentReference/GLP1-025-PCP-001;DocumentReference/GLP1-025-PCP-002;DocumentReference/GLP1-025-PCP-003;DocumentReference/GLP1-025-UC-001,
GLP1-025,UHC_WEGOVY_P1114_22_2026_09_01,lifestyle_adjunct,missing_evidence,PASS,5,5,5,1.0,1.0,1.0,,,0,,DocumentReference/GLP1-025-NUTR-001;DocumentReference/GLP1-025-NUTR-002;DocumentReference/GLP1-025-PCP-001;DocumentReference/GLP1-025-PCP-002;DocumentReference/GLP1-025-PCP-003,
GLP1-025,UHC_WEGOVY_P1114_22_2026_09_01,comorbidity,missing_evidence,,0,4,0,,0.0,,,,0,,DocumentReference/GLP1-025-PCP-001;DocumentReference/GLP1-025-PCP-002;DocumentReference/GLP1-025-PCP-003;DocumentReference/GLP1-025-UC-001,
GLP1-026,AETNA_WEGOVY_4774C_2026_08_20,adjunct_diet_and_activity,ambiguous,PASS,2,4,2,1.0,0.5,1.0,,,2,,DocumentReference/GLP1-026-DERM-001;DocumentReference/GLP1-026-ORTH-001;DocumentReference/GLP1-026-PCP-001;DocumentReference/GLP1-026-PCP-002,
GLP1-026,AETNA_WEGOVY_4774C_2026_08_20,program_6_months,ambiguous,INSUFFICIENT,2,4,2,1.0,0.5,1.0,,1.0,2,,DocumentReference/GLP1-026-DERM-001;DocumentReference/GLP1-026-ORTH-001;DocumentReference/GLP1-026-PCP-001;DocumentReference/GLP1-026-PCP-002,
GLP1-026,AETNA_WEGOVY_4774C_2026_08_20,comorbidity,ambiguous,,5,4,3,0.6,0.75,0.6,,,0,,DocumentReference/GLP1-026-OSR-001;DocumentReference/GLP1-026-PCP-001;DocumentReference/GLP1-026-PCP-002;DocumentReference/GLP1-026-UC-001,DocumentReference/GLP1-026-PHARM-001;DocumentReference/GLP1-026-TEL-001
GLP1-026,BCBS_FEP_WEGOVY_2026_07_01,weight_management_program,ambiguous,INSUFFICIENT,2,3,2,1.0,0.6666666666666666,1.0,,,1,,DocumentReference/GLP1-026-ORTH-001;DocumentReference/GLP1-026-PCP-001;DocumentReference/GLP1-026-PCP-002,
GLP1-026,BCBS_FEP_WEGOVY_2026_07_01,no_concurrent_glp1,ambiguous,PASS,0,4,0,,0.0,,,,0,,DocumentReference/GLP1-026-ORTH-001;DocumentReference/GLP1-026-PCP-001;DocumentReference/GLP1-026-PCP-002;DocumentReference/GLP1-026-PHARM-001,
GLP1-026,BCBS_FEP_WEGOVY_2026_07_01,no_concurrent_pa_weight_loss_med,ambiguous,PASS,0,4,0,,0.0,,,,0,,DocumentReference/GLP1-026-ORTH-001;DocumentReference/GLP1-026-PCP-001;DocumentReference/GLP1-026-PCP-002;DocumentReference/GLP1-026-PHARM-001,
GLP1-026,BCBS_FEP_WEGOVY_2026_07_01,comorbidity,ambiguous,,5,4,3,0.6,0.75,0.6,,,0,,DocumentReference/GLP1-026-OSR-001;DocumentReference/GLP1-026-PCP-001;DocumentReference/GLP1-026-PCP-002;DocumentReference/GLP1-026-UC-001,DocumentReference/GLP1-026-PHARM-001;DocumentReference/GLP1-026-TEL-001
GLP1-026,UHC_WEGOVY_P1114_22_2026_09_01,lifestyle_adjunct,ambiguous,PASS,2,4,2,1.0,0.5,1.0,,,1,,DocumentReference/GLP1-026-ORTH-001;DocumentReference/GLP1-026-OSR-001;DocumentReference/GLP1-026-PCP-001;DocumentReference/GLP1-026-PCP-002,
GLP1-026,UHC_WEGOVY_P1114_22_2026_09_01,comorbidity,ambiguous,,5,4,3,0.6,0.75,0.6,,,0,,DocumentReference/GLP1-026-OSR-001;DocumentReference/GLP1-026-PCP-001;DocumentReference/GLP1-026-PCP-002;DocumentReference/GLP1-026-UC-001,DocumentReference/GLP1-026-PHARM-001;DocumentReference/GLP1-026-TEL-001
GLP1-027,AETNA_WEGOVY_4774C_2026_08_20,adjunct_diet_and_activity,ambiguous,PASS,2,4,2,1.0,0.5,1.0,,,1,,DocumentReference/GLP1-027-APE-001;DocumentReference/GLP1-027-GI-001;DocumentReference/GLP1-027-LAB-001;DocumentReference/GLP1-027-PCP-001,
GLP1-027,AETNA_WEGOVY_4774C_2026_08_20,program_6_months,ambiguous,INSUFFICIENT,2,4,2,1.0,0.5,1.0,,1.0,1,,DocumentReference/GLP1-027-APE-001;DocumentReference/GLP1-027-GI-001;DocumentReference/GLP1-027-LAB-003;DocumentReference/GLP1-027-PCP-001,
GLP1-027,AETNA_WEGOVY_4774C_2026_08_20,comorbidity,ambiguous,,0,4,0,,0.0,,,,0,,DocumentReference/GLP1-027-APE-001;DocumentReference/GLP1-027-DERM-001;DocumentReference/GLP1-027-PCP-001;DocumentReference/GLP1-027-UC-001,
GLP1-027,BCBS_FEP_WEGOVY_2026_07_01,weight_management_program,ambiguous,INSUFFICIENT,2,4,2,1.0,0.5,1.0,,,1,,DocumentReference/GLP1-027-APE-001;DocumentReference/GLP1-027-GI-001;DocumentReference/GLP1-027-LAB-003;DocumentReference/GLP1-027-PCP-001,
GLP1-027,BCBS_FEP_WEGOVY_2026_07_01,no_concurrent_glp1,ambiguous,PASS,0,2,0,,0.0,,,,0,,DocumentReference/GLP1-027-PCP-001;DocumentReference/GLP1-027-PHARM-001,
GLP1-027,BCBS_FEP_WEGOVY_2026_07_01,no_concurrent_pa_weight_loss_med,ambiguous,PASS,0,2,0,,0.0,,,,0,,DocumentReference/GLP1-027-PCP-001;DocumentReference/GLP1-027-PHARM-001,
GLP1-027,BCBS_FEP_WEGOVY_2026_07_01,comorbidity,ambiguous,,0,4,0,,0.0,,,,0,,DocumentReference/GLP1-027-APE-001;DocumentReference/GLP1-027-DERM-001;DocumentReference/GLP1-027-PCP-001;DocumentReference/GLP1-027-UC-001,
GLP1-027,UHC_WEGOVY_P1114_22_2026_09_01,lifestyle_adjunct,ambiguous,PASS,2,4,2,1.0,0.5,1.0,,,1,,DocumentReference/GLP1-027-APE-001;DocumentReference/GLP1-027-GI-001;DocumentReference/GLP1-027-OSR-001;DocumentReference/GLP1-027-PCP-001,
GLP1-027,UHC_WEGOVY_P1114_22_2026_09_01,comorbidity,ambiguous,,0,4,0,,0.0,,,,0,,DocumentReference/GLP1-027-APE-001;DocumentReference/GLP1-027-DERM-001;DocumentReference/GLP1-027-PCP-001;DocumentReference/GLP1-027-UC-001,
GLP1-028,AETNA_WEGOVY_4774C_2026_08_20,adjunct_diet_and_activity,ambiguous,PASS,5,5,4,0.8,0.8,0.8,,,0,,DocumentReference/GLP1-028-LAB-001;DocumentReference/GLP1-028-NUTR-001;DocumentReference/GLP1-028-NUTR-002;DocumentReference/GLP1-028-PCP-001;DocumentReference/GLP1-028-PCP-003,DocumentReference/GLP1-028-PCP-002
GLP1-028,AETNA_WEGOVY_4774C_2026_08_20,program_6_months,ambiguous,PASS,5,4,4,0.8,1.0,0.8,,,0,,DocumentReference/GLP1-028-NUTR-001;DocumentReference/GLP1-028-NUTR-002;DocumentReference/GLP1-028-PCP-001;DocumentReference/GLP1-028-PCP-003,DocumentReference/GLP1-028-PCP-002
GLP1-028,AETNA_WEGOVY_4774C_2026_08_20,comorbidity,ambiguous,,3,4,3,1.0,0.75,,,1.0,0,,DocumentReference/GLP1-028-PCP-001;DocumentReference/GLP1-028-PCP-002;DocumentReference/GLP1-028-PCP-003;DocumentReference/GLP1-028-UC-001,
GLP1-028,BCBS_FEP_WEGOVY_2026_07_01,weight_management_program,ambiguous,PASS,5,4,4,0.8,1.0,0.8,,,0,,DocumentReference/GLP1-028-NUTR-001;DocumentReference/GLP1-028-NUTR-002;DocumentReference/GLP1-028-PCP-001;DocumentReference/GLP1-028-PCP-003,DocumentReference/GLP1-028-PCP-002
GLP1-028,BCBS_FEP_WEGOVY_2026_07_01,no_concurrent_glp1,ambiguous,PASS,0,3,0,,0.0,,,,0,,DocumentReference/GLP1-028-MSG-001;DocumentReference/GLP1-028-NUTR-002;DocumentReference/GLP1-028-PCP-003,
GLP1-028,BCBS_FEP_WEGOVY_2026_07_01,no_concurrent_pa_weight_loss_med,ambiguous,PASS,0,3,0,,0.0,,,,0,,DocumentReference/GLP1-028-MSG-001;DocumentReference/GLP1-028-NUTR-002;DocumentReference/GLP1-028-PCP-003,
GLP1-028,BCBS_FEP_WEGOVY_2026_07_01,comorbidity,ambiguous,,3,4,3,1.0,0.75,,,1.0,0,,DocumentReference/GLP1-028-PCP-001;DocumentReference/GLP1-028-PCP-002;DocumentReference/GLP1-028-PCP-003;DocumentReference/GLP1-028-UC-001,
GLP1-028,UHC_WEGOVY_P1114_22_2026_09_01,lifestyle_adjunct,ambiguous,PASS,5,4,4,0.8,1.0,0.8,,,0,,DocumentReference/GLP1-028-NUTR-001;DocumentReference/GLP1-028-NUTR-002;DocumentReference/GLP1-028-PCP-001;DocumentReference/GLP1-028-PCP-003,DocumentReference/GLP1-028-PCP-002
GLP1-028,UHC_WEGOVY_P1114_22_2026_09_01,comorbidity,ambiguous,,3,4,3,1.0,0.75,,,1.0,0,,DocumentReference/GLP1-028-PCP-001;DocumentReference/GLP1-028-PCP-002;DocumentReference/GLP1-028-PCP-003;DocumentReference/GLP1-028-UC-001,
GLP1-029,AETNA_WEGOVY_4774C_2026_08_20,adjunct_diet_and_activity,ambiguous,PASS,3,3,3,1.0,1.0,1.0,,,0,,DocumentReference/GLP1-029-PCP-001;DocumentReference/GLP1-029-PCP-002;DocumentReference/GLP1-029-PCP-003,
GLP1-029,AETNA_WEGOVY_4774C_2026_08_20,program_6_months,ambiguous,PASS,3,3,3,1.0,1.0,1.0,,,0,,DocumentReference/GLP1-029-PCP-001;DocumentReference/GLP1-029-PCP-002;DocumentReference/GLP1-029-PCP-003,
GLP1-029,AETNA_WEGOVY_4774C_2026_08_20,comorbidity,ambiguous,,0,5,0,,0.0,,,,0,,DocumentReference/GLP1-029-PCP-001;DocumentReference/GLP1-029-PCP-002;DocumentReference/GLP1-029-PCP-003;DocumentReference/GLP1-029-PHARM-001;DocumentReference/GLP1-029-UC-001,
GLP1-029,BCBS_FEP_WEGOVY_2026_07_01,weight_management_program,ambiguous,PASS,3,3,3,1.0,1.0,1.0,,,0,,DocumentReference/GLP1-029-PCP-001;DocumentReference/GLP1-029-PCP-002;DocumentReference/GLP1-029-PCP-003,
GLP1-029,BCBS_FEP_WEGOVY_2026_07_01,no_concurrent_glp1,ambiguous,PASS,0,3,0,,0.0,,,,0,,DocumentReference/GLP1-029-MSG-001;DocumentReference/GLP1-029-PCP-003;DocumentReference/GLP1-029-PHARM-001,
GLP1-029,BCBS_FEP_WEGOVY_2026_07_01,no_concurrent_pa_weight_loss_med,ambiguous,PASS,0,3,0,,0.0,,,,0,,DocumentReference/GLP1-029-MSG-001;DocumentReference/GLP1-029-PCP-003;DocumentReference/GLP1-029-PHARM-001,
GLP1-029,BCBS_FEP_WEGOVY_2026_07_01,comorbidity,ambiguous,,0,5,0,,0.0,,,,0,,DocumentReference/GLP1-029-PCP-001;DocumentReference/GLP1-029-PCP-002;DocumentReference/GLP1-029-PCP-003;DocumentReference/GLP1-029-PHARM-001;DocumentReference/GLP1-029-UC-001,
GLP1-029,UHC_WEGOVY_P1114_22_2026_09_01,lifestyle_adjunct,ambiguous,PASS,3,3,3,1.0,1.0,1.0,,,0,,DocumentReference/GLP1-029-PCP-001;DocumentReference/GLP1-029-PCP-002;DocumentReference/GLP1-029-PCP-003,
GLP1-029,UHC_WEGOVY_P1114_22_2026_09_01,comorbidity,ambiguous,,0,5,0,,0.0,,,,0,,DocumentReference/GLP1-029-PCP-001;DocumentReference/GLP1-029-PCP-002;DocumentReference/GLP1-029-PCP-003;DocumentReference/GLP1-029-PHARM-001;DocumentReference/GLP1-029-UC-001,
GLP1-030,AETNA_WEGOVY_4774C_2026_08_20,adjunct_diet_and_activity,ambiguous,PASS,5,6,5,1.0,0.8333333333333334,1.0,,,1,,DocumentReference/GLP1-030-NUTR-001;DocumentReference/GLP1-030-NUTR-002;DocumentReference/GLP1-030-PCP-001;DocumentReference/GLP1-030-PCP-002;DocumentReference/GLP1-030-PCP-003;DocumentReference/GLP1-030-PT-001,
GLP1-030,AETNA_WEGOVY_4774C_2026_08_20,program_6_months,ambiguous,PASS,5,6,5,1.0,0.8333333333333334,1.0,,,1,,DocumentReference/GLP1-030-NUTR-001;DocumentReference/GLP1-030-NUTR-002;DocumentReference/GLP1-030-PCP-001;DocumentReference/GLP1-030-PCP-002;DocumentReference/GLP1-030-PCP-003;DocumentReference/GLP1-030-PT-001,
GLP1-030,AETNA_WEGOVY_4774C_2026_08_20,comorbidity,ambiguous,,0,3,0,,0.0,,,,0,,DocumentReference/GLP1-030-PCP-001;DocumentReference/GLP1-030-PCP-002;DocumentReference/GLP1-030-PCP-003,
GLP1-030,BCBS_FEP_WEGOVY_2026_07_01,weight_management_program,ambiguous,PASS,5,5,4,0.8,0.8,0.8,,,1,,DocumentReference/GLP1-030-NUTR-001;DocumentReference/GLP1-030-NUTR-002;DocumentReference/GLP1-030-PCP-001;DocumentReference/GLP1-030-PCP-003;DocumentReference/GLP1-030-PT-001,DocumentReference/GLP1-030-PCP-002
GLP1-030,BCBS_FEP_WEGOVY_2026_07_01,no_concurrent_glp1,ambiguous,PASS,0,3,0,,0.0,,,,0,,DocumentReference/GLP1-030-NUTR-002;DocumentReference/GLP1-030-PCP-001;DocumentReference/GLP1-030-PCP-003,
GLP1-030,BCBS_FEP_WEGOVY_2026_07_01,no_concurrent_pa_weight_loss_med,ambiguous,PASS,0,3,0,,0.0,,,,0,,DocumentReference/GLP1-030-NUTR-002;DocumentReference/GLP1-030-PCP-001;DocumentReference/GLP1-030-PCP-003,
GLP1-030,BCBS_FEP_WEGOVY_2026_07_01,comorbidity,ambiguous,,0,3,0,,0.0,,,,0,,DocumentReference/GLP1-030-PCP-001;DocumentReference/GLP1-030-PCP-002;DocumentReference/GLP1-030-PCP-003,
GLP1-030,UHC_WEGOVY_P1114_22_2026_09_01,lifestyle_adjunct,ambiguous,PASS,5,6,5,1.0,0.8333333333333334,1.0,,,1,,DocumentReference/GLP1-030-NUTR-001;DocumentReference/GLP1-030-NUTR-002;DocumentReference/GLP1-030-PCP-001;DocumentReference/GLP1-030-PCP-002;DocumentReference/GLP1-030-PCP-003;DocumentReference/GLP1-030-PT-001,
GLP1-030,UHC_WEGOVY_P1114_22_2026_09_01,comorbidity,ambiguous,,0,3,0,,0.0,,,,0,,DocumentReference/GLP1-030-PCP-001;DocumentReference/GLP1-030-PCP-002;DocumentReference/GLP1-030-PCP-003,
GLP1-031,AETNA_WEGOVY_4774C_2026_08_20,adjunct_diet_and_activity,ambiguous,PASS,2,3,2,1.0,0.6666666666666666,1.0,,,1,,DocumentReference/GLP1-031-PCP-001;DocumentReference/GLP1-031-PCP-002;DocumentReference/GLP1-031-PT-001,
GLP1-031,AETNA_WEGOVY_4774C_2026_08_20,program_6_months,ambiguous,PASS,2,3,2,1.0,0.6666666666666666,1.0,,,1,,DocumentReference/GLP1-031-PCP-001;DocumentReference/GLP1-031-PCP-002;DocumentReference/GLP1-031-PT-001,
GLP1-031,AETNA_WEGOVY_4774C_2026_08_20,comorbidity,ambiguous,,0,4,0,,0.0,,,,0,,DocumentReference/GLP1-031-APE-001;DocumentReference/GLP1-031-GI-001;DocumentReference/GLP1-031-PCP-001;DocumentReference/GLP1-031-PCP-002,
GLP1-031,BCBS_FEP_WEGOVY_2026_07_01,weight_management_program,ambiguous,PASS,2,3,2,1.0,0.6666666666666666,1.0,,,1,,DocumentReference/GLP1-031-PCP-001;DocumentReference/GLP1-031-PCP-002;DocumentReference/GLP1-031-PT-001,
GLP1-031,BCBS_FEP_WEGOVY_2026_07_01,no_concurrent_glp1,ambiguous,PASS,0,3,0,,0.0,,,,0,,DocumentReference/GLP1-031-APE-001;DocumentReference/GLP1-031-PCP-002;DocumentReference/GLP1-031-PHARM-001,
GLP1-031,BCBS_FEP_WEGOVY_2026_07_01,no_concurrent_pa_weight_loss_med,ambiguous,PASS,0,3,0,,0.0,,,,0,,DocumentReference/GLP1-031-APE-001;DocumentReference/GLP1-031-PCP-002;DocumentReference/GLP1-031-PHARM-001,
GLP1-031,BCBS_FEP_WEGOVY_2026_07_01,comorbidity,ambiguous,,0,4,0,,0.0,,,,0,,DocumentReference/GLP1-031-APE-001;DocumentReference/GLP1-031-GI-001;DocumentReference/GLP1-031-PCP-001;DocumentReference/GLP1-031-PCP-002,
GLP1-031,UHC_WEGOVY_P1114_22_2026_09_01,lifestyle_adjunct,ambiguous,PASS,2,3,2,1.0,0.6666666666666666,1.0,,,1,,DocumentReference/GLP1-031-PCP-001;DocumentReference/GLP1-031-PCP-002;DocumentReference/GLP1-031-PT-001,
GLP1-031,UHC_WEGOVY_P1114_22_2026_09_01,comorbidity,ambiguous,,0,4,0,,0.0,,,,0,,DocumentReference/GLP1-031-APE-001;DocumentReference/GLP1-031-GI-001;DocumentReference/GLP1-031-PCP-001;DocumentReference/GLP1-031-PCP-002,
GLP1-032,AETNA_WEGOVY_4774C_2026_08_20,adjunct_diet_and_activity,ambiguous,PASS,4,6,4,1.0,0.6666666666666666,1.0,,,1,,DocumentReference/GLP1-032-MSG-001;DocumentReference/GLP1-032-NUTR-001;DocumentReference/GLP1-032-ORTH-001;DocumentReference/GLP1-032-PCP-001;DocumentReference/GLP1-032-PCP-002;DocumentReference/GLP1-032-TEL-003,
GLP1-032,AETNA_WEGOVY_4774C_2026_08_20,program_6_months,ambiguous,PASS,4,6,4,1.0,0.6666666666666666,1.0,,,1,,DocumentReference/GLP1-032-MSG-001;DocumentReference/GLP1-032-NUTR-001;DocumentReference/GLP1-032-ORTH-001;DocumentReference/GLP1-032-PCP-001;DocumentReference/GLP1-032-PCP-002;DocumentReference/GLP1-032-TEL-003,
GLP1-032,AETNA_WEGOVY_4774C_2026_08_20,comorbidity,ambiguous,,4,3,3,0.75,1.0,0.75,,,0,,DocumentReference/GLP1-032-OSR-002;DocumentReference/GLP1-032-PCP-001;DocumentReference/GLP1-032-PCP-002,DocumentReference/GLP1-032-TEL-002
GLP1-032,BCBS_FEP_WEGOVY_2026_07_01,weight_management_program,ambiguous,PASS,4,5,4,1.0,0.8,1.0,,,1,,DocumentReference/GLP1-032-MSG-001;DocumentReference/GLP1-032-NUTR-001;DocumentReference/GLP1-032-ORTH-001;DocumentReference/GLP1-032-PCP-001;DocumentReference/GLP1-032-TEL-003,
GLP1-032,BCBS_FEP_WEGOVY_2026_07_01,no_concurrent_glp1,ambiguous,PASS,0,3,0,,0.0,,,,0,,DocumentReference/GLP1-032-MSG-001;DocumentReference/GLP1-032-ORTH-001;DocumentReference/GLP1-032-PCP-002,
GLP1-032,BCBS_FEP_WEGOVY_2026_07_01,no_concurrent_pa_weight_loss_med,ambiguous,PASS,0,3,0,,0.0,,,,0,,DocumentReference/GLP1-032-MSG-001;DocumentReference/GLP1-032-ORTH-001;DocumentReference/GLP1-032-PCP-002,
GLP1-032,BCBS_FEP_WEGOVY_2026_07_01,comorbidity,ambiguous,,4,3,3,0.75,1.0,0.75,,,0,,DocumentReference/GLP1-032-OSR-002;DocumentReference/GLP1-032-PCP-001;DocumentReference/GLP1-032-PCP-002,DocumentReference/GLP1-032-TEL-002
GLP1-032,UHC_WEGOVY_P1114_22_2026_09_01,lifestyle_adjunct,ambiguous,PASS,4,6,4,1.0,0.6666666666666666,1.0,,,1,,DocumentReference/GLP1-032-MSG-001;DocumentReference/GLP1-032-NUTR-001;DocumentReference/GLP1-032-ORTH-001;DocumentReference/GLP1-032-PCP-001;DocumentReference/GLP1-032-PCP-002;DocumentReference/GLP1-032-TEL-003,
GLP1-032,UHC_WEGOVY_P1114_22_2026_09_01,comorbidity,ambiguous,,4,3,3,0.75,1.0,0.75,,,0,,DocumentReference/GLP1-032-OSR-002;DocumentReference/GLP1-032-PCP-001;DocumentReference/GLP1-032-PCP-002,DocumentReference/GLP1-032-TEL-002
GLP1-033,AETNA_WEGOVY_4774C_2026_08_20,adjunct_diet_and_activity,ambiguous,PASS,4,4,4,1.0,1.0,1.0,1.0,,0,,DocumentReference/GLP1-033-NUTR-001;DocumentReference/GLP1-033-PCP-001;DocumentReference/GLP1-033-PCP-002;DocumentReference/GLP1-033-TEL-001,
GLP1-033,AETNA_WEGOVY_4774C_2026_08_20,program_6_months,ambiguous,CONFLICT,4,4,4,1.0,1.0,1.0,1.0,1.0,0,True,DocumentReference/GLP1-033-NUTR-001;DocumentReference/GLP1-033-PCP-001;DocumentReference/GLP1-033-PCP-002;DocumentReference/GLP1-033-TEL-001,
GLP1-033,AETNA_WEGOVY_4774C_2026_08_20,comorbidity,ambiguous,,0,4,0,,0.0,,,,0,,DocumentReference/GLP1-033-PCP-001;DocumentReference/GLP1-033-PCP-002;DocumentReference/GLP1-033-PHARM-001;DocumentReference/GLP1-033-UC-001,
GLP1-033,BCBS_FEP_WEGOVY_2026_07_01,weight_management_program,ambiguous,PASS,4,4,4,1.0,1.0,1.0,1.0,,0,,DocumentReference/GLP1-033-NUTR-001;DocumentReference/GLP1-033-PCP-001;DocumentReference/GLP1-033-PCP-002;DocumentReference/GLP1-033-TEL-001,
GLP1-033,BCBS_FEP_WEGOVY_2026_07_01,no_concurrent_glp1,ambiguous,PASS,0,3,0,,0.0,,,,0,,DocumentReference/GLP1-033-NUTR-001;DocumentReference/GLP1-033-PCP-002;DocumentReference/GLP1-033-PHARM-001,
GLP1-033,BCBS_FEP_WEGOVY_2026_07_01,no_concurrent_pa_weight_loss_med,ambiguous,PASS,0,3,0,,0.0,,,,0,,DocumentReference/GLP1-033-NUTR-001;DocumentReference/GLP1-033-PCP-002;DocumentReference/GLP1-033-PHARM-001,
GLP1-033,BCBS_FEP_WEGOVY_2026_07_01,comorbidity,ambiguous,,0,4,0,,0.0,,,,0,,DocumentReference/GLP1-033-PCP-001;DocumentReference/GLP1-033-PCP-002;DocumentReference/GLP1-033-PHARM-001;DocumentReference/GLP1-033-UC-001,
GLP1-033,UHC_WEGOVY_P1114_22_2026_09_01,lifestyle_adjunct,ambiguous,PASS,4,4,4,1.0,1.0,1.0,1.0,,0,,DocumentReference/GLP1-033-NUTR-001;DocumentReference/GLP1-033-PCP-001;DocumentReference/GLP1-033-PCP-002;DocumentReference/GLP1-033-TEL-001,
GLP1-033,UHC_WEGOVY_P1114_22_2026_09_01,comorbidity,ambiguous,,0,4,0,,0.0,,,,0,,DocumentReference/GLP1-033-PCP-001;DocumentReference/GLP1-033-PCP-002;DocumentReference/GLP1-033-PHARM-001;DocumentReference/GLP1-033-UC-001,
GLP1-034,AETNA_WEGOVY_4774C_2026_08_20,adjunct_diet_and_activity,ambiguous,PASS,5,5,5,1.0,1.0,1.0,,,0,,DocumentReference/GLP1-034-NUTR-001;DocumentReference/GLP1-034-NUTR-002;DocumentReference/GLP1-034-PCP-001;DocumentReference/GLP1-034-PCP-002;DocumentReference/GLP1-034-PCP-003,
GLP1-034,AETNA_WEGOVY_4774C_2026_08_20,program_6_months,ambiguous,PASS,5,6,5,1.0,0.8333333333333334,1.0,,,0,,DocumentReference/GLP1-034-NUTR-001;DocumentReference/GLP1-034-NUTR-002;DocumentReference/GLP1-034-PCP-001;DocumentReference/GLP1-034-PCP-002;DocumentReference/GLP1-034-PCP-003;DocumentReference/GLP1-034-PHARM-001,
GLP1-034,AETNA_WEGOVY_4774C_2026_08_20,comorbidity,ambiguous,,3,4,3,1.0,0.75,1.0,,,0,,DocumentReference/GLP1-034-PCP-002;DocumentReference/GLP1-034-PCP-003;DocumentReference/GLP1-034-PHARM-001;DocumentReference/GLP1-034-UC-001,
GLP1-034,BCBS_FEP_WEGOVY_2026_07_01,weight_management_program,ambiguous,PASS,5,5,5,1.0,1.0,1.0,,,0,,DocumentReference/GLP1-034-NUTR-001;DocumentReference/GLP1-034-NUTR-002;DocumentReference/GLP1-034-PCP-001;DocumentReference/GLP1-034-PCP-002;DocumentReference/GLP1-034-PCP-003,
GLP1-034,BCBS_FEP_WEGOVY_2026_07_01,no_concurrent_glp1,ambiguous,PASS,0,3,0,,0.0,,,,0,,DocumentReference/GLP1-034-NUTR-002;DocumentReference/GLP1-034-PCP-003;DocumentReference/GLP1-034-PHARM-001,
GLP1-034,BCBS_FEP_WEGOVY_2026_07_01,no_concurrent_pa_weight_loss_med,ambiguous,PASS,0,3,0,,0.0,,,,0,,DocumentReference/GLP1-034-NUTR-002;DocumentReference/GLP1-034-PCP-003;DocumentReference/GLP1-034-PHARM-001,
GLP1-034,BCBS_FEP_WEGOVY_2026_07_01,comorbidity,ambiguous,,3,4,3,1.0,0.75,1.0,,,0,,DocumentReference/GLP1-034-PCP-002;DocumentReference/GLP1-034-PCP-003;DocumentReference/GLP1-034-PHARM-001;DocumentReference/GLP1-034-UC-001,
GLP1-034,UHC_WEGOVY_P1114_22_2026_09_01,lifestyle_adjunct,ambiguous,PASS,5,6,5,1.0,0.8333333333333334,1.0,,,0,,DocumentReference/GLP1-034-NUTR-001;DocumentReference/GLP1-034-NUTR-002;DocumentReference/GLP1-034-PCP-001;DocumentReference/GLP1-034-PCP-002;DocumentReference/GLP1-034-PCP-003;DocumentReference/GLP1-034-PHARM-001,
GLP1-034,UHC_WEGOVY_P1114_22_2026_09_01,comorbidity,ambiguous,,3,4,3,1.0,0.75,1.0,,,0,,DocumentReference/GLP1-034-PCP-002;DocumentReference/GLP1-034-PCP-003;DocumentReference/GLP1-034-PHARM-001;DocumentReference/GLP1-034-UC-001,
GLP1-035,AETNA_WEGOVY_4774C_2026_08_20,adjunct_diet_and_activity,ambiguous,PASS,5,6,5,1.0,0.8333333333333334,1.0,,,0,,DocumentReference/GLP1-035-NUTR-001;DocumentReference/GLP1-035-NUTR-002;DocumentReference/GLP1-035-OPH-001;DocumentReference/GLP1-035-PCP-001;DocumentReference/GLP1-035-PCP-002;DocumentReference/GLP1-035-PCP-003,
GLP1-035,AETNA_WEGOVY_4774C_2026_08_20,program_6_months,ambiguous,PASS,5,6,5,1.0,0.8333333333333334,1.0,,,0,,DocumentReference/GLP1-035-NUTR-001;DocumentReference/GLP1-035-NUTR-002;DocumentReference/GLP1-035-OPH-001;DocumentReference/GLP1-035-PCP-001;DocumentReference/GLP1-035-PCP-002;DocumentReference/GLP1-035-PCP-003,
GLP1-035,AETNA_WEGOVY_4774C_2026_08_20,comorbidity,ambiguous,,0,4,0,,0.0,,,,0,,DocumentReference/GLP1-035-LAB-002;DocumentReference/GLP1-035-PCP-001;DocumentReference/GLP1-035-PCP-002;DocumentReference/GLP1-035-PCP-003,
GLP1-035,BCBS_FEP_WEGOVY_2026_07_01,weight_management_program,ambiguous,PASS,5,5,5,1.0,1.0,1.0,,,0,,DocumentReference/GLP1-035-NUTR-001;DocumentReference/GLP1-035-NUTR-002;DocumentReference/GLP1-035-PCP-001;DocumentReference/GLP1-035-PCP-002;DocumentReference/GLP1-035-PCP-003,
GLP1-035,BCBS_FEP_WEGOVY_2026_07_01,no_concurrent_glp1,ambiguous,PASS,0,4,0,,0.0,,,,0,,DocumentReference/GLP1-035-LAB-002;DocumentReference/GLP1-035-NUTR-002;DocumentReference/GLP1-035-ORTH-001;DocumentReference/GLP1-035-PCP-003,
GLP1-035,BCBS_FEP_WEGOVY_2026_07_01,no_concurrent_pa_weight_loss_med,ambiguous,PASS,0,4,0,,0.0,,,,0,,DocumentReference/GLP1-035-LAB-002;DocumentReference/GLP1-035-NUTR-002;DocumentReference/GLP1-035-ORTH-001;DocumentReference/GLP1-035-PCP-003,
GLP1-035,BCBS_FEP_WEGOVY_2026_07_01,comorbidity,ambiguous,,0,4,0,,0.0,,,,0,,DocumentReference/GLP1-035-LAB-002;DocumentReference/GLP1-035-PCP-001;DocumentReference/GLP1-035-PCP-002;DocumentReference/GLP1-035-PCP-003,
GLP1-035,UHC_WEGOVY_P1114_22_2026_09_01,lifestyle_adjunct,ambiguous,PASS,5,6,5,1.0,0.8333333333333334,1.0,,,0,,DocumentReference/GLP1-035-NUTR-001;DocumentReference/GLP1-035-NUTR-002;DocumentReference/GLP1-035-OPH-001;DocumentReference/GLP1-035-PCP-001;DocumentReference/GLP1-035-PCP-002;DocumentReference/GLP1-035-PCP-003,
GLP1-035,UHC_WEGOVY_P1114_22_2026_09_01,comorbidity,ambiguous,,0,4,0,,0.0,,,,0,,DocumentReference/GLP1-035-LAB-002;DocumentReference/GLP1-035-PCP-001;DocumentReference/GLP1-035-PCP-002;DocumentReference/GLP1-035-PCP-003,
GLP1-036,AETNA_WEGOVY_4774C_2026_08_20,adjunct_diet_and_activity,hard,INSUFFICIENT,4,4,4,1.0,1.0,1.0,1.0,1.0,0,,DocumentReference/GLP1-036-NUTR-001;DocumentReference/GLP1-036-PCP-001;DocumentReference/GLP1-036-PCP-002;DocumentReference/GLP1-036-TEL-003,
GLP1-036,AETNA_WEGOVY_4774C_2026_08_20,program_6_months,hard,FAIL,4,4,4,1.0,1.0,1.0,1.0,1.0,0,True,DocumentReference/GLP1-036-NUTR-001;DocumentReference/GLP1-036-PCP-001;DocumentReference/GLP1-036-PCP-002;DocumentReference/GLP1-036-TEL-003,
GLP1-036,AETNA_WEGOVY_4774C_2026_08_20,comorbidity,hard,,4,5,3,0.75,0.6,0.75,,,0,,DocumentReference/GLP1-036-LAB-001;DocumentReference/GLP1-036-OSR-001;DocumentReference/GLP1-036-PCP-002;DocumentReference/GLP1-036-PHARM-001;DocumentReference/GLP1-036-UC-001,DocumentReference/GLP1-036-PCP-001
GLP1-036,BCBS_FEP_WEGOVY_2026_07_01,weight_management_program,hard,PASS,4,4,4,1.0,1.0,1.0,1.0,1.0,0,,DocumentReference/GLP1-036-NUTR-001;DocumentReference/GLP1-036-PCP-001;DocumentReference/GLP1-036-PCP-002;DocumentReference/GLP1-036-TEL-003,
GLP1-036,BCBS_FEP_WEGOVY_2026_07_01,no_concurrent_glp1,hard,PASS,0,4,0,,0.0,,,,0,,DocumentReference/GLP1-036-ORTH-001;DocumentReference/GLP1-036-PCP-002;DocumentReference/GLP1-036-PHARM-001;DocumentReference/GLP1-036-TEL-003,
GLP1-036,BCBS_FEP_WEGOVY_2026_07_01,no_concurrent_pa_weight_loss_med,hard,PASS,0,4,0,,0.0,,,,0,,DocumentReference/GLP1-036-ORTH-001;DocumentReference/GLP1-036-PCP-002;DocumentReference/GLP1-036-PHARM-001;DocumentReference/GLP1-036-TEL-003,
GLP1-036,BCBS_FEP_WEGOVY_2026_07_01,comorbidity,hard,,4,5,3,0.75,0.6,0.75,,,0,,DocumentReference/GLP1-036-LAB-001;DocumentReference/GLP1-036-OSR-001;DocumentReference/GLP1-036-PCP-002;DocumentReference/GLP1-036-PHARM-001;DocumentReference/GLP1-036-UC-001,DocumentReference/GLP1-036-PCP-001
GLP1-036,UHC_WEGOVY_P1114_22_2026_09_01,lifestyle_adjunct,hard,INSUFFICIENT,4,4,4,1.0,1.0,1.0,1.0,1.0,0,,DocumentReference/GLP1-036-NUTR-001;DocumentReference/GLP1-036-PCP-001;DocumentReference/GLP1-036-PCP-002;DocumentReference/GLP1-036-TEL-003,
GLP1-036,UHC_WEGOVY_P1114_22_2026_09_01,comorbidity,hard,,4,5,3,0.75,0.6,0.75,,,0,,DocumentReference/GLP1-036-LAB-001;DocumentReference/GLP1-036-OSR-001;DocumentReference/GLP1-036-PCP-002;DocumentReference/GLP1-036-PHARM-001;DocumentReference/GLP1-036-UC-001,DocumentReference/GLP1-036-PCP-001
GLP1-037,AETNA_WEGOVY_4774C_2026_08_20,adjunct_diet_and_activity,hard,PASS,4,5,4,1.0,0.8,1.0,1.0,,1,,DocumentReference/GLP1-037-MSG-002;DocumentReference/GLP1-037-ORTH-001;DocumentReference/GLP1-037-PCP-001;DocumentReference/GLP1-037-PCP-002;DocumentReference/GLP1-037-PCP-003,
GLP1-037,AETNA_WEGOVY_4774C_2026_08_20,program_6_months,hard,FAIL,4,5,4,1.0,0.8,1.0,1.0,1.0,1,True,DocumentReference/GLP1-037-MSG-002;DocumentReference/GLP1-037-ORTH-001;DocumentReference/GLP1-037-PCP-001;DocumentReference/GLP1-037-PCP-002;DocumentReference/GLP1-037-PCP-003,
GLP1-037,AETNA_WEGOVY_4774C_2026_08_20,comorbidity,hard,,0,4,0,,0.0,,,,0,,DocumentReference/GLP1-037-PCP-001;DocumentReference/GLP1-037-PCP-002;DocumentReference/GLP1-037-PCP-003;DocumentReference/GLP1-037-PHARM-001,
GLP1-037,BCBS_FEP_WEGOVY_2026_07_01,weight_management_program,hard,PASS,4,4,4,1.0,1.0,1.0,1.0,,0,,DocumentReference/GLP1-037-MSG-002;DocumentReference/GLP1-037-PCP-001;DocumentReference/GLP1-037-PCP-002;DocumentReference/GLP1-037-PCP-003,
GLP1-037,BCBS_FEP_WEGOVY_2026_07_01,no_concurrent_glp1,hard,PASS,0,4,0,,0.0,,,,0,,DocumentReference/GLP1-037-MSG-002;DocumentReference/GLP1-037-ORTH-001;DocumentReference/GLP1-037-PCP-003;DocumentReference/GLP1-037-PHARM-001,
GLP1-037,BCBS_FEP_WEGOVY_2026_07_01,no_concurrent_pa_weight_loss_med,hard,PASS,0,4,0,,0.0,,,,0,,DocumentReference/GLP1-037-MSG-002;DocumentReference/GLP1-037-ORTH-001;DocumentReference/GLP1-037-PCP-003;DocumentReference/GLP1-037-PHARM-001,
GLP1-037,BCBS_FEP_WEGOVY_2026_07_01,comorbidity,hard,,0,4,0,,0.0,,,,0,,DocumentReference/GLP1-037-PCP-001;DocumentReference/GLP1-037-PCP-002;DocumentReference/GLP1-037-PCP-003;DocumentReference/GLP1-037-PHARM-001,
GLP1-037,UHC_WEGOVY_P1114_22_2026_09_01,lifestyle_adjunct,hard,PASS,4,5,4,1.0,0.8,1.0,1.0,,1,,DocumentReference/GLP1-037-MSG-002;DocumentReference/GLP1-037-ORTH-001;DocumentReference/GLP1-037-PCP-001;DocumentReference/GLP1-037-PCP-002;DocumentReference/GLP1-037-PCP-003,
GLP1-037,UHC_WEGOVY_P1114_22_2026_09_01,comorbidity,hard,,0,4,0,,0.0,,,,0,,DocumentReference/GLP1-037-PCP-001;DocumentReference/GLP1-037-PCP-002;DocumentReference/GLP1-037-PCP-003;DocumentReference/GLP1-037-PHARM-001,
GLP1-038,AETNA_WEGOVY_4774C_2026_08_20,adjunct_diet_and_activity,hard,PASS,5,6,5,1.0,0.8333333333333334,1.0,,,1,,DocumentReference/GLP1-038-LAB-003;DocumentReference/GLP1-038-NUTR-001;DocumentReference/GLP1-038-NUTR-002;DocumentReference/GLP1-038-PCP-001;DocumentReference/GLP1-038-PCP-002;DocumentReference/GLP1-038-PCP-003,
GLP1-038,AETNA_WEGOVY_4774C_2026_08_20,program_6_months,hard,PASS,5,6,5,1.0,0.8333333333333334,1.0,,,1,,DocumentReference/GLP1-038-LAB-003;DocumentReference/GLP1-038-NUTR-001;DocumentReference/GLP1-038-NUTR-002;DocumentReference/GLP1-038-PCP-001;DocumentReference/GLP1-038-PCP-002;DocumentReference/GLP1-038-PCP-003,
GLP1-038,AETNA_WEGOVY_4774C_2026_08_20,comorbidity,hard,,0,3,0,,0.0,,,,0,,DocumentReference/GLP1-038-PCP-001;DocumentReference/GLP1-038-PCP-002;DocumentReference/GLP1-038-PCP-003,
GLP1-038,BCBS_FEP_WEGOVY_2026_07_01,weight_management_program,hard,PASS,5,4,4,0.8,1.0,0.8,,,0,,DocumentReference/GLP1-038-NUTR-001;DocumentReference/GLP1-038-NUTR-002;DocumentReference/GLP1-038-PCP-001;DocumentReference/GLP1-038-PCP-003,DocumentReference/GLP1-038-PCP-002
GLP1-038,BCBS_FEP_WEGOVY_2026_07_01,no_concurrent_glp1,hard,PASS,1,4,1,1.0,0.25,1.0,,,0,,DocumentReference/GLP1-038-NUTR-002;DocumentReference/GLP1-038-PCP-003;DocumentReference/GLP1-038-PHARM-001;DocumentReference/GLP1-038-TEL-001,
GLP1-038,BCBS_FEP_WEGOVY_2026_07_01,no_concurrent_pa_weight_loss_med,hard,PASS,1,4,1,1.0,0.25,1.0,,,0,,DocumentReference/GLP1-038-NUTR-002;DocumentReference/GLP1-038-PCP-003;DocumentReference/GLP1-038-PHARM-001;DocumentReference/GLP1-038-TEL-001,
GLP1-038,BCBS_FEP_WEGOVY_2026_07_01,comorbidity,hard,,0,3,0,,0.0,,,,0,,DocumentReference/GLP1-038-PCP-001;DocumentReference/GLP1-038-PCP-002;DocumentReference/GLP1-038-PCP-003,
GLP1-038,UHC_WEGOVY_P1114_22_2026_09_01,lifestyle_adjunct,hard,PASS,5,6,5,1.0,0.8333333333333334,1.0,,,1,,DocumentReference/GLP1-038-LAB-003;DocumentReference/GLP1-038-NUTR-001;DocumentReference/GLP1-038-NUTR-002;DocumentReference/GLP1-038-PCP-001;DocumentReference/GLP1-038-PCP-002;DocumentReference/GLP1-038-PCP-003,
GLP1-038,UHC_WEGOVY_P1114_22_2026_09_01,comorbidity,hard,,0,3,0,,0.0,,,,0,,DocumentReference/GLP1-038-PCP-001;DocumentReference/GLP1-038-PCP-002;DocumentReference/GLP1-038-PCP-003,
GLP1-039,AETNA_WEGOVY_4774C_2026_08_20,adjunct_diet_and_activity,hard,PASS,5,6,5,1.0,0.8333333333333334,1.0,,,1,,DocumentReference/GLP1-039-NUTR-001;DocumentReference/GLP1-039-NUTR-002;DocumentReference/GLP1-039-ORTH-001;DocumentReference/GLP1-039-PCP-001;DocumentReference/GLP1-039-PCP-002;DocumentReference/GLP1-039-PCP-003,
GLP1-039,AETNA_WEGOVY_4774C_2026_08_20,program_6_months,hard,PASS,5,5,4,0.8,0.8,0.8,,,1,,DocumentReference/GLP1-039-NUTR-001;DocumentReference/GLP1-039-NUTR-002;DocumentReference/GLP1-039-ORTH-001;DocumentReference/GLP1-039-PCP-001;DocumentReference/GLP1-039-PCP-003,DocumentReference/GLP1-039-PCP-002
GLP1-039,AETNA_WEGOVY_4774C_2026_08_20,comorbidity,hard,,4,4,3,0.75,0.75,0.75,,,0,,DocumentReference/GLP1-039-NUTR-001;DocumentReference/GLP1-039-PCP-001;DocumentReference/GLP1-039-PCP-002;DocumentReference/GLP1-039-PCP-003,DocumentReference/GLP1-039-PHARM-001
GLP1-039,BCBS_FEP_WEGOVY_2026_07_01,weight_management_program,hard,PASS,5,4,4,0.8,1.0,0.8,,,0,,DocumentReference/GLP1-039-NUTR-001;DocumentReference/GLP1-039-NUTR-002;DocumentReference/GLP1-039-PCP-001;DocumentReference/GLP1-039-PCP-003,DocumentReference/GLP1-039-PCP-002
GLP1-039,BCBS_FEP_WEGOVY_2026_07_01,no_concurrent_glp1,hard,PASS,1,4,1,1.0,0.25,1.0,,,0,,DocumentReference/GLP1-039-NUTR-002;DocumentReference/GLP1-039-ORTH-001;DocumentReference/GLP1-039-PCP-003;DocumentReference/GLP1-039-PHARM-001,
GLP1-039,BCBS_FEP_WEGOVY_2026_07_01,no_concurrent_pa_weight_loss_med,hard,PASS,1,4,1,1.0,0.25,1.0,,,0,,DocumentReference/GLP1-039-NUTR-002;DocumentReference/GLP1-039-ORTH-001;DocumentReference/GLP1-039-PCP-003;DocumentReference/GLP1-039-PHARM-001,
GLP1-039,BCBS_FEP_WEGOVY_2026_07_01,comorbidity,hard,,4,4,3,0.75,0.75,0.75,,,0,,DocumentReference/GLP1-039-NUTR-001;DocumentReference/GLP1-039-PCP-001;DocumentReference/GLP1-039-PCP-002;DocumentReference/GLP1-039-PCP-003,DocumentReference/GLP1-039-PHARM-001
GLP1-039,UHC_WEGOVY_P1114_22_2026_09_01,lifestyle_adjunct,hard,PASS,5,5,4,0.8,0.8,0.8,,,1,,DocumentReference/GLP1-039-NUTR-001;DocumentReference/GLP1-039-NUTR-002;DocumentReference/GLP1-039-ORTH-001;DocumentReference/GLP1-039-PCP-001;DocumentReference/GLP1-039-PCP-003,DocumentReference/GLP1-039-PCP-002
GLP1-039,UHC_WEGOVY_P1114_22_2026_09_01,comorbidity,hard,,4,4,3,0.75,0.75,0.75,,,0,,DocumentReference/GLP1-039-NUTR-001;DocumentReference/GLP1-039-PCP-001;DocumentReference/GLP1-039-PCP-002;DocumentReference/GLP1-039-PCP-003,DocumentReference/GLP1-039-PHARM-001
GLP1-040,AETNA_WEGOVY_4774C_2026_08_20,adjunct_diet_and_activity,hard,PASS,5,5,5,1.0,1.0,1.0,,,0,,DocumentReference/GLP1-040-NUTR-001;DocumentReference/GLP1-040-NUTR-002;DocumentReference/GLP1-040-PCP-001;DocumentReference/GLP1-040-PCP-002;DocumentReference/GLP1-040-PCP-003,
GLP1-040,AETNA_WEGOVY_4774C_2026_08_20,program_6_months,hard,PASS,5,5,5,1.0,1.0,1.0,,,0,,DocumentReference/GLP1-040-NUTR-001;DocumentReference/GLP1-040-NUTR-002;DocumentReference/GLP1-040-PCP-001;DocumentReference/GLP1-040-PCP-002;DocumentReference/GLP1-040-PCP-003,
GLP1-040,AETNA_WEGOVY_4774C_2026_08_20,comorbidity,hard,,0,3,0,,0.0,,,,0,,DocumentReference/GLP1-040-PCP-001;DocumentReference/GLP1-040-PCP-002;DocumentReference/GLP1-040-PCP-003,
GLP1-040,BCBS_FEP_WEGOVY_2026_07_01,weight_management_program,hard,PASS,5,5,5,1.0,1.0,1.0,,,0,,DocumentReference/GLP1-040-NUTR-001;DocumentReference/GLP1-040-NUTR-002;DocumentReference/GLP1-040-PCP-001;DocumentReference/GLP1-040-PCP-002;DocumentReference/GLP1-040-PCP-003,
GLP1-040,BCBS_FEP_WEGOVY_2026_07_01,no_concurrent_glp1,hard,PASS,0,4,0,,0.0,,,,0,,DocumentReference/GLP1-040-NUTR-002;DocumentReference/GLP1-040-OSR-003;DocumentReference/GLP1-040-PCP-003;DocumentReference/GLP1-040-PHARM-001,
GLP1-040,BCBS_FEP_WEGOVY_2026_07_01,no_concurrent_pa_weight_loss_med,hard,PASS,0,4,0,,0.0,,,,0,,DocumentReference/GLP1-040-NUTR-002;DocumentReference/GLP1-040-OSR-003;DocumentReference/GLP1-040-PCP-003;DocumentReference/GLP1-040-PHARM-001,
GLP1-040,BCBS_FEP_WEGOVY_2026_07_01,comorbidity,hard,,0,3,0,,0.0,,,,0,,DocumentReference/GLP1-040-PCP-001;DocumentReference/GLP1-040-PCP-002;DocumentReference/GLP1-040-PCP-003,
GLP1-040,UHC_WEGOVY_P1114_22_2026_09_01,lifestyle_adjunct,hard,PASS,5,5,5,1.0,1.0,1.0,,,0,,DocumentReference/GLP1-040-NUTR-001;DocumentReference/GLP1-040-NUTR-002;DocumentReference/GLP1-040-PCP-001;DocumentReference/GLP1-040-PCP-002;DocumentReference/GLP1-040-PCP-003,
GLP1-040,UHC_WEGOVY_P1114_22_2026_09_01,comorbidity,hard,,0,3,0,,0.0,,,,0,,DocumentReference/GLP1-040-PCP-001;DocumentReference/GLP1-040-PCP-002;DocumentReference/GLP1-040-PCP-003,
GLP1-041,AETNA_WEGOVY_4774C_2026_08_20,adjunct_diet_and_activity,hard,PASS,5,5,5,1.0,1.0,1.0,,,0,,DocumentReference/GLP1-041-NUTR-001;DocumentReference/GLP1-041-NUTR-002;DocumentReference/GLP1-041-PCP-001;DocumentReference/GLP1-041-PCP-002;DocumentReference/GLP1-041-PCP-003,
GLP1-041,AETNA_WEGOVY_4774C_2026_08_20,program_6_months,hard,PASS,5,5,5,1.0,1.0,1.0,,,0,,DocumentReference/GLP1-041-NUTR-001;DocumentReference/GLP1-041-NUTR-002;DocumentReference/GLP1-041-PCP-001;DocumentReference/GLP1-041-PCP-002;DocumentReference/GLP1-041-PCP-003,
GLP1-041,AETNA_WEGOVY_4774C_2026_08_20,comorbidity,hard,,0,4,0,,0.0,,,,0,,DocumentReference/GLP1-041-LAB-003;DocumentReference/GLP1-041-PCP-001;DocumentReference/GLP1-041-PCP-002;DocumentReference/GLP1-041-PCP-003,
GLP1-041,BCBS_FEP_WEGOVY_2026_07_01,weight_management_program,hard,PASS,5,5,5,1.0,1.0,1.0,,,0,,DocumentReference/GLP1-041-NUTR-001;DocumentReference/GLP1-041-NUTR-002;DocumentReference/GLP1-041-PCP-001;DocumentReference/GLP1-041-PCP-002;DocumentReference/GLP1-041-PCP-003,
GLP1-041,BCBS_FEP_WEGOVY_2026_07_01,no_concurrent_glp1,hard,PASS,0,4,0,,0.0,,,,0,,DocumentReference/GLP1-041-LAB-003;DocumentReference/GLP1-041-NUTR-002;DocumentReference/GLP1-041-PCP-003;DocumentReference/GLP1-041-PHARM-001,
GLP1-041,BCBS_FEP_WEGOVY_2026_07_01,no_concurrent_pa_weight_loss_med,hard,PASS,0,4,0,,0.0,,,,0,,DocumentReference/GLP1-041-LAB-003;DocumentReference/GLP1-041-NUTR-002;DocumentReference/GLP1-041-PCP-003;DocumentReference/GLP1-041-PHARM-001,
GLP1-041,BCBS_FEP_WEGOVY_2026_07_01,comorbidity,hard,,0,4,0,,0.0,,,,0,,DocumentReference/GLP1-041-LAB-003;DocumentReference/GLP1-041-PCP-001;DocumentReference/GLP1-041-PCP-002;DocumentReference/GLP1-041-PCP-003,
GLP1-041,UHC_WEGOVY_P1114_22_2026_09_01,lifestyle_adjunct,hard,PASS,5,5,5,1.0,1.0,1.0,,,0,,DocumentReference/GLP1-041-NUTR-001;DocumentReference/GLP1-041-NUTR-002;DocumentReference/GLP1-041-PCP-001;DocumentReference/GLP1-041-PCP-002;DocumentReference/GLP1-041-PCP-003,
GLP1-041,UHC_WEGOVY_P1114_22_2026_09_01,comorbidity,hard,,0,4,0,,0.0,,,,0,,DocumentReference/GLP1-041-LAB-003;DocumentReference/GLP1-041-PCP-001;DocumentReference/GLP1-041-PCP-002;DocumentReference/GLP1-041-PCP-003,
GLP1-042,AETNA_WEGOVY_4774C_2026_08_20,adjunct_diet_and_activity,hard,PASS,4,4,4,1.0,1.0,1.0,,1.0,0,,DocumentReference/GLP1-042-NUTR-001;DocumentReference/GLP1-042-NUTR-002;DocumentReference/GLP1-042-PCP-001;DocumentReference/GLP1-042-PCP-002,
GLP1-042,AETNA_WEGOVY_4774C_2026_08_20,program_6_months,hard,CONFLICT,4,4,4,1.0,1.0,1.0,1.0,1.0,0,True,DocumentReference/GLP1-042-NUTR-001;DocumentReference/GLP1-042-NUTR-002;DocumentReference/GLP1-042-PCP-001;DocumentReference/GLP1-042-PCP-002,
GLP1-042,AETNA_WEGOVY_4774C_2026_08_20,comorbidity,hard,,2,4,2,1.0,0.5,1.0,,,0,,DocumentReference/GLP1-042-LAB-001;DocumentReference/GLP1-042-PCP-001;DocumentReference/GLP1-042-PCP-002;DocumentReference/GLP1-042-UC-002,
GLP1-042,BCBS_FEP_WEGOVY_2026_07_01,weight_management_program,hard,PASS,4,3,3,0.75,1.0,0.6666666666666666,,1.0,0,,DocumentReference/GLP1-042-NUTR-001;DocumentReference/GLP1-042-NUTR-002;DocumentReference/GLP1-042-PCP-001,DocumentReference/GLP1-042-PCP-002
GLP1-042,BCBS_FEP_WEGOVY_2026_07_01,no_concurrent_glp1,hard,PASS,0,5,0,,0.0,,,,0,,DocumentReference/GLP1-042-LAB-001;DocumentReference/GLP1-042-NUTR-002;DocumentReference/GLP1-042-ORTH-002;DocumentReference/GLP1-042-PCP-002;DocumentReference/GLP1-042-TEL-001,
GLP1-042,BCBS_FEP_WEGOVY_2026_07_01,no_concurrent_pa_weight_loss_med,hard,PASS,0,5,0,,0.0,,,,0,,DocumentReference/GLP1-042-LAB-001;DocumentReference/GLP1-042-NUTR-002;DocumentReference/GLP1-042-ORTH-002;DocumentReference/GLP1-042-PCP-002;DocumentReference/GLP1-042-TEL-001,
GLP1-042,BCBS_FEP_WEGOVY_2026_07_01,comorbidity,hard,,2,4,2,1.0,0.5,1.0,,,0,,DocumentReference/GLP1-042-LAB-001;DocumentReference/GLP1-042-PCP-001;DocumentReference/GLP1-042-PCP-002;DocumentReference/GLP1-042-UC-002,
GLP1-042,UHC_WEGOVY_P1114_22_2026_09_01,lifestyle_adjunct,hard,PASS,4,4,4,1.0,1.0,1.0,,1.0,0,,DocumentReference/GLP1-042-NUTR-001;DocumentReference/GLP1-042-NUTR-002;DocumentReference/GLP1-042-PCP-001;DocumentReference/GLP1-042-PCP-002,
GLP1-042,UHC_WEGOVY_P1114_22_2026_09_01,comorbidity,hard,,2,4,2,1.0,0.5,1.0,,,0,,DocumentReference/GLP1-042-LAB-001;DocumentReference/GLP1-042-PCP-001;DocumentReference/GLP1-042-PCP-002;DocumentReference/GLP1-042-UC-002,
GLP1-043,AETNA_WEGOVY_4774C_2026_08_20,adjunct_diet_and_activity,hard,FAIL,4,4,4,1.0,1.0,,1.0,,0,True,DocumentReference/GLP1-043-PCP-001;DocumentReference/GLP1-043-PCP-002;DocumentReference/GLP1-043-PCP-003;DocumentReference/GLP1-043-TEL-002,
GLP1-043,AETNA_WEGOVY_4774C_2026_08_20,program_6_months,hard,FAIL,4,4,4,1.0,1.0,,1.0,,0,True,DocumentReference/GLP1-043-PCP-001;DocumentReference/GLP1-043-PCP-002;DocumentReference/GLP1-043-PCP-003;DocumentReference/GLP1-043-TEL-002,
GLP1-043,AETNA_WEGOVY_4774C_2026_08_20,comorbidity,hard,,0,4,0,,0.0,,,,0,,DocumentReference/GLP1-043-PCP-001;DocumentReference/GLP1-043-PCP-002;DocumentReference/GLP1-043-PCP-003;DocumentReference/GLP1-043-UC-001,
GLP1-043,BCBS_FEP_WEGOVY_2026_07_01,weight_management_program,hard,FAIL,4,5,4,1.0,0.8,,1.0,,1,True,DocumentReference/GLP1-043-GI-001;DocumentReference/GLP1-043-PCP-001;DocumentReference/GLP1-043-PCP-002;DocumentReference/GLP1-043-PCP-003;DocumentReference/GLP1-043-TEL-002,
GLP1-043,BCBS_FEP_WEGOVY_2026_07_01,no_concurrent_glp1,hard,PASS,0,4,0,,0.0,,,,0,,DocumentReference/GLP1-043-MSG-001;DocumentReference/GLP1-043-PCP-002;DocumentReference/GLP1-043-PCP-003;DocumentReference/GLP1-043-PHARM-001,
GLP1-043,BCBS_FEP_WEGOVY_2026_07_01,no_concurrent_pa_weight_loss_med,hard,PASS,0,4,0,,0.0,,,,0,,DocumentReference/GLP1-043-MSG-001;DocumentReference/GLP1-043-PCP-002;DocumentReference/GLP1-043-PCP-003;DocumentReference/GLP1-043-PHARM-001,
GLP1-043,BCBS_FEP_WEGOVY_2026_07_01,comorbidity,hard,,0,4,0,,0.0,,,,0,,DocumentReference/GLP1-043-PCP-001;DocumentReference/GLP1-043-PCP-002;DocumentReference/GLP1-043-PCP-003;DocumentReference/GLP1-043-UC-001,
GLP1-043,UHC_WEGOVY_P1114_22_2026_09_01,lifestyle_adjunct,hard,FAIL,4,4,4,1.0,1.0,,1.0,,0,True,DocumentReference/GLP1-043-PCP-001;DocumentReference/GLP1-043-PCP-002;DocumentReference/GLP1-043-PCP-003;DocumentReference/GLP1-043-TEL-002,
GLP1-043,UHC_WEGOVY_P1114_22_2026_09_01,comorbidity,hard,,0,4,0,,0.0,,,,0,,DocumentReference/GLP1-043-PCP-001;DocumentReference/GLP1-043-PCP-002;DocumentReference/GLP1-043-PCP-003;DocumentReference/GLP1-043-UC-001,
GLP1-044,AETNA_WEGOVY_4774C_2026_08_20,adjunct_diet_and_activity,hard,FAIL,4,4,4,1.0,1.0,1.0,1.0,,0,True,DocumentReference/GLP1-044-NUTR-001;DocumentReference/GLP1-044-PCP-001;DocumentReference/GLP1-044-PCP-002;DocumentReference/GLP1-044-PCP-003,
GLP1-044,AETNA_WEGOVY_4774C_2026_08_20,program_6_months,hard,FAIL,4,4,4,1.0,1.0,1.0,1.0,,0,True,DocumentReference/GLP1-044-NUTR-001;DocumentReference/GLP1-044-PCP-001;DocumentReference/GLP1-044-PCP-002;DocumentReference/GLP1-044-PCP-003,
GLP1-044,AETNA_WEGOVY_4774C_2026_08_20,comorbidity,hard,,4,5,4,1.0,0.8,1.0,,,0,,DocumentReference/GLP1-044-OSR-001;DocumentReference/GLP1-044-PCP-001;DocumentReference/GLP1-044-PCP-002;DocumentReference/GLP1-044-PCP-003;DocumentReference/GLP1-044-UC-001,
GLP1-044,BCBS_FEP_WEGOVY_2026_07_01,weight_management_program,hard,PASS,4,4,4,1.0,1.0,1.0,1.0,,0,,DocumentReference/GLP1-044-NUTR-001;DocumentReference/GLP1-044-PCP-001;DocumentReference/GLP1-044-PCP-002;DocumentReference/GLP1-044-PCP-003,
GLP1-044,BCBS_FEP_WEGOVY_2026_07_01,no_concurrent_glp1,hard,PASS,0,2,0,,0.0,,,,0,,DocumentReference/GLP1-044-PCP-002;DocumentReference/GLP1-044-PCP-003,
GLP1-044,BCBS_FEP_WEGOVY_2026_07_01,no_concurrent_pa_weight_loss_med,hard,PASS,0,2,0,,0.0,,,,0,,DocumentReference/GLP1-044-PCP-002;DocumentReference/GLP1-044-PCP-003,
GLP1-044,BCBS_FEP_WEGOVY_2026_07_01,comorbidity,hard,,4,5,4,1.0,0.8,1.0,,,0,,DocumentReference/GLP1-044-OSR-001;DocumentReference/GLP1-044-PCP-001;DocumentReference/GLP1-044-PCP-002;DocumentReference/GLP1-044-PCP-003;DocumentReference/GLP1-044-UC-001,
GLP1-044,UHC_WEGOVY_P1114_22_2026_09_01,lifestyle_adjunct,hard,FAIL,4,4,4,1.0,1.0,1.0,1.0,,0,True,DocumentReference/GLP1-044-NUTR-001;DocumentReference/GLP1-044-PCP-001;DocumentReference/GLP1-044-PCP-002;DocumentReference/GLP1-044-PCP-003,
GLP1-044,UHC_WEGOVY_P1114_22_2026_09_01,comorbidity,hard,,4,5,4,1.0,0.8,1.0,,,0,,DocumentReference/GLP1-044-OSR-001;DocumentReference/GLP1-044-PCP-001;DocumentReference/GLP1-044-PCP-002;DocumentReference/GLP1-044-PCP-003;DocumentReference/GLP1-044-UC-001,
GLP1-045,AETNA_WEGOVY_4774C_2026_08_20,adjunct_diet_and_activity,hard,PASS,5,6,5,1.0,0.8333333333333334,1.0,,,1,,DocumentReference/GLP1-045-NUTR-001;DocumentReference/GLP1-045-NUTR-002;DocumentReference/GLP1-045-PCP-001;DocumentReference/GLP1-045-PCP-002;DocumentReference/GLP1-045-PCP-003;DocumentReference/GLP1-045-PT-001,
GLP1-045,AETNA_WEGOVY_4774C_2026_08_20,program_6_months,hard,PASS,5,6,5,1.0,0.8333333333333334,1.0,,,1,,DocumentReference/GLP1-045-NUTR-001;DocumentReference/GLP1-045-NUTR-002;DocumentReference/GLP1-045-PCP-001;DocumentReference/GLP1-045-PCP-002;DocumentReference/GLP1-045-PCP-003;DocumentReference/GLP1-045-PT-001,
GLP1-045,AETNA_WEGOVY_4774C_2026_08_20,comorbidity,hard,,0,3,0,,0.0,,,,0,,DocumentReference/GLP1-045-PCP-001;DocumentReference/GLP1-045-PCP-002;DocumentReference/GLP1-045-PCP-003,
GLP1-045,BCBS_FEP_WEGOVY_2026_07_01,weight_management_program,hard,PASS,5,5,5,1.0,1.0,1.0,,,0,,DocumentReference/GLP1-045-NUTR-001;DocumentReference/GLP1-045-NUTR-002;DocumentReference/GLP1-045-PCP-001;DocumentReference/GLP1-045-PCP-002;DocumentReference/GLP1-045-PCP-003,
GLP1-045,BCBS_FEP_WEGOVY_2026_07_01,no_concurrent_glp1,hard,CONFLICT,1,4,1,1.0,0.25,1.0,,,0,,DocumentReference/GLP1-045-NUTR-002;DocumentReference/GLP1-045-PCP-003;DocumentReference/GLP1-045-PHARM-001;DocumentReference/GLP1-045-TEL-001,
GLP1-045,BCBS_FEP_WEGOVY_2026_07_01,no_concurrent_pa_weight_loss_med,hard,CONFLICT,1,4,1,1.0,0.25,1.0,,,0,,DocumentReference/GLP1-045-NUTR-002;DocumentReference/GLP1-045-PCP-003;DocumentReference/GLP1-045-PHARM-001;DocumentReference/GLP1-045-TEL-001,
GLP1-045,BCBS_FEP_WEGOVY_2026_07_01,comorbidity,hard,,0,3,0,,0.0,,,,0,,DocumentReference/GLP1-045-PCP-001;DocumentReference/GLP1-045-PCP-002;DocumentReference/GLP1-045-PCP-003,
GLP1-045,UHC_WEGOVY_P1114_22_2026_09_01,lifestyle_adjunct,hard,PASS,5,6,5,1.0,0.8333333333333334,1.0,,,1,,DocumentReference/GLP1-045-NUTR-001;DocumentReference/GLP1-045-NUTR-002;DocumentReference/GLP1-045-PCP-001;DocumentReference/GLP1-045-PCP-002;DocumentReference/GLP1-045-PCP-003;DocumentReference/GLP1-045-PT-001,
GLP1-045,UHC_WEGOVY_P1114_22_2026_09_01,comorbidity,hard,,0,3,0,,0.0,,,,0,,DocumentReference/GLP1-045-PCP-001;DocumentReference/GLP1-045-PCP-002;DocumentReference/GLP1-045-PCP-003,
GLP1-046,AETNA_WEGOVY_4774C_2026_08_20,adjunct_diet_and_activity,hard,PASS,5,5,5,1.0,1.0,1.0,,,0,,DocumentReference/GLP1-046-NUTR-001;DocumentReference/GLP1-046-NUTR-002;DocumentReference/GLP1-046-PCP-001;DocumentReference/GLP1-046-PCP-002;DocumentReference/GLP1-046-PCP-003,
GLP1-046,AETNA_WEGOVY_4774C_2026_08_20,program_6_months,hard,PASS,5,5,5,1.0,1.0,1.0,,,0,,DocumentReference/GLP1-046-NUTR-001;DocumentReference/GLP1-046-NUTR-002;DocumentReference/GLP1-046-PCP-001;DocumentReference/GLP1-046-PCP-002;DocumentReference/GLP1-046-PCP-003,
GLP1-046,AETNA_WEGOVY_4774C_2026_08_20,comorbidity,hard,,1,4,1,1.0,0.25,,1.0,,0,,DocumentReference/GLP1-046-PCP-001;DocumentReference/GLP1-046-PCP-002;DocumentReference/GLP1-046-PCP-003;DocumentReference/GLP1-046-PHARM-001,
GLP1-046,BCBS_FEP_WEGOVY_2026_07_01,weight_management_program,hard,PASS,5,5,5,1.0,1.0,1.0,,,0,,DocumentReference/GLP1-046-NUTR-001;DocumentReference/GLP1-046-NUTR-002;DocumentReference/GLP1-046-PCP-001;DocumentReference/GLP1-046-PCP-002;DocumentReference/GLP1-046-PCP-003,
GLP1-046,BCBS_FEP_WEGOVY_2026_07_01,no_concurrent_glp1,hard,PASS,0,3,0,,0.0,,,,0,,DocumentReference/GLP1-046-NUTR-002;DocumentReference/GLP1-046-PCP-003;DocumentReference/GLP1-046-PHARM-001,
GLP1-046,BCBS_FEP_WEGOVY_2026_07_01,no_concurrent_pa_weight_loss_med,hard,PASS,0,3,0,,0.0,,,,0,,DocumentReference/GLP1-046-NUTR-002;DocumentReference/GLP1-046-PCP-003;DocumentReference/GLP1-046-PHARM-001,
GLP1-046,BCBS_FEP_WEGOVY_2026_07_01,comorbidity,hard,,1,4,1,1.0,0.25,,1.0,,0,,DocumentReference/GLP1-046-PCP-001;DocumentReference/GLP1-046-PCP-002;DocumentReference/GLP1-046-PCP-003;DocumentReference/GLP1-046-PHARM-001,
GLP1-046,UHC_WEGOVY_P1114_22_2026_09_01,lifestyle_adjunct,hard,PASS,5,5,5,1.0,1.0,1.0,,,0,,DocumentReference/GLP1-046-NUTR-001;DocumentReference/GLP1-046-NUTR-002;DocumentReference/GLP1-046-PCP-001;DocumentReference/GLP1-046-PCP-002;DocumentReference/GLP1-046-PCP-003,
GLP1-046,UHC_WEGOVY_P1114_22_2026_09_01,comorbidity,hard,,1,4,1,1.0,0.25,,1.0,,0,,DocumentReference/GLP1-046-PCP-001;DocumentReference/GLP1-046-PCP-002;DocumentReference/GLP1-046-PCP-003;DocumentReference/GLP1-046-PHARM-001,
GLP1-047,AETNA_WEGOVY_4774C_2026_08_20,adjunct_diet_and_activity,hard,PASS,5,5,4,0.8,0.8,0.8,,,1,,DocumentReference/GLP1-047-GI-001;DocumentReference/GLP1-047-LAB-003;DocumentReference/GLP1-047-ORTH-002;DocumentReference/GLP1-047-PCP-001;DocumentReference/GLP1-047-UC-002,DocumentReference/GLP1-047-DERM-003
GLP1-047,AETNA_WEGOVY_4774C_2026_08_20,program_6_months,hard,PASS,5,5,3,0.6,0.6,0.6,,,1,,DocumentReference/GLP1-047-DERM-001;DocumentReference/GLP1-047-GI-001;DocumentReference/GLP1-047-ORTH-002;DocumentReference/GLP1-047-PCP-001;DocumentReference/GLP1-047-UC-002,DocumentReference/GLP1-047-DERM-003;DocumentReference/GLP1-047-LAB-003
GLP1-047,AETNA_WEGOVY_4774C_2026_08_20,comorbidity,hard,,0,4,0,,0.0,,,,0,,DocumentReference/GLP1-047-LAB-002;DocumentReference/GLP1-047-LAB-003;DocumentReference/GLP1-047-PCP-001;DocumentReference/GLP1-047-UC-001,
GLP1-047,BCBS_FEP_WEGOVY_2026_07_01,weight_management_program,hard,PASS,5,4,4,0.8,1.0,0.8,,,0,,DocumentReference/GLP1-047-LAB-003;DocumentReference/GLP1-047-ORTH-002;DocumentReference/GLP1-047-PCP-001;DocumentReference/GLP1-047-UC-002,DocumentReference/GLP1-047-DERM-003
GLP1-047,BCBS_FEP_WEGOVY_2026_07_01,no_concurrent_glp1,hard,PASS,0,5,0,,0.0,,,,0,,DocumentReference/GLP1-047-LAB-002;DocumentReference/GLP1-047-LAB-003;DocumentReference/GLP1-047-ORTH-001;DocumentReference/GLP1-047-OSR-001;DocumentReference/GLP1-047-PCP-001,
GLP1-047,BCBS_FEP_WEGOVY_2026_07_01,no_concurrent_pa_weight_loss_med,hard,PASS,0,5,0,,0.0,,,,0,,DocumentReference/GLP1-047-LAB-002;DocumentReference/GLP1-047-LAB-003;DocumentReference/GLP1-047-ORTH-001;DocumentReference/GLP1-047-OSR-001;DocumentReference/GLP1-047-PCP-001,
GLP1-047,BCBS_FEP_WEGOVY_2026_07_01,comorbidity,hard,,0,4,0,,0.0,,,,0,,DocumentReference/GLP1-047-LAB-002;DocumentReference/GLP1-047-LAB-003;DocumentReference/GLP1-047-PCP-001;DocumentReference/GLP1-047-UC-001,
GLP1-047,UHC_WEGOVY_P1114_22_2026_09_01,lifestyle_adjunct,hard,PASS,5,5,3,0.6,0.6,0.6,,,1,,DocumentReference/GLP1-047-DERM-001;DocumentReference/GLP1-047-GI-001;DocumentReference/GLP1-047-ORTH-002;DocumentReference/GLP1-047-PCP-001;DocumentReference/GLP1-047-UC-002,DocumentReference/GLP1-047-DERM-003;DocumentReference/GLP1-047-LAB-003
GLP1-047,UHC_WEGOVY_P1114_22_2026_09_01,comorbidity,hard,,0,4,0,,0.0,,,,0,,DocumentReference/GLP1-047-LAB-002;DocumentReference/GLP1-047-LAB-003;DocumentReference/GLP1-047-PCP-001;DocumentReference/GLP1-047-UC-001,
GLP1-048,AETNA_WEGOVY_4774C_2026_08_20,adjunct_diet_and_activity,hard,PASS,1,4,1,1.0,0.25,1.0,,,3,,DocumentReference/GLP1-048-GI-001;DocumentReference/GLP1-048-ORTH-001;DocumentReference/GLP1-048-PCP-001;DocumentReference/GLP1-048-PT-001,
GLP1-048,AETNA_WEGOVY_4774C_2026_08_20,program_6_months,hard,PASS,1,4,1,1.0,0.25,1.0,,,3,,DocumentReference/GLP1-048-GI-001;DocumentReference/GLP1-048-ORTH-001;DocumentReference/GLP1-048-PCP-001;DocumentReference/GLP1-048-PT-001,
GLP1-048,AETNA_WEGOVY_4774C_2026_08_20,comorbidity,hard,,6,5,3,0.5,0.6,0.5,,,0,,DocumentReference/GLP1-048-LAB-002;DocumentReference/GLP1-048-MSG-002;DocumentReference/GLP1-048-OSR-002;DocumentReference/GLP1-048-PCP-001;DocumentReference/GLP1-048-UC-001,DocumentReference/GLP1-048-OSR-001;DocumentReference/GLP1-048-PHARM-001;DocumentReference/GLP1-048-TEL-001
GLP1-048,BCBS_FEP_WEGOVY_2026_07_01,weight_management_program,hard,PASS,1,4,1,1.0,0.25,1.0,,,3,,DocumentReference/GLP1-048-GI-001;DocumentReference/GLP1-048-ORTH-001;DocumentReference/GLP1-048-PCP-001;DocumentReference/GLP1-048-PT-001,
GLP1-048,BCBS_FEP_WEGOVY_2026_07_01,no_concurrent_glp1,hard,PASS,0,5,0,,0.0,,,,0,,DocumentReference/GLP1-048-IMM-001;DocumentReference/GLP1-048-LAB-003;DocumentReference/GLP1-048-ORTH-001;DocumentReference/GLP1-048-PCP-001;DocumentReference/GLP1-048-PHARM-001,
GLP1-048,BCBS_FEP_WEGOVY_2026_07_01,no_concurrent_pa_weight_loss_med,hard,PASS,0,5,0,,0.0,,,,0,,DocumentReference/GLP1-048-IMM-001;DocumentReference/GLP1-048-LAB-003;DocumentReference/GLP1-048-ORTH-001;DocumentReference/GLP1-048-PCP-001;DocumentReference/GLP1-048-PHARM-001,
GLP1-048,BCBS_FEP_WEGOVY_2026_07_01,comorbidity,hard,,6,5,3,0.5,0.6,0.5,,,0,,DocumentReference/GLP1-048-LAB-002;DocumentReference/GLP1-048-MSG-002;DocumentReference/GLP1-048-OSR-002;DocumentReference/GLP1-048-PCP-001;DocumentReference/GLP1-048-UC-001,DocumentReference/GLP1-048-OSR-001;DocumentReference/GLP1-048-PHARM-001;DocumentReference/GLP1-048-TEL-001
GLP1-048,UHC_WEGOVY_P1114_22_2026_09_01,lifestyle_adjunct,hard,PASS,1,4,1,1.0,0.25,1.0,,,3,,DocumentReference/GLP1-048-GI-001;DocumentReference/GLP1-048-ORTH-001;DocumentReference/GLP1-048-PCP-001;DocumentReference/GLP1-048-PT-001,
GLP1-048,UHC_WEGOVY_P1114_22_2026_09_01,comorbidity,hard,,6,5,3,0.5,0.6,0.5,,,0,,DocumentReference/GLP1-048-LAB-002;DocumentReference/GLP1-048-MSG-002;DocumentReference/GLP1-048-OSR-002;DocumentReference/GLP1-048-PCP-001;DocumentReference/GLP1-048-UC-001,DocumentReference/GLP1-048-OSR-001;DocumentReference/GLP1-048-PHARM-001;DocumentReference/GLP1-048-TEL-001
GLP1-049,AETNA_WEGOVY_4774C_2026_08_20,adjunct_diet_and_activity,hard,PASS,3,4,3,1.0,0.75,1.0,,,1,,DocumentReference/GLP1-049-NUTR-001;DocumentReference/GLP1-049-PCP-001;DocumentReference/GLP1-049-PCP-002;DocumentReference/GLP1-049-PT-001,
GLP1-049,AETNA_WEGOVY_4774C_2026_08_20,program_6_months,hard,CONFLICT,3,4,3,1.0,0.75,1.0,1.0,,1,True,DocumentReference/GLP1-049-NUTR-001;DocumentReference/GLP1-049-PCP-001;DocumentReference/GLP1-049-PCP-002;DocumentReference/GLP1-049-PT-001,
GLP1-049,AETNA_WEGOVY_4774C_2026_08_20,comorbidity,hard,,4,4,4,1.0,1.0,1.0,,,0,,DocumentReference/GLP1-049-LAB-001;DocumentReference/GLP1-049-PCP-001;DocumentReference/GLP1-049-PCP-002;DocumentReference/GLP1-049-PHARM-001,
GLP1-049,BCBS_FEP_WEGOVY_2026_07_01,weight_management_program,hard,PASS,3,4,2,0.6666666666666666,0.5,0.6666666666666666,,,2,,DocumentReference/GLP1-049-GI-001;DocumentReference/GLP1-049-NUTR-001;DocumentReference/GLP1-049-PCP-001;DocumentReference/GLP1-049-PT-001,DocumentReference/GLP1-049-PCP-002
GLP1-049,BCBS_FEP_WEGOVY_2026_07_01,no_concurrent_glp1,hard,PASS,1,4,1,1.0,0.25,1.0,,,0,,DocumentReference/GLP1-049-LAB-001;DocumentReference/GLP1-049-NUTR-001;DocumentReference/GLP1-049-PCP-002;DocumentReference/GLP1-049-PHARM-001,
GLP1-049,BCBS_FEP_WEGOVY_2026_07_01,no_concurrent_pa_weight_loss_med,hard,PASS,1,4,1,1.0,0.25,1.0,,,0,,DocumentReference/GLP1-049-LAB-001;DocumentReference/GLP1-049-NUTR-001;DocumentReference/GLP1-049-PCP-002;DocumentReference/GLP1-049-PHARM-001,
GLP1-049,BCBS_FEP_WEGOVY_2026_07_01,comorbidity,hard,,4,4,4,1.0,1.0,1.0,,,0,,DocumentReference/GLP1-049-LAB-001;DocumentReference/GLP1-049-PCP-001;DocumentReference/GLP1-049-PCP-002;DocumentReference/GLP1-049-PHARM-001,
GLP1-049,UHC_WEGOVY_P1114_22_2026_09_01,lifestyle_adjunct,hard,PASS,3,4,3,1.0,0.75,1.0,,,1,,DocumentReference/GLP1-049-NUTR-001;DocumentReference/GLP1-049-PCP-001;DocumentReference/GLP1-049-PCP-002;DocumentReference/GLP1-049-PT-001,
GLP1-049,UHC_WEGOVY_P1114_22_2026_09_01,comorbidity,hard,,4,4,4,1.0,1.0,1.0,,,0,,DocumentReference/GLP1-049-LAB-001;DocumentReference/GLP1-049-PCP-001;DocumentReference/GLP1-049-PCP-002;DocumentReference/GLP1-049-PHARM-001,
GLP1-050,AETNA_WEGOVY_4774C_2026_08_20,adjunct_diet_and_activity,hard,CONFLICT,2,4,2,1.0,0.5,,,1.0,2,True,DocumentReference/GLP1-050-ORTH-001;DocumentReference/GLP1-050-PCP-001;DocumentReference/GLP1-050-PCP-002;DocumentReference/GLP1-050-PT-001,
GLP1-050,AETNA_WEGOVY_4774C_2026_08_20,program_6_months,hard,INSUFFICIENT,2,4,2,1.0,0.5,,,1.0,2,,DocumentReference/GLP1-050-ORTH-001;DocumentReference/GLP1-050-PCP-001;DocumentReference/GLP1-050-PCP-002;DocumentReference/GLP1-050-PT-001,
GLP1-050,AETNA_WEGOVY_4774C_2026_08_20,comorbidity,hard,,4,3,3,0.75,1.0,0.75,,,0,,DocumentReference/GLP1-050-PCP-001;DocumentReference/GLP1-050-PCP-002;DocumentReference/GLP1-050-PHARM-001,DocumentReference/GLP1-050-TEL-002
GLP1-050,BCBS_FEP_WEGOVY_2026_07_01,weight_management_program,hard,INSUFFICIENT,2,4,2,1.0,0.5,,,1.0,2,,DocumentReference/GLP1-050-ORTH-001;DocumentReference/GLP1-050-PCP-001;DocumentReference/GLP1-050-PCP-002;DocumentReference/GLP1-050-PT-001,
GLP1-050,BCBS_FEP_WEGOVY_2026_07_01,no_concurrent_glp1,hard,INSUFFICIENT,1,3,1,1.0,0.3333333333333333,,,1.0,0,,DocumentReference/GLP1-050-ORTH-001;DocumentReference/GLP1-050-PCP-002;DocumentReference/GLP1-050-PHARM-001,
GLP1-050,BCBS_FEP_WEGOVY_2026_07_01,no_concurrent_pa_weight_loss_med,hard,INSUFFICIENT,1,3,1,1.0,0.3333333333333333,,,1.0,0,,DocumentReference/GLP1-050-ORTH-001;DocumentReference/GLP1-050-PCP-002;DocumentReference/GLP1-050-PHARM-001,
GLP1-050,BCBS_FEP_WEGOVY_2026_07_01,comorbidity,hard,,4,3,3,0.75,1.0,0.75,,,0,,DocumentReference/GLP1-050-PCP-001;DocumentReference/GLP1-050-PCP-002;DocumentReference/GLP1-050-PHARM-001,DocumentReference/GLP1-050-TEL-002
GLP1-050,UHC_WEGOVY_P1114_22_2026_09_01,lifestyle_adjunct,hard,CONFLICT,2,4,2,1.0,0.5,,,1.0,2,True,DocumentReference/GLP1-050-ORTH-001;DocumentReference/GLP1-050-PCP-001;DocumentReference/GLP1-050-PCP-002;DocumentReference/GLP1-050-PT-001,
GLP1-050,UHC_WEGOVY_P1114_22_2026_09_01,comorbidity,hard,,4,3,3,0.75,1.0,0.75,,,0,,DocumentReference/GLP1-050-PCP-001;DocumentReference/GLP1-050-PCP-002;DocumentReference/GLP1-050-PHARM-001,DocumentReference/GLP1-050-TEL-002
